ply
format ascii 1.0
comment VCGLIB generated
element vertex 3236
property float x
property float y
property float z
property uchar red
property uchar green
property uchar blue
property uchar alpha
element face 6484
property list uchar int vertex_indices
property uchar red
property uchar green
property uchar blue
property uchar alpha
end_header
-0.1478519 -0.1212337 0.09588905 255 255 255 255 
-0.1428519 -0.1212337 0.09588905 255 255 255 255 
-0.1478519 -0.1212033 0.09623636 255 255 255 255 
-0.1428519 -0.1212033 0.09623636 255 255 255 255 
-0.1478519 -0.1212337 0.09658365 255 255 255 255 
-0.1428519 -0.1212337 0.09658365 255 255 255 255 
-0.1478519 -0.1213239 0.09692039 255 255 255 255 
-0.1428519 -0.1213239 0.09692039 255 255 255 255 
-0.1478519 -0.1214712 0.09723636 255 255 255 255 
-0.1428519 -0.1214712 0.09723636 255 255 255 255 
-0.1478519 -0.1216712 0.09752193 255 255 255 255 
-0.1428519 -0.1216712 0.09752193 255 255 255 255 
-0.1478519 -0.1219177 0.09776844 255 255 255 255 
-0.1428519 -0.1219177 0.09776844 255 255 255 255 
-0.1478519 -0.1222033 0.09796841 255 255 255 255 
-0.1428519 -0.1222033 0.09796841 255 255 255 255 
-0.1478519 -0.1225192 0.09811574 255 255 255 255 
-0.1428519 -0.1225192 0.09811574 255 255 255 255 
-0.1478519 -0.122856 0.09820597 255 255 255 255 
-0.1428519 -0.122856 0.09820597 255 255 255 255 
-0.1478519 -0.1232033 0.09823635 255 255 255 255 
-0.1428519 -0.1232033 0.09823635 255 255 255 255 
-0.1478519 -0.1235506 0.09820597 255 255 255 255 
-0.1428519 -0.1235506 0.09820597 255 255 255 255 
-0.1478519 -0.1238873 0.09811574 255 255 255 255 
-0.1428519 -0.1238873 0.09811574 166 166 166 255 
-0.1478519 -0.1242033 0.09796841 255 255 255 255 
-0.1428519 -0.1242033 0.09796841 166 166 166 255 
-0.1478519 -0.1244888 0.09776844 255 255 255 255 
-0.1428519 -0.1244888 0.09776844 166 166 166 255 
-0.1478519 -0.1247354 0.09752193 255 255 255 255 
-0.1428519 -0.1247354 0.09752193 166 166 166 255 
-0.1478519 -0.1249353 0.09723636 255 255 255 255 
-0.1428519 -0.1249353 0.09723636 166 166 166 255 
-0.1478519 -0.1250827 0.09692039 255 255 255 255 
-0.1428519 -0.1250827 0.09692039 166 166 166 255 
-0.1478519 -0.1251729 0.09658365 255 255 255 255 
-0.1428519 -0.1251729 0.09658365 166 166 166 255 
-0.1478519 -0.1252033 0.09623636 255 255 255 255 
-0.1428519 -0.1252033 0.09623636 166 166 166 255 
-0.1478519 -0.1251729 0.09588905 255 255 255 255 
-0.1428519 -0.1251729 0.09588905 233 233 233 255 
-0.1478519 -0.1250827 0.09555231 255 255 255 255 
-0.1428519 -0.1250827 0.09555231 246 246 246 255 
-0.1478519 -0.1249353 0.09523635 255 255 255 255 
-0.1428519 -0.1249353 0.09523635 255 255 255 255 
-0.1478519 -0.1247354 0.09495078 255 255 255 255 
-0.1428519 -0.1247354 0.09495078 255 255 255 255 
-0.1478519 -0.1244888 0.09470426 255 255 255 255 
-0.1428519 -0.1244888 0.09470426 255 255 255 255 
-0.1478519 -0.1242033 0.0945043 255 255 255 255 
-0.1428519 -0.1242033 0.0945043 255 255 255 255 
-0.1478519 -0.1238873 0.09435697 255 255 255 255 
-0.1428519 -0.1238873 0.09435697 255 255 255 255 
-0.1478519 -0.1235506 0.09426674 255 255 255 255 
-0.1428519 -0.1235506 0.09426674 255 255 255 255 
-0.1478519 -0.1232033 0.09423635 255 255 255 255 
-0.1428519 -0.1232033 0.09423635 255 255 255 255 
-0.1478519 -0.122856 0.09426674 255 255 255 255 
-0.1428519 -0.122856 0.09426674 255 255 255 255 
-0.1478519 -0.1225192 0.09435697 255 255 255 255 
-0.1428519 -0.1225192 0.09435697 255 255 255 255 
-0.1478519 -0.1222033 0.0945043 255 255 255 255 
-0.1428519 -0.1222033 0.0945043 255 255 255 255 
-0.1478519 -0.1219177 0.09470426 255 255 255 255 
-0.1428519 -0.1219177 0.09470426 255 255 255 255 
-0.1478519 -0.1216712 0.09495078 255 255 255 255 
-0.1428519 -0.1216712 0.09495078 255 255 255 255 
-0.1478519 -0.1214712 0.09523635 255 255 255 255 
-0.1428519 -0.1214712 0.09523635 255 255 255 255 
-0.1478519 -0.1213239 0.09555231 255 255 255 255 
-0.1428519 -0.1213239 0.09555231 255 255 255 255 
-0.1378519 -0.1212337 0.09658365 255 255 255 255 
-0.1378519 -0.1212033 0.09623636 255 255 255 255 
-0.1378519 -0.1212337 0.09588905 255 255 255 255 
-0.1378519 -0.1213239 0.09555231 255 255 255 255 
-0.1378519 -0.1214712 0.09523635 255 255 255 255 
-0.1378519 -0.1216712 0.09495078 255 255 255 255 
-0.1378519 -0.1219177 0.09470426 166 166 166 255 
-0.1378519 -0.1222033 0.0945043 166 166 166 255 
-0.1378519 -0.1225192 0.09435697 255 255 255 255 
-0.1378519 -0.122856 0.09426674 255 255 255 255 
-0.1378519 -0.1232033 0.09423635 255 255 255 255 
-0.1378519 -0.1235506 0.09426674 255 255 255 255 
-0.1378519 -0.1238873 0.09435697 255 255 255 255 
-0.1378519 -0.1242033 0.0945043 255 255 255 255 
-0.1378519 -0.1244888 0.09470426 255 255 255 255 
-0.1378519 -0.1247354 0.09495078 255 255 255 255 
-0.1378519 -0.1249353 0.09523635 255 255 255 255 
-0.1378519 -0.1250827 0.09555231 166 166 166 255 
-0.1378519 -0.1251729 0.09588905 166 166 166 255 
-0.1378519 -0.1252033 0.09623636 166 166 166 255 
-0.1378519 -0.1251729 0.09658365 166 166 166 255 
-0.1378519 -0.1250827 0.09692039 166 166 166 255 
-0.1378519 -0.1249353 0.09723636 166 166 166 255 
-0.1378519 -0.1247354 0.09752193 166 166 166 255 
-0.1378519 -0.1244888 0.09776844 166 166 166 255 
-0.1378519 -0.1242033 0.09796841 166 166 166 255 
-0.1378519 -0.1238873 0.09811574 166 166 166 255 
-0.1378519 -0.1235506 0.09820597 166 166 166 255 
-0.1378519 -0.1232033 0.09823635 166 166 166 255 
-0.1378519 -0.122856 0.09820597 255 255 255 255 
-0.1378519 -0.1225192 0.09811574 255 255 255 255 
-0.1378519 -0.1222033 0.09796841 255 255 255 255 
-0.1378519 -0.1219177 0.09776844 255 255 255 255 
-0.1378519 -0.1216712 0.09752193 255 255 255 255 
-0.1378519 -0.1214712 0.09723636 255 255 255 255 
-0.1378519 -0.1213239 0.09692039 255 255 255 255 
-0.1478519 -0.1202488 0.0967573 255 255 255 255 
-0.1378519 -0.1202488 0.0967573 255 255 255 255 
-0.1478519 -0.1202033 0.09623636 255 255 255 255 
-0.1378519 -0.1202033 0.09623636 255 255 255 255 
-0.1478519 -0.1202488 0.09571541 255 255 255 255 
-0.1378519 -0.1202488 0.09571541 255 255 255 255 
-0.1478519 -0.1203842 0.09521029 255 255 255 255 
-0.1378519 -0.1203842 0.09521029 255 255 255 255 
-0.1478519 -0.1206052 0.09473635 255 255 255 255 
-0.1378519 -0.1206052 0.09473635 255 255 255 255 
-0.1478519 -0.1209051 0.09430799 255 255 255 255 
-0.1378519 -0.1209051 0.09430799 255 255 255 255 
-0.1478519 -0.1212749 0.09393822 255 255 255 255 
-0.1378519 -0.1212749 0.09393822 255 255 255 255 
-0.1478519 -0.1217033 0.09363828 255 255 255 255 
-0.1378519 -0.1217033 0.09363828 255 255 255 255 
-0.1478519 -0.1221772 0.09341728 255 255 255 255 
-0.1378519 -0.1221772 0.09341728 255 255 255 255 
-0.1478519 -0.1226823 0.09328193 255 255 255 255 
-0.1378519 -0.1226823 0.09328193 255 255 255 255 
-0.1478519 -0.1232033 0.09323636 255 255 255 255 
-0.1378519 -0.1232033 0.09323636 255 255 255 255 
-0.1478519 -0.1237242 0.09328193 255 255 255 255 
-0.1378519 -0.1237242 0.09328193 255 255 255 255 
-0.1478519 -0.1242293 0.09341728 255 255 255 255 
-0.1378519 -0.1242293 0.09341728 255 255 255 255 
-0.1478519 -0.1247033 0.09363828 255 255 255 255 
-0.1378519 -0.1247033 0.09363828 255 255 255 255 
-0.1478519 -0.1251316 0.09393822 255 255 255 255 
-0.1378519 -0.1251316 0.09393822 255 255 255 255 
-0.1478519 -0.1255014 0.09430799 255 255 255 255 
-0.1378519 -0.1255014 0.09430799 255 255 255 255 
-0.1478519 -0.1258014 0.09473635 255 255 255 255 
-0.1378519 -0.1258014 0.09473635 255 255 255 255 
-0.1478519 -0.1260224 0.09521029 255 255 255 255 
-0.1378519 -0.1260224 0.09521029 255 255 255 255 
-0.1478519 -0.1261577 0.09571541 255 255 255 255 
-0.1378519 -0.1261577 0.09571541 255 255 255 255 
-0.1478519 -0.1262033 0.09623636 255 255 255 255 
-0.1378519 -0.1262033 0.09623636 255 255 255 255 
-0.1478519 -0.1261577 0.0967573 255 255 255 255 
-0.1378519 -0.1261577 0.0967573 255 255 255 255 
-0.1478519 -0.1260224 0.09726241 255 255 255 255 
-0.1378519 -0.1260224 0.09726241 255 255 255 255 
-0.1478519 -0.1258014 0.09773635 255 255 255 255 
-0.1378519 -0.1258014 0.09773635 255 255 255 255 
-0.1478519 -0.1255014 0.09816471 255 255 255 255 
-0.1378519 -0.1255014 0.09816471 255 255 255 255 
-0.1478519 -0.1251316 0.09853449 255 255 255 255 
-0.1378519 -0.1251316 0.09853449 255 255 255 255 
-0.1478519 -0.1247033 0.09883443 255 255 255 255 
-0.1378519 -0.1247033 0.09883443 255 255 255 255 
-0.1478519 -0.1242293 0.09905543 255 255 255 255 
-0.1378519 -0.1242293 0.09905543 255 255 255 255 
-0.1478519 -0.1237242 0.09919078 255 255 255 255 
-0.1378519 -0.1237242 0.09919078 255 255 255 255 
-0.1478519 -0.1232033 0.09923635 255 255 255 255 
-0.1378519 -0.1232033 0.09923635 255 255 255 255 
-0.1478519 -0.1226823 0.09919078 255 255 255 255 
-0.1378519 -0.1226823 0.09919078 255 255 255 255 
-0.1478519 -0.1221772 0.09905543 255 255 255 255 
-0.1378519 -0.1221772 0.09905543 255 255 255 255 
-0.1478519 -0.1217033 0.09883443 255 255 255 255 
-0.1378519 -0.1217033 0.09883443 255 255 255 255 
-0.1478519 -0.1212749 0.09853449 255 255 255 255 
-0.1378519 -0.1212749 0.09853449 255 255 255 255 
-0.1478519 -0.1209051 0.09816471 255 255 255 255 
-0.1378519 -0.1209051 0.09816471 255 255 255 255 
-0.1478519 -0.1206052 0.09773635 255 255 255 255 
-0.1378519 -0.1206052 0.09773635 255 255 255 255 
-0.1478519 -0.1203842 0.09726241 255 255 255 255 
-0.1378519 -0.1203842 0.09726241 255 255 255 255 
-0.1378519 -0.1576715 0.07331404 255 255 255 255 
-0.1378519 -0.1387632 0.06998 166 166 166 255 
-0.1378519 -0.1582033 0.06723636 255 255 255 255 
-0.1378519 -0.1390033 0.06723636 166 166 166 255 
-0.1378519 -0.1576715 0.06115867 255 255 255 255 
-0.1378519 -0.1387632 0.06449271 166 166 166 255 
-0.1378519 -0.1380504 0.06183244 166 166 166 255 
-0.1378519 -0.1380504 0.07264027 166 166 166 255 
-0.1378519 -0.1560925 0.07920706 255 255 255 255 
-0.1378519 -0.1368865 0.07513636 166 166 166 255 
-0.1378519 -0.1535142 0.08473635 255 255 255 255 
-0.1378519 -0.1353068 0.0773924 166 166 166 255 
-0.1378519 -0.1500148 0.08973392 248 248 248 255 
-0.1378519 -0.1333593 0.07933985 202 202 202 255 
-0.1378519 -0.1457008 0.09404791 255 255 255 255 
-0.1378519 -0.1311033 0.08091956 234 234 234 255 
-0.1378519 -0.1407033 0.09754724 255 255 255 255 
-0.1378519 -0.135174 0.1001256 255 255 255 255 
-0.1378519 -0.129281 0.1017046 255 255 255 255 
-0.1378519 -0.1232033 0.1022364 255 255 255 255 
-0.1378519 -0.1171256 0.1017046 255 255 255 255 
-0.1378519 -0.1112326 0.1001256 255 255 255 255 
-0.1378519 -0.1057033 0.09754724 255 255 255 255 
-0.1378519 -0.1177993 0.08208349 171 171 171 255 
-0.1378519 -0.1153033 0.08091956 166 166 166 255 
-0.1378519 -0.1007057 0.09404791 255 255 255 255 
-0.1378519 -0.1130472 0.07933985 166 166 166 255 
-0.1378519 -0.09639172 0.08973392 255 255 255 255 
-0.1378519 -0.1110998 0.0773924 166 166 166 255 
-0.1378519 -0.09289238 0.08473635 255 255 255 255 
-0.1378519 -0.1095201 0.07513636 166 166 166 255 
-0.1378519 -0.09031403 0.07920706 255 255 255 255 
-0.1378519 -0.1083561 0.07264027 166 166 166 255 
-0.1378519 -0.088735 0.07331404 255 255 255 255 
-0.1378519 -0.1076433 0.06998 166 166 166 255 
-0.1378519 -0.08820327 0.06723636 255 255 255 255 
-0.1378519 -0.1074033 0.06723636 166 166 166 255 
-0.1378519 -0.1076433 0.06449271 166 166 166 255 
-0.1378519 -0.088735 0.06115867 255 255 255 255 
-0.1378519 -0.1083561 0.06183244 166 166 166 255 
-0.1378519 -0.09031403 0.05526565 255 255 255 255 
-0.1378519 -0.1095201 0.05933635 166 166 166 255 
-0.1378519 -0.09289238 0.04973635 255 255 255 255 
-0.1378519 -0.1110998 0.05708031 166 166 166 255 
-0.1378519 -0.09639172 0.04473879 255 255 255 255 
-0.1378519 -0.1130472 0.05513285 166 166 166 255 
-0.1378519 -0.1007057 0.0404248 255 255 255 255 
-0.1378519 -0.1153033 0.05355315 166 166 166 255 
-0.1378519 -0.1057033 0.03692546 255 255 255 255 
-0.1378519 -0.1177993 0.05238921 166 166 166 255 
-0.1378519 -0.1112326 0.03434711 255 255 255 255 
-0.1378519 -0.1204596 0.05167639 166 166 166 255 
-0.1378519 -0.1171256 0.03276808 255 255 255 255 
-0.1378519 -0.1232033 0.05143635 166 166 166 255 
-0.1378519 -0.1232033 0.03223635 255 255 255 255 
-0.1378519 -0.129281 0.03276808 255 255 255 255 
-0.1378519 -0.1259469 0.05167639 166 166 166 255 
-0.1378519 -0.135174 0.03434711 255 255 255 255 
-0.1378519 -0.1286072 0.05238921 166 166 166 255 
-0.1378519 -0.1407033 0.03692546 255 255 255 255 
-0.1378519 -0.1311033 0.05355315 166 166 166 255 
-0.1378519 -0.1457008 0.0404248 255 255 255 255 
-0.1378519 -0.1333593 0.05513285 166 166 166 255 
-0.1378519 -0.1500148 0.04473879 255 255 255 255 
-0.1378519 -0.1353068 0.05708031 166 166 166 255 
-0.1378519 -0.1535142 0.04973635 225 225 225 255 
-0.1378519 -0.1368865 0.05933635 166 166 166 255 
-0.1378519 -0.1560925 0.05526565 254 254 254 255 
-0.1378519 -0.1204596 0.08279631 166 166 166 255 
-0.1378519 -0.1232033 0.08303636 166 166 166 255 
-0.1378519 -0.1259469 0.08279631 166 166 166 255 
-0.1378519 -0.1286072 0.08208349 234 234 234 255 
-0.08915193 -0.1265024 0.06781808 255 255 255 255 
-0.08949923 -0.1265323 0.06782335 255 255 255 255 
-0.08915193 -0.1265533 0.06723636 255 255 255 255 
-0.08949923 -0.1265837 0.06723636 255 255 255 255 
-0.08915193 -0.1265024 0.06665463 255 255 255 255 
-0.08949923 -0.1265323 0.06664935 255 255 255 255 
-0.08915193 -0.1263512 0.06609058 255 255 255 255 
-0.08949923 -0.1263798 0.0660802 255 255 255 255 
-0.08915193 -0.1261045 0.06556135 255 255 255 255 
-0.08949923 -0.1261308 0.06554616 255 255 255 255 
-0.08915193 -0.1257695 0.06508301 255 255 255 255 
-0.08949923 -0.1257928 0.06506348 255 255 255 255 
-0.08915193 -0.1253566 0.06467011 255 255 255 255 
-0.08949923 -0.1253761 0.06464683 255 255 255 255 
-0.08915193 -0.1248783 0.06433517 255 255 255 255 
-0.08949923 -0.1248935 0.06430885 255 255 255 255 
-0.08915193 -0.124349 0.06408838 255 255 255 255 
-0.08949923 -0.1243594 0.06405983 255 255 255 255 
-0.08915193 -0.123785 0.06393725 255 255 255 255 
-0.08949923 -0.1237903 0.06390733 255 255 255 255 
-0.08915193 -0.1232033 0.06388635 255 255 255 255 
-0.08949923 -0.1232033 0.06385597 255 255 255 255 
-0.08915193 -0.1226216 0.06393725 255 255 255 255 
-0.08949923 -0.1226163 0.06390733 255 255 255 255 
-0.08915193 -0.1220575 0.06408838 255 255 255 255 
-0.08949923 -0.1220471 0.06405983 255 255 255 255 
-0.08915193 -0.1215283 0.06433517 255 255 255 255 
-0.08949923 -0.1215131 0.06430885 255 255 255 255 
-0.08915193 -0.1210499 0.06467011 255 255 255 255 
-0.08949923 -0.1210304 0.06464683 255 255 255 255 
-0.08915193 -0.120637 0.06508301 255 255 255 255 
-0.08949923 -0.1206137 0.06506348 255 255 255 255 
-0.08915193 -0.1203021 0.06556135 255 255 255 255 
-0.08949923 -0.1202758 0.06554616 255 255 255 255 
-0.08915193 -0.1200553 0.06609058 255 255 255 255 
-0.08949923 -0.1200268 0.0660802 255 255 255 255 
-0.08915193 -0.1199042 0.06665463 255 255 255 255 
-0.08949923 -0.1198742 0.06664935 255 255 255 255 
-0.08915193 -0.1198533 0.06723636 255 255 255 255 
-0.08949923 -0.1198229 0.06723636 255 255 255 255 
-0.08915193 -0.1199042 0.06781808 255 255 255 255 
-0.08949923 -0.1198742 0.06782335 255 255 255 255 
-0.08915193 -0.1200553 0.06838212 255 255 255 255 
-0.08949923 -0.1200268 0.06839252 255 255 255 255 
-0.08915193 -0.1203021 0.06891135 255 255 255 255 
-0.08949923 -0.1202758 0.06892654 255 255 255 255 
-0.08915193 -0.120637 0.06938969 255 255 255 255 
-0.08949923 -0.1206137 0.06940922 255 255 255 255 
-0.08915193 -0.1210499 0.0698026 255 255 255 255 
-0.08949923 -0.1210304 0.06982588 255 255 255 255 
-0.08915193 -0.1215283 0.07013754 255 255 255 255 
-0.08949923 -0.1215131 0.07016385 255 255 255 255 
-0.08915193 -0.1220575 0.07038432 255 255 255 255 
-0.08949923 -0.1220471 0.07041287 255 255 255 255 
-0.08915193 -0.1226216 0.07053546 255 255 255 255 
-0.08949923 -0.1226163 0.07056538 255 255 255 255 
-0.08915193 -0.1232033 0.07058635 255 255 255 255 
-0.08949923 -0.1232033 0.07061674 255 255 255 255 
-0.08915193 -0.123785 0.07053546 255 255 255 255 
-0.08949923 -0.1237903 0.07056538 255 255 255 255 
-0.08915193 -0.124349 0.07038432 255 255 255 255 
-0.08949923 -0.1243594 0.07041287 255 255 255 255 
-0.08915193 -0.1248783 0.07013754 255 255 255 255 
-0.08949923 -0.1248935 0.07016385 255 255 255 255 
-0.08915193 -0.1253566 0.0698026 255 255 255 255 
-0.08949923 -0.1253761 0.06982588 255 255 255 255 
-0.08915193 -0.1257695 0.06938969 255 255 255 255 
-0.08949923 -0.1257928 0.06940922 255 255 255 255 
-0.08915193 -0.1261045 0.06891135 255 255 255 255 
-0.08949923 -0.1261308 0.06892654 255 255 255 255 
-0.08915193 -0.1263512 0.06838212 255 255 255 255 
-0.08949923 -0.1263798 0.06839252 255 255 255 255 
-0.09115193 -0.128472 0.06630734 255 255 255 255 
-0.09112155 -0.12813 0.06636764 255 255 255 255 
-0.09115193 -0.1285533 0.06723636 255 255 255 255 
-0.09112155 -0.128206 0.06723636 255 255 255 255 
-0.09115193 -0.128472 0.06816537 255 255 255 255 
-0.09112155 -0.12813 0.06810506 255 255 255 255 
-0.09115193 -0.1282306 0.06906616 255 255 255 255 
-0.09112155 -0.1279043 0.06894738 255 255 255 255 
-0.09115193 -0.1278365 0.06991135 255 255 255 255 
-0.09112155 -0.1275357 0.0697377 255 255 255 255 
-0.09115193 -0.1273016 0.07067527 255 255 255 255 
-0.09112155 -0.1270356 0.07045203 255 255 255 255 
-0.09115193 -0.1266422 0.07133469 255 255 255 255 
-0.09112155 -0.1264189 0.07106864 255 255 255 255 
-0.09115193 -0.1258783 0.07186959 255 255 255 255 
-0.09112155 -0.1257046 0.07156882 255 255 255 255 
-0.09115193 -0.1250331 0.07226371 255 255 255 255 
-0.09112155 -0.1249143 0.07193736 255 255 255 255 
-0.09115193 -0.1241323 0.07250507 255 255 255 255 
-0.09112155 -0.124072 0.07216305 255 255 255 255 
-0.09115193 -0.1232033 0.07258635 255 255 255 255 
-0.09112155 -0.1232033 0.07223906 255 255 255 255 
-0.09115193 -0.1222742 0.07250507 255 255 255 255 
-0.09112155 -0.1223346 0.07216305 255 255 255 255 
-0.09115193 -0.1213735 0.07226371 255 255 255 255 
-0.09112155 -0.1214922 0.07193736 255 255 255 255 
-0.09115193 -0.1205283 0.07186959 255 255 255 255 
-0.09112155 -0.1207019 0.07156882 255 255 255 255 
-0.09115193 -0.1197644 0.07133469 255 255 255 255 
-0.09112155 -0.1199876 0.07106864 255 255 255 255 
-0.09115193 -0.1191049 0.07067527 255 255 255 255 
-0.09112155 -0.119371 0.07045203 255 255 255 255 
-0.09115193 -0.11857 0.06991135 255 255 255 255 
-0.09112155 -0.1188708 0.0697377 255 255 255 255 
-0.09115193 -0.1181759 0.06906616 255 255 255 255 
-0.09112155 -0.1185023 0.06894738 255 255 255 255 
-0.09115193 -0.1179345 0.06816537 255 255 255 255 
-0.09112155 -0.1182766 0.06810506 255 255 255 255 
-0.09115193 -0.1178533 0.06723636 255 255 255 255 
-0.09112155 -0.1182006 0.06723636 255 255 255 255 
-0.09115193 -0.1179345 0.06630734 255 255 255 255 
-0.09112155 -0.1182766 0.06636764 255 255 255 255 
-0.09115193 -0.1181759 0.06540655 255 255 255 255 
-0.09112155 -0.1185023 0.06552533 255 255 255 255 
-0.09115193 -0.11857 0.06456135 255 255 255 255 
-0.09112155 -0.1188708 0.064735 255 255 255 255 
-0.09115193 -0.1191049 0.06379744 255 255 255 255 
-0.09112155 -0.119371 0.06402068 255 255 255 255 
-0.09115193 -0.1197644 0.06313802 255 255 255 255 
-0.09112155 -0.1199876 0.06340406 255 255 255 255 
-0.09115193 -0.1205283 0.06260312 255 255 255 255 
-0.09112155 -0.1207019 0.06290389 255 255 255 255 
-0.09115193 -0.1213735 0.062209 255 255 255 255 
-0.09112155 -0.1214922 0.06253535 255 255 255 255 
-0.09115193 -0.1222742 0.06196763 255 255 255 255 
-0.09112155 -0.1223346 0.06230965 255 255 255 255 
-0.09115193 -0.1232033 0.06188636 255 255 255 255 
-0.09112155 -0.1232033 0.06223365 255 255 255 255 
-0.09115193 -0.1241323 0.06196763 255 255 255 255 
-0.09112155 -0.124072 0.06230965 255 255 255 255 
-0.09115193 -0.1250331 0.062209 255 255 255 255 
-0.09112155 -0.1249143 0.06253535 255 255 255 255 
-0.09115193 -0.1258783 0.06260312 255 255 255 255 
-0.09112155 -0.1257046 0.06290389 255 255 255 255 
-0.09115193 -0.1266422 0.06313802 255 255 255 255 
-0.09112155 -0.1264189 0.06340406 255 255 255 255 
-0.09115193 -0.1273016 0.06379744 255 255 255 255 
-0.09112155 -0.1270356 0.06402068 255 255 255 255 
-0.09115193 -0.1278365 0.06456135 255 255 255 255 
-0.09112155 -0.1275357 0.064735 255 255 255 255 
-0.09115193 -0.1282306 0.06540655 255 255 255 255 
-0.09112155 -0.1279043 0.06552533 255 255 255 255 
-0.08983597 -0.1232033 0.06376574 255 255 255 255 
-0.08983597 -0.1226006 0.06381846 255 255 255 255 
-0.08983597 -0.1220163 0.06397504 255 255 255 255 
-0.08983597 -0.121468 0.06423071 255 255 255 255 
-0.08983597 -0.1209724 0.06457771 255 255 255 255 
-0.08983597 -0.1205446 0.06500549 255 255 255 255 
-0.08983597 -0.1201976 0.06550105 255 255 255 255 
-0.08983597 -0.119942 0.06604933 255 255 255 255 
-0.08983597 -0.1197854 0.06663369 255 255 255 255 
-0.08983597 -0.1197327 0.06723636 255 255 255 255 
-0.08983597 -0.1197854 0.06783902 255 255 255 255 
-0.08983597 -0.119942 0.06842338 255 255 255 255 
-0.08983597 -0.1201976 0.06897166 255 255 255 255 
-0.08983597 -0.1205446 0.06946722 255 255 255 255 
-0.08983597 -0.1209724 0.069895 255 255 255 255 
-0.08983597 -0.121468 0.070242 255 255 255 255 
-0.08983597 -0.1220163 0.07049766 255 255 255 255 
-0.08983597 -0.1226006 0.07065424 255 255 255 255 
-0.08983597 -0.1232033 0.07070697 255 255 255 255 
-0.08983597 -0.1238059 0.07065424 255 255 255 255 
-0.08983597 -0.1243903 0.07049766 255 255 255 255 
-0.08983597 -0.1249386 0.070242 255 255 255 255 
-0.08983597 -0.1254341 0.069895 255 255 255 255 
-0.08983597 -0.1258619 0.06946722 255 255 255 255 
-0.08983597 -0.1262089 0.06897166 255 255 255 255 
-0.08983597 -0.1264646 0.06842338 255 255 255 255 
-0.08983597 -0.1266212 0.06783902 255 255 255 255 
-0.08983597 -0.1266739 0.06723636 255 255 255 255 
-0.08983597 -0.1266212 0.06663369 255 255 255 255 
-0.08983597 -0.1264646 0.06604933 255 255 255 255 
-0.08983597 -0.1262089 0.06550105 255 255 255 255 
-0.08983597 -0.1258619 0.06500549 255 255 255 255 
-0.08983597 -0.1254341 0.06457771 255 255 255 255 
-0.08983597 -0.1249386 0.06423071 255 255 255 255 
-0.08983597 -0.1243903 0.06397504 255 255 255 255 
-0.08983597 -0.1238059 0.06381846 255 255 255 255 
-0.09015193 -0.1232033 0.06361841 255 255 255 255 
-0.09015193 -0.122575 0.06367337 255 255 255 255 
-0.09015193 -0.1219659 0.0638366 255 255 255 255 
-0.09015193 -0.1213943 0.06410312 255 255 255 255 
-0.09015193 -0.1208777 0.06446484 255 255 255 255 
-0.09015193 -0.1204318 0.06491078 255 255 255 255 
-0.09015193 -0.12007 0.06542738 255 255 255 255 
-0.09015193 -0.1198035 0.06599894 255 255 255 255 
-0.09015193 -0.1196403 0.0666081 255 255 255 255 
-0.09015193 -0.1195853 0.06723636 255 255 255 255 
-0.09015193 -0.1196403 0.0678646 255 255 255 255 
-0.09015193 -0.1198035 0.06847376 255 255 255 255 
-0.09015193 -0.12007 0.06904533 255 255 255 255 
-0.09015193 -0.1204318 0.06956193 255 255 255 255 
-0.09015193 -0.1208777 0.07000786 255 255 255 255 
-0.09015193 -0.1213943 0.07036959 255 255 255 255 
-0.09015193 -0.1219659 0.07063612 255 255 255 255 
-0.09015193 -0.122575 0.07079934 255 255 255 255 
-0.09015193 -0.1232033 0.07085431 255 255 255 255 
-0.09015193 -0.1238315 0.07079934 255 255 255 255 
-0.09015193 -0.1244407 0.07063612 255 255 255 255 
-0.09015193 -0.1250122 0.07036959 255 255 255 255 
-0.09015193 -0.1255288 0.07000786 255 255 255 255 
-0.09015193 -0.1259748 0.06956193 255 255 255 255 
-0.09015193 -0.1263365 0.06904533 255 255 255 255 
-0.09015193 -0.126603 0.06847376 255 255 255 255 
-0.09015193 -0.1267662 0.0678646 255 255 255 255 
-0.09015193 -0.1268212 0.06723636 255 255 255 255 
-0.09015193 -0.1267662 0.0666081 255 255 255 255 
-0.09015193 -0.126603 0.06599894 255 255 255 255 
-0.09015193 -0.1263365 0.06542738 255 255 255 255 
-0.09015193 -0.1259748 0.06491078 255 255 255 255 
-0.09015193 -0.1255288 0.06446484 255 255 255 255 
-0.09015193 -0.1250122 0.06410312 255 255 255 255 
-0.09015193 -0.1244407 0.0638366 255 255 255 255 
-0.09015193 -0.1238315 0.06367337 255 255 255 255 
-0.09043751 -0.1232033 0.06341844 255 255 255 255 
-0.09043751 -0.1225403 0.06347644 255 255 255 255 
-0.09043751 -0.1218975 0.06364869 255 255 255 255 
-0.09043751 -0.1212943 0.06392995 255 255 255 255 
-0.09043751 -0.1207492 0.06431166 255 255 255 255 
-0.09043751 -0.1202786 0.06478225 255 255 255 255 
-0.09043751 -0.1198969 0.0653274 255 255 255 255 
-0.09043751 -0.1196156 0.06593055 255 255 255 255 
-0.09043751 -0.1194434 0.06657338 255 255 255 255 
-0.09043751 -0.1193854 0.06723636 255 255 255 255 
-0.09043751 -0.1194434 0.06789932 255 255 255 255 
-0.09043751 -0.1196156 0.06854215 255 255 255 255 
-0.09043751 -0.1198969 0.06914531 255 255 255 255 
-0.09043751 -0.1202786 0.06969046 255 255 255 255 
-0.09043751 -0.1207492 0.07016104 255 255 255 255 
-0.09043751 -0.1212943 0.07054276 255 255 255 255 
-0.09043751 -0.1218975 0.07082402 255 255 255 255 
-0.09043751 -0.1225403 0.07099626 255 255 255 255 
-0.09043751 -0.1232033 0.07105426 255 255 255 255 
-0.09043751 -0.1238662 0.07099626 255 255 255 255 
-0.09043751 -0.1245091 0.07082402 255 255 255 255 
-0.09043751 -0.1251122 0.07054276 255 255 255 255 
-0.09043751 -0.1256574 0.07016104 255 255 255 255 
-0.09043751 -0.126128 0.06969046 255 255 255 255 
-0.09043751 -0.1265097 0.06914531 255 255 255 255 
-0.09043751 -0.1267909 0.06854215 255 255 255 255 
-0.09043751 -0.1269632 0.06789932 255 255 255 255 
-0.09043751 -0.1270212 0.06723636 255 255 255 255 
-0.09043751 -0.1269632 0.06657338 255 255 255 255 
-0.09043751 -0.1267909 0.06593055 255 255 255 255 
-0.09043751 -0.1265097 0.0653274 255 255 255 255 
-0.09043751 -0.126128 0.06478225 255 255 255 255 
-0.09043751 -0.1256574 0.06431166 255 255 255 255 
-0.09043751 -0.1251122 0.06392995 255 255 255 255 
-0.09043751 -0.1245091 0.06364869 255 255 255 255 
-0.09043751 -0.1238662 0.06347644 255 255 255 255 
-0.09068402 -0.1232033 0.06317193 255 255 255 255 
-0.09068402 -0.1224975 0.06323367 255 255 255 255 
-0.09068402 -0.1218132 0.06341705 255 255 255 255 
-0.09068402 -0.1211711 0.06371646 255 255 255 255 
-0.09068402 -0.1205907 0.06412283 255 255 255 255 
-0.09068402 -0.1200897 0.0646238 255 255 255 255 
-0.09068402 -0.1196834 0.06520414 255 255 255 255 
-0.09068402 -0.119384 0.06584624 255 255 255 255 
-0.09068402 -0.1192006 0.06653057 255 255 255 255 
-0.09068402 -0.1191388 0.06723636 255 255 255 255 
-0.09068402 -0.1192006 0.06794214 255 255 255 255 
-0.09068402 -0.119384 0.06862647 255 255 255 255 
-0.09068402 -0.1196834 0.06926857 255 255 255 255 
-0.09068402 -0.1200897 0.06984892 255 255 255 255 
-0.09068402 -0.1205907 0.07034989 255 255 255 255 
-0.09068402 -0.1211711 0.07075625 255 255 255 255 
-0.09068402 -0.1218132 0.07105567 255 255 255 255 
-0.09068402 -0.1224975 0.07123903 255 255 255 255 
-0.09068402 -0.1232033 0.07130077 255 255 255 255 
-0.09068402 -0.123909 0.07123903 255 255 255 255 
-0.09068402 -0.1245934 0.07105567 255 255 255 255 
-0.09068402 -0.1252355 0.07075625 255 255 255 255 
-0.09068402 -0.1258158 0.07034989 255 255 255 255 
-0.09068402 -0.1263168 0.06984892 255 255 255 255 
-0.09068402 -0.1267232 0.06926857 255 255 255 255 
-0.09068402 -0.1270226 0.06862647 255 255 255 255 
-0.09068402 -0.127206 0.06794214 255 255 255 255 
-0.09068402 -0.1272677 0.06723636 255 255 255 255 
-0.09068402 -0.127206 0.06653057 255 255 255 255 
-0.09068402 -0.1270226 0.06584624 255 255 255 255 
-0.09068402 -0.1267232 0.06520414 255 255 255 255 
-0.09068402 -0.1263168 0.0646238 255 255 255 255 
-0.09068402 -0.1258158 0.06412283 255 255 255 255 
-0.09068402 -0.1252355 0.06371646 255 255 255 255 
-0.09068402 -0.1245934 0.06341705 255 255 255 255 
-0.09068402 -0.123909 0.06323367 255 255 255 255 
-0.09088398 -0.1232033 0.06288636 255 255 255 255 
-0.09088398 -0.1224479 0.06295244 255 255 255 255 
-0.09088398 -0.1217155 0.06314869 255 255 255 255 
-0.09088398 -0.1210283 0.06346914 255 255 255 255 
-0.09088398 -0.1204071 0.06390406 255 255 255 255 
-0.09088398 -0.119871 0.06444023 255 255 255 255 
-0.09088398 -0.1194361 0.06506135 255 255 255 255 
-0.09088398 -0.1191156 0.06574856 255 255 255 255 
-0.09088398 -0.1189194 0.06648099 255 255 255 255 
-0.09088398 -0.1188533 0.06723636 255 255 255 255 
-0.09088398 -0.1189194 0.06799173 255 255 255 255 
-0.09088398 -0.1191156 0.06872414 255 255 255 255 
-0.09088398 -0.1194361 0.06941135 255 255 255 255 
-0.09088398 -0.119871 0.07003248 255 255 255 255 
-0.09088398 -0.1204071 0.07056864 255 255 255 255 
-0.09088398 -0.1210283 0.07100356 255 255 255 255 
-0.09088398 -0.1217155 0.07132401 255 255 255 255 
-0.09088398 -0.1224479 0.07152027 255 255 255 255 
-0.09088398 -0.1232033 0.07158636 255 255 255 255 
-0.09088398 -0.1239586 0.07152027 255 255 255 255 
-0.09088398 -0.1246911 0.07132401 255 255 255 255 
-0.09088398 -0.1253783 0.07100356 255 255 255 255 
-0.09088398 -0.1259994 0.07056864 255 255 255 255 
-0.09088398 -0.1265356 0.07003248 255 255 255 255 
-0.09088398 -0.1269705 0.06941135 255 255 255 255 
-0.09088398 -0.1272909 0.06872414 255 255 255 255 
-0.09088398 -0.1274872 0.06799173 255 255 255 255 
-0.09088398 -0.1275533 0.06723636 255 255 255 255 
-0.09088398 -0.1274872 0.06648099 255 255 255 255 
-0.09088398 -0.1272909 0.06574856 255 255 255 255 
-0.09088398 -0.1269705 0.06506135 255 255 255 255 
-0.09088398 -0.1265356 0.06444023 255 255 255 255 
-0.09088398 -0.1259994 0.06390406 255 255 255 255 
-0.09088398 -0.1253783 0.06346914 255 255 255 255 
-0.09088398 -0.1246911 0.06314869 255 255 255 255 
-0.09088398 -0.1239586 0.06295244 255 255 255 255 
-0.09103131 -0.1232033 0.06257039 255 255 255 255 
-0.09103131 -0.122393 0.06264128 255 255 255 255 
-0.09103131 -0.1216074 0.06285179 255 255 255 255 
-0.09103131 -0.1208703 0.06319551 255 255 255 255 
-0.09103131 -0.120204 0.06366202 255 255 255 255 
-0.09103131 -0.1196289 0.06423713 255 255 255 255 
-0.09103131 -0.1191624 0.06490337 255 255 255 255 
-0.09103131 -0.1188187 0.0656405 255 255 255 255 
-0.09103131 -0.1186082 0.06642612 255 255 255 255 
-0.09103131 -0.1185373 0.06723636 255 255 255 255 
-0.09103131 -0.1186082 0.06804659 255 255 255 255 
-0.09103131 -0.1188187 0.0688322 255 255 255 255 
-0.09103131 -0.1191624 0.06956933 255 255 255 255 
-0.09103131 -0.1196289 0.07023557 255 255 255 255 
-0.09103131 -0.120204 0.07081068 255 255 255 255 
-0.09103131 -0.1208703 0.07127719 255 255 255 255 
-0.09103131 -0.1216074 0.07162092 255 255 255 255 
-0.09103131 -0.122393 0.07183143 255 255 255 255 
-0.09103131 -0.1232033 0.07190231 255 255 255 255 
-0.09103131 -0.1240135 0.07183143 255 255 255 255 
-0.09103131 -0.1247991 0.07162092 255 255 255 255 
-0.09103131 -0.1255362 0.07127719 255 255 255 255 
-0.09103131 -0.1262025 0.07081068 255 255 255 255 
-0.09103131 -0.1267776 0.07023557 255 255 255 255 
-0.09103131 -0.1272441 0.06956933 255 255 255 255 
-0.09103131 -0.1275878 0.0688322 255 255 255 255 
-0.09103131 -0.1277983 0.06804659 255 255 255 255 
-0.09103131 -0.1278692 0.06723636 255 255 255 255 
-0.09103131 -0.1277983 0.06642612 255 255 255 255 
-0.09103131 -0.1275878 0.0656405 255 255 255 255 
-0.09103131 -0.1272441 0.06490337 255 255 255 255 
-0.09103131 -0.1267776 0.06423713 255 255 255 255 
-0.09103131 -0.1262025 0.06366202 255 255 255 255 
-0.09103131 -0.1255362 0.06319551 255 255 255 255 
-0.09103131 -0.1247991 0.06285179 255 255 255 255 
-0.09103131 -0.1240135 0.06264128 255 255 255 255 
-0.08115193 -0.1265024 0.06781808 255 255 255 255 
-0.08115193 -0.1265533 0.06723636 255 255 255 255 
-0.08115193 -0.1265024 0.06665463 255 255 255 255 
-0.08115193 -0.1263512 0.06609058 255 255 255 255 
-0.08115193 -0.1261045 0.06556135 255 255 255 255 
-0.08115193 -0.1257695 0.06508301 255 255 255 255 
-0.08115193 -0.1253566 0.06467011 255 255 255 255 
-0.08115193 -0.1248783 0.06433517 255 255 255 255 
-0.08115193 -0.124349 0.06408838 255 255 255 255 
-0.08115193 -0.123785 0.06393725 255 255 255 255 
-0.08115193 -0.1232033 0.06388635 255 255 255 255 
-0.08115193 -0.1226216 0.06393725 255 255 255 255 
-0.08115193 -0.1220575 0.06408838 255 255 255 255 
-0.08115193 -0.1215283 0.06433517 255 255 255 255 
-0.08115193 -0.1210499 0.06467011 255 255 255 255 
-0.08115193 -0.120637 0.06508301 255 255 255 255 
-0.08115193 -0.1203021 0.06556135 255 255 255 255 
-0.08115193 -0.1200553 0.06609058 255 255 255 255 
-0.08115193 -0.1199042 0.06665463 255 255 255 255 
-0.08115193 -0.1198533 0.06723636 255 255 255 255 
-0.08115193 -0.1199042 0.06781808 255 255 255 255 
-0.08115193 -0.1200553 0.06838212 255 255 255 255 
-0.08115193 -0.1203021 0.06891135 255 255 255 255 
-0.08115193 -0.120637 0.06938969 255 255 255 255 
-0.08115193 -0.1210499 0.0698026 255 255 255 255 
-0.08115193 -0.1215283 0.07013754 255 255 255 255 
-0.08115193 -0.1220575 0.07038432 255 255 255 255 
-0.08115193 -0.1226216 0.07053546 255 255 255 255 
-0.08115193 -0.1232033 0.07058635 255 255 255 255 
-0.08115193 -0.123785 0.07053546 255 255 255 255 
-0.08115193 -0.124349 0.07038432 255 255 255 255 
-0.08115193 -0.1248783 0.07013754 255 255 255 255 
-0.08115193 -0.1253566 0.0698026 255 255 255 255 
-0.08115193 -0.1257695 0.06938969 255 255 255 255 
-0.08115193 -0.1261045 0.06891135 255 255 255 255 
-0.08115193 -0.1263512 0.06838212 255 255 255 255 
-0.09115193 -0.1576715 0.06115867 255 255 255 255 
-0.09115193 -0.1582033 0.06723636 255 255 255 255 
-0.09115193 -0.1560925 0.05526565 255 255 255 255 
-0.09115193 -0.1535142 0.04973635 255 255 255 255 
-0.09115193 -0.1500148 0.04473879 255 255 255 255 
-0.09115193 -0.1457008 0.0404248 255 255 255 255 
-0.09115193 -0.1407033 0.03692546 255 255 255 255 
-0.09115193 -0.135174 0.03434711 238 238 238 255 
-0.09115193 -0.129281 0.03276808 255 255 255 255 
-0.09115193 -0.1232033 0.03223635 255 255 255 255 
-0.09115193 -0.1171256 0.03276808 205 205 205 255 
-0.09115193 -0.1112326 0.03434711 226 226 226 255 
-0.09115193 -0.1057033 0.03692546 255 255 255 255 
-0.09115193 -0.1007057 0.0404248 255 255 255 255 
-0.09115193 -0.09639172 0.04473879 255 255 255 255 
-0.09115193 -0.09289238 0.04973635 255 255 255 255 
-0.09115193 -0.09031403 0.05526565 255 255 255 255 
-0.09115193 -0.088735 0.06115867 255 255 255 255 
-0.09115193 -0.08820327 0.06723636 255 255 255 255 
-0.09115193 -0.088735 0.07331404 255 255 255 255 
-0.09115193 -0.09031403 0.07920706 255 255 255 255 
-0.09115193 -0.09289238 0.08473635 255 255 255 255 
-0.09115193 -0.09639172 0.08973392 255 255 255 255 
-0.09115193 -0.1007057 0.09404791 255 255 255 255 
-0.09115193 -0.1057033 0.09754724 255 255 255 255 
-0.09115193 -0.1112326 0.1001256 255 255 255 255 
-0.09115193 -0.1171256 0.1017046 255 255 255 255 
-0.09115193 -0.1232033 0.1022364 255 255 255 255 
-0.09115193 -0.129281 0.1017046 255 255 255 255 
-0.09115193 -0.135174 0.1001256 255 255 255 255 
-0.09115193 -0.1407033 0.09754724 255 255 255 255 
-0.09115193 -0.1457008 0.09404791 255 255 255 255 
-0.09115193 -0.1500148 0.08973392 255 255 255 255 
-0.09115193 -0.1535142 0.08473635 255 255 255 255 
-0.09115193 -0.1560925 0.07920706 255 255 255 255 
-0.09115193 -0.1576715 0.07331404 255 255 255 255 
-0.08115193 -0.1256653 0.06680223 255 255 255 255 
-0.09115193 -0.1256653 0.06680223 166 166 166 255 
-0.08115193 -0.1257033 0.06723636 255 255 255 255 
-0.09115193 -0.1257033 0.06723636 166 166 166 255 
-0.08115193 -0.1256653 0.06767047 255 255 255 255 
-0.09115193 -0.1256653 0.06767047 166 166 166 255 
-0.08115193 -0.1255525 0.06809141 255 255 255 255 
-0.09115193 -0.1255525 0.06809141 166 166 166 255 
-0.08115193 -0.1253683 0.06848636 255 255 255 255 
-0.09115193 -0.1253683 0.06848636 166 166 166 255 
-0.08115193 -0.1251184 0.06884332 255 255 255 255 
-0.09115193 -0.1251184 0.06884332 166 166 166 255 
-0.08115193 -0.1248102 0.06915146 255 255 255 255 
-0.09115193 -0.1248102 0.06915146 166 166 166 255 
-0.08115193 -0.1244533 0.06940142 255 255 255 255 
-0.09115193 -0.1244533 0.06940142 166 166 166 255 
-0.08115193 -0.1240583 0.06958558 255 255 255 255 
-0.09115193 -0.1240583 0.06958558 166 166 166 255 
-0.08115193 -0.1236374 0.06969837 255 255 255 255 
-0.09115193 -0.1236374 0.06969837 166 166 166 255 
-0.08115193 -0.1232033 0.06973635 255 255 255 255 
-0.09115193 -0.1232033 0.06973635 166 166 166 255 
-0.08115193 -0.1227691 0.06969837 255 255 255 255 
-0.09115193 -0.1227691 0.06969837 166 166 166 255 
-0.08115193 -0.1223482 0.06958558 255 255 255 255 
-0.09115193 -0.1223482 0.06958558 166 166 166 255 
-0.08115193 -0.1219533 0.06940142 255 255 255 255 
-0.09115193 -0.1219533 0.06940142 166 166 166 255 
-0.08115193 -0.1215963 0.06915146 255 255 255 255 
-0.09115193 -0.1215963 0.06915146 166 166 166 255 
-0.08115193 -0.1212882 0.06884332 255 255 255 255 
-0.09115193 -0.1212882 0.06884332 166 166 166 255 
-0.08115193 -0.1210382 0.06848636 255 255 255 255 
-0.09115193 -0.1210382 0.06848636 166 166 166 255 
-0.08115193 -0.120854 0.06809141 255 255 255 255 
-0.09115193 -0.120854 0.06809141 166 166 166 255 
-0.08115193 -0.1207412 0.06767047 255 255 255 255 
-0.09115193 -0.1207412 0.06767047 166 166 166 255 
-0.08115193 -0.1207033 0.06723636 255 255 255 255 
-0.09115193 -0.1207033 0.06723636 166 166 166 255 
-0.08115193 -0.1207412 0.06680223 255 255 255 255 
-0.09115193 -0.1207412 0.06680223 166 166 166 255 
-0.08115193 -0.120854 0.06638131 255 255 255 255 
-0.09115193 -0.120854 0.06638131 166 166 166 255 
-0.08115193 -0.1210382 0.06598635 255 255 255 255 
-0.09115193 -0.1210382 0.06598635 166 166 166 255 
-0.08115193 -0.1212882 0.06562939 255 255 255 255 
-0.09115193 -0.1212882 0.06562939 166 166 166 255 
-0.08115193 -0.1215963 0.06532124 255 255 255 255 
-0.09115193 -0.1215963 0.06532124 166 166 166 255 
-0.08115193 -0.1219533 0.06507129 255 255 255 255 
-0.09115193 -0.1219533 0.06507129 166 166 166 255 
-0.08115193 -0.1223482 0.06488712 255 255 255 255 
-0.09115193 -0.1223482 0.06488712 166 166 166 255 
-0.08115193 -0.1227691 0.06477433 255 255 255 255 
-0.09115193 -0.1227691 0.06477433 166 166 166 255 
-0.08115193 -0.1232033 0.06473635 255 255 255 255 
-0.09115193 -0.1232033 0.06473635 166 166 166 255 
-0.08115193 -0.1236374 0.06477433 255 255 255 255 
-0.09115193 -0.1236374 0.06477433 166 166 166 255 
-0.08115193 -0.1240583 0.06488712 255 255 255 255 
-0.09115193 -0.1240583 0.06488712 166 166 166 255 
-0.08115193 -0.1244533 0.06507129 255 255 255 255 
-0.09115193 -0.1244533 0.06507129 166 166 166 255 
-0.08115193 -0.1248102 0.06532124 255 255 255 255 
-0.09115193 -0.1248102 0.06532124 166 166 166 255 
-0.08115193 -0.1251184 0.06562939 255 255 255 255 
-0.09115193 -0.1251184 0.06562939 166 166 166 255 
-0.08115193 -0.1253683 0.06598635 255 255 255 255 
-0.09115193 -0.1253683 0.06598635 166 166 166 255 
-0.08115193 -0.1255525 0.06638131 255 255 255 255 
-0.09115193 -0.1255525 0.06638131 166 166 166 255 
-0.1378519 -0.1119987 0.06260793 166 166 166 255 
-0.1378519 -0.111866 0.06250942 166 166 166 255 
-0.1378519 -0.1121457 0.06268325 166 166 166 255 
-0.1378519 -0.1117514 0.06239041 166 166 166 255 
-0.1378519 -0.1116579 0.06225415 166 166 166 255 
-0.1378519 -0.1115882 0.06210436 166 166 166 255 
-0.1378519 -0.111544 0.06194513 166 166 166 255 
-0.1378519 -0.1115267 0.0617808 166 166 166 255 
-0.1378519 -0.1115367 0.06161587 166 166 166 255 
-0.1378519 -0.1115737 0.06145483 166 166 166 255 
-0.1378519 -0.1116367 0.06130209 166 166 166 255 
-0.1378519 -0.1126968 0.05958044 166 166 166 255 
-0.1378519 -0.1133061 0.06316104 166 166 166 255 
-0.1378519 -0.1145721 0.06270148 166 166 166 255 
-0.1378519 -0.1144842 0.06283991 166 166 166 255 
-0.1378519 -0.1153514 0.06145616 166 166 166 255 
-0.1378519 -0.1140109 0.05804396 166 166 166 255 
-0.1378519 -0.116309 0.06034206 166 166 166 255 
-0.1378519 -0.1174231 0.05938448 166 166 166 255 
-0.1378519 -0.1155474 0.05672983 166 166 166 255 
-0.1378519 -0.1186684 0.05860516 166 166 166 255 
-0.1378519 -0.119128 0.05733917 166 166 166 255 
-0.1378519 -0.1191778 0.05749542 166 166 166 255 
-0.1378519 -0.1186502 0.05617881 166 166 166 255 
-0.1378519 -0.117269 0.05566983 166 166 166 255 
-0.1378519 -0.1185748 0.05603174 166 166 166 255 
-0.1378519 -0.1184763 0.05589909 166 166 166 255 
-0.1378519 -0.1183573 0.05578446 166 166 166 255 
-0.1378519 -0.1182211 0.055691 166 166 166 255 
-0.1378519 -0.1180713 0.05562125 166 166 166 255 
-0.1378519 -0.1174217 0.0556068 166 166 166 255 
-0.1378519 -0.117912 0.05557712 166 166 166 255 
-0.1378519 -0.1175828 0.0555698 166 166 166 255 
-0.1378519 -0.1177477 0.05555981 166 166 166 255 
-0.1378519 -0.1192013 0.05765771 166 166 166 255 
-0.1378519 -0.1191981 0.05782168 166 166 166 255 
-0.1378519 -0.1191681 0.05798291 166 166 166 255 
-0.1378519 -0.1191121 0.05813706 166 166 166 255 
-0.1378519 -0.1190317 0.05828 166 166 166 255 
-0.1378519 -0.118929 0.05840787 166 166 166 255 
-0.1378519 -0.1188068 0.05851724 166 166 166 255 
-0.1378519 -0.1143748 0.06296211 166 166 166 255 
-0.1378519 -0.1142469 0.0630648 166 166 166 255 
-0.1378519 -0.114104 0.06314521 166 166 166 255 
-0.1378519 -0.1139498 0.06320116 166 166 166 255 
-0.1378519 -0.1134623 0.06321084 166 166 166 255 
-0.1378519 -0.1137886 0.06323117 166 166 166 255 
-0.1378519 -0.1136246 0.06323443 166 166 166 255 
-0.1378519 -0.1344079 0.07186478 166 166 166 255 
-0.1378519 -0.1347698 0.07317062 166 166 166 255 
-0.1378519 -0.1342608 0.07178946 166 166 166 255 
-0.1378519 -0.1337098 0.07489227 166 166 166 255 
-0.1378519 -0.1331005 0.07131167 166 166 166 255 
-0.1378519 -0.1318345 0.07177123 166 166 166 255 
-0.1378519 -0.1319224 0.0716328 166 166 166 255 
-0.1378519 -0.1345405 0.07196329 166 166 166 255 
-0.1378519 -0.1346552 0.0720823 166 166 166 255 
-0.1378519 -0.1347486 0.07221856 166 166 166 255 
-0.1378519 -0.1348184 0.07236835 166 166 166 255 
-0.1378519 -0.1348625 0.07252758 166 166 166 255 
-0.1378519 -0.1348798 0.07269191 166 166 166 255 
-0.1378519 -0.1348698 0.07285684 166 166 166 255 
-0.1378519 -0.1348328 0.07301787 166 166 166 255 
-0.1378519 -0.1310551 0.07301655 166 166 166 255 
-0.1378519 -0.1323957 0.07642874 166 166 166 255 
-0.1378519 -0.1300976 0.07413065 166 166 166 255 
-0.1378519 -0.1289835 0.07508823 166 166 166 255 
-0.1378519 -0.1308592 0.07774287 166 166 166 255 
-0.1378519 -0.1277381 0.07586754 166 166 166 255 
-0.1378519 -0.1272786 0.07713354 166 166 166 255 
-0.1378519 -0.1275997 0.07595547 166 166 166 255 
-0.1378519 -0.1274775 0.07606484 166 166 166 255 
-0.1378519 -0.1273748 0.07619271 166 166 166 255 
-0.1378519 -0.1272944 0.07633565 166 166 166 255 
-0.1378519 -0.1272385 0.0764898 166 166 166 255 
-0.1378519 -0.1272085 0.07665103 166 166 166 255 
-0.1378519 -0.1272052 0.07681499 166 166 166 255 
-0.1378519 -0.1272288 0.07697729 166 166 166 255 
-0.1378519 -0.1277564 0.0782939 166 166 166 255 
-0.1378519 -0.1291375 0.07880288 166 166 166 255 
-0.1378519 -0.1278317 0.07844096 166 166 166 255 
-0.1378519 -0.1279302 0.07857362 166 166 166 255 
-0.1378519 -0.1280492 0.07868825 166 166 166 255 
-0.1378519 -0.1281855 0.07878171 166 166 166 255 
-0.1378519 -0.1283353 0.07885146 166 166 166 255 
-0.1378519 -0.1289848 0.0788659 166 166 166 255 
-0.1378519 -0.1284945 0.07889559 166 166 166 255 
-0.1378519 -0.1288238 0.07890291 166 166 166 255 
-0.1378519 -0.1286588 0.0789129 166 166 166 255 
-0.1378519 -0.1320318 0.07151059 166 166 166 255 
-0.1378519 -0.1321596 0.07140791 166 166 166 255 
-0.1378519 -0.1323026 0.07132751 166 166 166 255 
-0.1378519 -0.1324567 0.07127155 166 166 166 255 
-0.1378519 -0.1329442 0.07126187 166 166 166 255 
-0.1378519 -0.132618 0.07124154 166 166 166 255 
-0.1378519 -0.1327819 0.07123828 166 166 166 255 
-0.1378519 -0.1188068 0.07595547 166 166 166 255 
-0.1378519 -0.119128 0.07713354 166 166 166 255 
-0.1378519 -0.1186684 0.07586754 166 166 166 255 
-0.1378519 -0.1155474 0.07774287 166 166 166 255 
-0.1378519 -0.1174231 0.07508823 166 166 166 255 
-0.1378519 -0.1140109 0.07642874 166 166 166 255 
-0.1378519 -0.116309 0.07413065 166 166 166 255 
-0.1378519 -0.1153514 0.07301655 166 166 166 255 
-0.1378519 -0.1126968 0.07489227 166 166 166 255 
-0.1378519 -0.1145721 0.07177123 166 166 166 255 
-0.1378519 -0.1133061 0.07131167 166 166 166 255 
-0.1378519 -0.1144842 0.0716328 166 166 166 255 
-0.1378519 -0.1143748 0.07151059 166 166 166 255 
-0.1378519 -0.1142469 0.07140791 166 166 166 255 
-0.1378519 -0.114104 0.07132751 166 166 166 255 
-0.1378519 -0.1139498 0.07127155 166 166 166 255 
-0.1378519 -0.1134623 0.07126187 166 166 166 255 
-0.1378519 -0.1137886 0.07124154 166 166 166 255 
-0.1378519 -0.1136246 0.07123828 166 166 166 255 
-0.1378519 -0.118929 0.07606484 166 166 166 255 
-0.1378519 -0.1190317 0.07619271 166 166 166 255 
-0.1378519 -0.1191121 0.07633565 166 166 166 255 
-0.1378519 -0.1191681 0.0764898 166 166 166 255 
-0.1378519 -0.1191981 0.07665103 166 166 166 255 
-0.1378519 -0.1192013 0.07681499 166 166 166 255 
-0.1378519 -0.1191778 0.07697729 166 166 166 255 
-0.1378519 -0.1186502 0.0782939 166 166 166 255 
-0.1378519 -0.117269 0.07880288 166 166 166 255 
-0.1378519 -0.1185748 0.07844096 166 166 166 255 
-0.1378519 -0.1184763 0.07857362 166 166 166 255 
-0.1378519 -0.1183573 0.07868825 166 166 166 255 
-0.1378519 -0.1182211 0.07878171 166 166 166 255 
-0.1378519 -0.1180713 0.07885146 166 166 166 255 
-0.1378519 -0.1174217 0.0788659 166 166 166 255 
-0.1378519 -0.117912 0.07889559 166 166 166 255 
-0.1378519 -0.1175828 0.07890291 166 166 166 255 
-0.1378519 -0.1177477 0.0789129 166 166 166 255 
-0.1378519 -0.1121457 0.07178946 166 166 166 255 
-0.1378519 -0.1116367 0.07317062 166 166 166 255 
-0.1378519 -0.1119987 0.07186478 166 166 166 255 
-0.1378519 -0.111866 0.07196329 166 166 166 255 
-0.1378519 -0.1117514 0.0720823 166 166 166 255 
-0.1378519 -0.1116579 0.07221856 166 166 166 255 
-0.1378519 -0.1115882 0.07236835 166 166 166 255 
-0.1378519 -0.111544 0.07252758 166 166 166 255 
-0.1378519 -0.1115267 0.07269191 166 166 166 255 
-0.1378519 -0.1115367 0.07285684 166 166 166 255 
-0.1378519 -0.1115737 0.07301787 166 166 166 255 
-0.1378519 -0.1092261 0.06697588 166 166 166 255 
-0.1378519 -0.1121805 0.06697588 166 166 166 255 
-0.1378519 -0.1092033 0.06723636 166 166 166 255 
-0.1378519 -0.1122033 0.06723636 166 166 166 255 
-0.1378519 -0.1092261 0.06749683 166 166 166 255 
-0.1378519 -0.1121805 0.06749683 166 166 166 255 
-0.1378519 -0.1092937 0.06774938 166 166 166 255 
-0.1378519 -0.1121128 0.06774938 166 166 166 255 
-0.1378519 -0.1094042 0.06798635 166 166 166 255 
-0.1378519 -0.1120023 0.06798635 166 166 166 255 
-0.1378519 -0.1095542 0.06820054 166 166 166 255 
-0.1378519 -0.1118523 0.06820054 166 166 166 255 
-0.1378519 -0.1097391 0.06838542 166 166 166 255 
-0.1378519 -0.1116675 0.06838542 166 166 166 255 
-0.1378519 -0.1099533 0.06853539 166 166 166 255 
-0.1378519 -0.1114533 0.06853539 166 166 166 255 
-0.1378519 -0.1101902 0.06864589 166 166 166 255 
-0.1378519 -0.1112163 0.06864589 166 166 166 255 
-0.1378519 -0.1104428 0.06871357 166 166 166 255 
-0.1378519 -0.1109637 0.06871357 166 166 166 255 
-0.1378519 -0.1107033 0.06873635 166 166 166 255 
-0.1378519 -0.1121128 0.06672332 166 166 166 255 
-0.1378519 -0.1092937 0.06672332 166 166 166 255 
-0.1378519 -0.1120023 0.06648635 166 166 166 255 
-0.1378519 -0.1094042 0.06648635 166 166 166 255 
-0.1378519 -0.1118523 0.06627217 166 166 166 255 
-0.1378519 -0.1095542 0.06627217 166 166 166 255 
-0.1378519 -0.1116675 0.06608729 166 166 166 255 
-0.1378519 -0.1097391 0.06608729 166 166 166 255 
-0.1378519 -0.1114533 0.06593732 166 166 166 255 
-0.1378519 -0.1099533 0.06593732 166 166 166 255 
-0.1378519 -0.1112163 0.06582682 166 166 166 255 
-0.1378519 -0.1101902 0.06582682 166 166 166 255 
-0.1378519 -0.1109637 0.06575914 166 166 166 255 
-0.1378519 -0.1104428 0.06575914 166 166 166 255 
-0.1378519 -0.1107033 0.06573635 166 166 166 255 
-0.1378519 -0.1342261 0.06697588 166 166 166 255 
-0.1378519 -0.1371805 0.06697588 166 166 166 255 
-0.1378519 -0.1342033 0.06723636 166 166 166 255 
-0.1378519 -0.1372033 0.06723636 166 166 166 255 
-0.1378519 -0.1342261 0.06749683 166 166 166 255 
-0.1378519 -0.1371805 0.06749683 166 166 166 255 
-0.1378519 -0.1342937 0.06774938 166 166 166 255 
-0.1378519 -0.1371128 0.06774938 166 166 166 255 
-0.1378519 -0.1344042 0.06798635 166 166 166 255 
-0.1378519 -0.1370023 0.06798635 166 166 166 255 
-0.1378519 -0.1345542 0.06820054 166 166 166 255 
-0.1378519 -0.1368523 0.06820054 166 166 166 255 
-0.1378519 -0.1347391 0.06838542 166 166 166 255 
-0.1378519 -0.1366674 0.06838542 166 166 166 255 
-0.1378519 -0.1349533 0.06853539 166 166 166 255 
-0.1378519 -0.1364533 0.06853539 166 166 166 255 
-0.1378519 -0.1351902 0.06864589 166 166 166 255 
-0.1378519 -0.1362163 0.06864589 166 166 166 255 
-0.1378519 -0.1354428 0.06871357 166 166 166 255 
-0.1378519 -0.1359637 0.06871357 166 166 166 255 
-0.1378519 -0.1357033 0.06873635 166 166 166 255 
-0.1378519 -0.1371128 0.06672332 166 166 166 255 
-0.1378519 -0.1342937 0.06672332 166 166 166 255 
-0.1378519 -0.1370023 0.06648635 166 166 166 255 
-0.1378519 -0.1344042 0.06648635 166 166 166 255 
-0.1378519 -0.1368523 0.06627217 166 166 166 255 
-0.1378519 -0.1345542 0.06627217 166 166 166 255 
-0.1378519 -0.1366674 0.06608729 166 166 166 255 
-0.1378519 -0.1347391 0.06608729 166 166 166 255 
-0.1378519 -0.1364533 0.06593732 166 166 166 255 
-0.1378519 -0.1349533 0.06593732 166 166 166 255 
-0.1378519 -0.1362163 0.06582682 166 166 166 255 
-0.1378519 -0.1351902 0.06582682 166 166 166 255 
-0.1378519 -0.1359637 0.06575914 166 166 166 255 
-0.1378519 -0.1354428 0.06575914 166 166 166 255 
-0.1378519 -0.1357033 0.06573635 166 166 166 255 
-0.1378519 -0.1275997 0.05851724 166 166 166 255 
-0.1378519 -0.1274775 0.05840787 166 166 166 255 
-0.1378519 -0.1277381 0.05860516 166 166 166 255 
-0.1378519 -0.1273748 0.05828 166 166 166 255 
-0.1378519 -0.1272944 0.05813706 166 166 166 255 
-0.1378519 -0.1272385 0.05798291 166 166 166 255 
-0.1378519 -0.1272085 0.05782168 166 166 166 255 
-0.1378519 -0.1272052 0.05765771 166 166 166 255 
-0.1378519 -0.1272288 0.05749542 166 166 166 255 
-0.1378519 -0.1272786 0.05733917 166 166 166 255 
-0.1378519 -0.1308592 0.05672983 166 166 166 255 
-0.1378519 -0.1277564 0.05617881 166 166 166 255 
-0.1378519 -0.1291375 0.05566983 166 166 166 255 
-0.1378519 -0.1278317 0.05603174 166 166 166 255 
-0.1378519 -0.1279302 0.05589909 166 166 166 255 
-0.1378519 -0.1280492 0.05578446 166 166 166 255 
-0.1378519 -0.1281855 0.055691 166 166 166 255 
-0.1378519 -0.1283353 0.05562125 166 166 166 255 
-0.1378519 -0.1289848 0.0556068 166 166 166 255 
-0.1378519 -0.1284945 0.05557712 166 166 166 255 
-0.1378519 -0.1288238 0.0555698 166 166 166 255 
-0.1378519 -0.1286588 0.05555981 166 166 166 255 
-0.1378519 -0.1289835 0.05938448 166 166 166 255 
-0.1378519 -0.1323957 0.05804396 166 166 166 255 
-0.1378519 -0.1300976 0.06034206 166 166 166 255 
-0.1378519 -0.1310551 0.06145616 166 166 166 255 
-0.1378519 -0.1337098 0.05958044 166 166 166 255 
-0.1378519 -0.1318345 0.06270148 166 166 166 255 
-0.1378519 -0.1331005 0.06316104 166 166 166 255 
-0.1378519 -0.1319224 0.06283991 166 166 166 255 
-0.1378519 -0.1320318 0.06296211 166 166 166 255 
-0.1378519 -0.1321596 0.0630648 166 166 166 255 
-0.1378519 -0.1323026 0.06314521 166 166 166 255 
-0.1378519 -0.1324567 0.06320116 166 166 166 255 
-0.1378519 -0.1329442 0.06321084 166 166 166 255 
-0.1378519 -0.132618 0.06323117 166 166 166 255 
-0.1378519 -0.1327819 0.06323443 166 166 166 255 
-0.1378519 -0.1342608 0.06268325 166 166 166 255 
-0.1378519 -0.1347698 0.06130209 166 166 166 255 
-0.1378519 -0.1348328 0.06145483 166 166 166 255 
-0.1378519 -0.1348698 0.06161587 166 166 166 255 
-0.1378519 -0.1348798 0.0617808 166 166 166 255 
-0.1378519 -0.1348625 0.06194513 166 166 166 255 
-0.1378519 -0.1348184 0.06210436 166 166 166 255 
-0.1378519 -0.1347486 0.06225415 166 166 166 255 
-0.1378519 -0.1346552 0.06239041 166 166 166 255 
-0.1378519 -0.1345405 0.06250942 166 166 166 255 
-0.1378519 -0.1344079 0.06260793 166 166 166 255 
-0.1778519 -0.1247869 0.06746484 166 166 166 255 
-0.1722519 -0.124779 0.06751419 166 166 166 255 
-0.1778519 -0.1247231 0.06773635 166 166 166 255 
-0.1722519 -0.1247068 0.06778359 166 166 166 255 
-0.1778519 -0.1246132 0.06799268 166 166 166 255 
-0.1722519 -0.1245889 0.06803636 166 166 166 255 
-0.1778519 -0.1244605 0.06822602 166 166 166 255 
-0.1722519 -0.1244289 0.06826481 166 166 166 255 
-0.1778519 -0.1242695 0.0684293 166 166 166 255 
-0.1722519 -0.1242317 0.06846202 166 166 166 255 
-0.1778519 -0.1240462 0.06859633 166 166 166 255 
-0.1722519 -0.1240033 0.06862199 166 166 166 255 
-0.1778519 -0.1237972 0.06872203 166 166 166 255 
-0.1722519 -0.1237505 0.06873986 166 166 166 255 
-0.1778519 -0.1235302 0.0688026 166 166 166 255 
-0.1722519 -0.1234811 0.06881204 166 166 166 255 
-0.1778519 -0.1232532 0.06883557 166 166 166 255 
-0.1722519 -0.1232033 0.06883635 166 166 166 255 
-0.1778519 -0.1229748 0.06881995 166 166 166 255 
-0.1722519 -0.1229254 0.06881204 166 166 166 255 
-0.1778519 -0.1227033 0.06875622 166 166 166 255 
-0.1722519 -0.122656 0.06873986 166 166 166 255 
-0.1778519 -0.1224469 0.0686463 166 166 166 255 
-0.1722519 -0.1224033 0.06862199 166 166 166 255 
-0.1778519 -0.1222136 0.06849355 166 166 166 255 
-0.1722519 -0.1221748 0.06846202 166 166 166 255 
-0.1778519 -0.1220103 0.0683026 166 166 166 255 
-0.1722519 -0.1219776 0.06826481 166 166 166 255 
-0.1778519 -0.1218433 0.06807925 166 166 166 255 
-0.1722519 -0.1218176 0.06803636 166 166 166 255 
-0.1778519 -0.1217176 0.06783029 166 166 166 255 
-0.1722519 -0.1216998 0.06778359 166 166 166 255 
-0.1778519 -0.121637 0.06756327 166 166 166 255 
-0.1722519 -0.1216276 0.06751419 166 166 166 255 
-0.1778519 -0.1216041 0.06728633 166 166 166 255 
-0.1722519 -0.1216033 0.06723636 166 166 166 255 
-0.1778519 -0.1216197 0.06700787 166 166 166 255 
-0.1722519 -0.1216276 0.06695852 166 166 166 255 
-0.1778519 -0.1216834 0.06673636 166 166 166 255 
-0.1722519 -0.1216998 0.06668912 166 166 166 255 
-0.1778519 -0.1217933 0.06648003 166 166 166 255 
-0.1722519 -0.1218176 0.06643635 166 166 166 255 
-0.1778519 -0.1219461 0.06624668 166 166 166 255 
-0.1722519 -0.1219776 0.06620789 166 166 166 255 
-0.1778519 -0.122137 0.06604341 166 166 166 255 
-0.1722519 -0.1221748 0.06601068 166 166 166 255 
-0.1778519 -0.1223604 0.06587638 166 166 166 255 
-0.1722519 -0.1224033 0.06585071 166 166 166 255 
-0.1778519 -0.1226093 0.06575067 166 166 166 255 
-0.1722519 -0.122656 0.06573284 166 166 166 255 
-0.1778519 -0.1228763 0.06567011 166 166 166 255 
-0.1722519 -0.1229254 0.06566066 166 166 166 255 
-0.1778519 -0.1231533 0.06563713 166 166 166 255 
-0.1722519 -0.1232033 0.06563635 166 166 166 255 
-0.1778519 -0.1234317 0.06565275 166 166 166 255 
-0.1722519 -0.1234811 0.06566066 166 166 166 255 
-0.1778519 -0.1237033 0.06571648 166 166 166 255 
-0.1722519 -0.1237505 0.06573284 166 166 166 255 
-0.1778519 -0.1239596 0.0658264 166 166 166 255 
-0.1722519 -0.1240033 0.06585071 166 166 166 255 
-0.1778519 -0.1241929 0.06597915 166 166 166 255 
-0.1722519 -0.1242317 0.06601068 166 166 166 255 
-0.1778519 -0.1243962 0.06617011 166 166 166 255 
-0.1722519 -0.1244289 0.06620789 166 166 166 255 
-0.1778519 -0.1245632 0.06639346 166 166 166 255 
-0.1722519 -0.1245889 0.06643635 166 166 166 255 
-0.1778519 -0.124689 0.06664243 166 166 166 255 
-0.1722519 -0.1247068 0.06668912 166 166 166 255 
-0.1778519 -0.1247695 0.06690943 166 166 166 255 
-0.1722519 -0.124779 0.06695852 166 166 166 255 
-0.1778519 -0.1248025 0.06718638 166 166 166 255 
-0.1722519 -0.1248033 0.06723636 166 166 166 255 
-0.1386519 -0.124779 0.06751419 166 166 166 255 
-0.1442519 -0.124779 0.06751419 166 166 166 255 
-0.1386519 -0.1248033 0.06723636 166 166 166 255 
-0.1442519 -0.1248033 0.06723636 166 166 166 255 
-0.1386519 -0.124779 0.06695852 166 166 166 255 
-0.1442519 -0.124779 0.06695852 166 166 166 255 
-0.1386519 -0.1247068 0.06668912 166 166 166 255 
-0.1442519 -0.1247068 0.06668912 166 166 166 255 
-0.1386519 -0.1245889 0.06643635 166 166 166 255 
-0.1442519 -0.1245889 0.06643635 166 166 166 255 
-0.1386519 -0.1244289 0.06620789 166 166 166 255 
-0.1442519 -0.1244289 0.06620789 166 166 166 255 
-0.1386519 -0.1242317 0.06601068 166 166 166 255 
-0.1442519 -0.1242317 0.06601068 166 166 166 255 
-0.1386519 -0.1240033 0.06585071 166 166 166 255 
-0.1442519 -0.1240033 0.06585071 166 166 166 255 
-0.1386519 -0.1237505 0.06573284 166 166 166 255 
-0.1442519 -0.1237505 0.06573284 166 166 166 255 
-0.1386519 -0.1234811 0.06566066 166 166 166 255 
-0.1442519 -0.1234811 0.06566066 166 166 166 255 
-0.1386519 -0.1232033 0.06563635 166 166 166 255 
-0.1442519 -0.1232033 0.06563635 166 166 166 255 
-0.1386519 -0.1229254 0.06566066 166 166 166 255 
-0.1442519 -0.1229254 0.06566066 166 166 166 255 
-0.1386519 -0.122656 0.06573284 166 166 166 255 
-0.1442519 -0.122656 0.06573284 166 166 166 255 
-0.1386519 -0.1224033 0.06585071 166 166 166 255 
-0.1442519 -0.1224033 0.06585071 166 166 166 255 
-0.1386519 -0.1221748 0.06601068 166 166 166 255 
-0.1442519 -0.1221748 0.06601068 166 166 166 255 
-0.1386519 -0.1219776 0.06620789 166 166 166 255 
-0.1442519 -0.1219776 0.06620789 166 166 166 255 
-0.1386519 -0.1218176 0.06643635 166 166 166 255 
-0.1442519 -0.1218176 0.06643635 166 166 166 255 
-0.1386519 -0.1216998 0.06668912 166 166 166 255 
-0.1442519 -0.1216998 0.06668912 166 166 166 255 
-0.1386519 -0.1216276 0.06695852 166 166 166 255 
-0.1442519 -0.1216276 0.06695852 166 166 166 255 
-0.1386519 -0.1216033 0.06723636 166 166 166 255 
-0.1442519 -0.1216033 0.06723636 166 166 166 255 
-0.1386519 -0.1216276 0.06751419 166 166 166 255 
-0.1442519 -0.1216276 0.06751419 166 166 166 255 
-0.1386519 -0.1216998 0.06778359 166 166 166 255 
-0.1442519 -0.1216998 0.06778359 166 166 166 255 
-0.1386519 -0.1218176 0.06803636 166 166 166 255 
-0.1442519 -0.1218176 0.06803636 166 166 166 255 
-0.1386519 -0.1219776 0.06826481 166 166 166 255 
-0.1442519 -0.1219776 0.06826481 166 166 166 255 
-0.1386519 -0.1221748 0.06846202 166 166 166 255 
-0.1442519 -0.1221748 0.06846202 166 166 166 255 
-0.1386519 -0.1224033 0.06862199 166 166 166 255 
-0.1442519 -0.1224033 0.06862199 166 166 166 255 
-0.1386519 -0.122656 0.06873986 166 166 166 255 
-0.1442519 -0.122656 0.06873986 166 166 166 255 
-0.1386519 -0.1229254 0.06881204 166 166 166 255 
-0.1442519 -0.1229254 0.06881204 166 166 166 255 
-0.1386519 -0.1232033 0.06883635 166 166 166 255 
-0.1442519 -0.1232033 0.06883635 166 166 166 255 
-0.1386519 -0.1234811 0.06881204 166 166 166 255 
-0.1442519 -0.1234811 0.06881204 166 166 166 255 
-0.1386519 -0.1237505 0.06873986 166 166 166 255 
-0.1442519 -0.1237505 0.06873986 166 166 166 255 
-0.1386519 -0.1240033 0.06862199 166 166 166 255 
-0.1442519 -0.1240033 0.06862199 166 166 166 255 
-0.1386519 -0.1242317 0.06846202 166 166 166 255 
-0.1442519 -0.1242317 0.06846202 166 166 166 255 
-0.1386519 -0.1244289 0.06826481 166 166 166 255 
-0.1442519 -0.1244289 0.06826481 166 166 166 255 
-0.1386519 -0.1245889 0.06803636 166 166 166 255 
-0.1442519 -0.1245889 0.06803636 166 166 166 255 
-0.1386519 -0.1247068 0.06778359 166 166 166 255 
-0.1442519 -0.1247068 0.06778359 166 166 166 255 
-0.1666519 -0.1248033 0.06723636 166 166 166 255 
-0.1666519 -0.124779 0.06751419 166 166 166 255 
-0.1666519 -0.1247068 0.06778359 166 166 166 255 
-0.1666519 -0.1245889 0.06803636 166 166 166 255 
-0.1666519 -0.1244289 0.06826481 166 166 166 255 
-0.1666519 -0.1242317 0.06846202 166 166 166 255 
-0.1666519 -0.1240033 0.06862199 166 166 166 255 
-0.1666519 -0.1237505 0.06873986 166 166 166 255 
-0.1666519 -0.1234811 0.06881204 166 166 166 255 
-0.1666519 -0.1232033 0.06883635 166 166 166 255 
-0.1666519 -0.1229254 0.06881204 166 166 166 255 
-0.1666519 -0.122656 0.06873986 166 166 166 255 
-0.1666519 -0.1224033 0.06862199 166 166 166 255 
-0.1666519 -0.1221748 0.06846202 166 166 166 255 
-0.1666519 -0.1219776 0.06826481 166 166 166 255 
-0.1666519 -0.1218176 0.06803636 166 166 166 255 
-0.1666519 -0.1216998 0.06778359 166 166 166 255 
-0.1666519 -0.1216276 0.06751419 166 166 166 255 
-0.1666519 -0.1216033 0.06723636 166 166 166 255 
-0.1666519 -0.1216276 0.06695852 166 166 166 255 
-0.1666519 -0.1216998 0.06668912 166 166 166 255 
-0.1666519 -0.1218176 0.06643635 166 166 166 255 
-0.1666519 -0.1219776 0.06620789 166 166 166 255 
-0.1666519 -0.1221748 0.06601068 166 166 166 255 
-0.1666519 -0.1224033 0.06585071 166 166 166 255 
-0.1666519 -0.122656 0.06573284 166 166 166 255 
-0.1666519 -0.1229254 0.06566066 166 166 166 255 
-0.1666519 -0.1232033 0.06563635 166 166 166 255 
-0.1666519 -0.1234811 0.06566066 166 166 166 255 
-0.1666519 -0.1237505 0.06573284 166 166 166 255 
-0.1666519 -0.1240033 0.06585071 166 166 166 255 
-0.1666519 -0.1242317 0.06601068 166 166 166 255 
-0.1666519 -0.1244289 0.06620789 166 166 166 255 
-0.1666519 -0.1245889 0.06643635 166 166 166 255 
-0.1666519 -0.1247068 0.06668912 166 166 166 255 
-0.1666519 -0.124779 0.06695852 166 166 166 255 
-0.1610519 -0.1248033 0.06723636 166 166 166 255 
-0.1610519 -0.124779 0.06751419 166 166 166 255 
-0.1610519 -0.1247068 0.06778359 166 166 166 255 
-0.1610519 -0.1245889 0.06803636 166 166 166 255 
-0.1610519 -0.1244289 0.06826481 166 166 166 255 
-0.1610519 -0.1242317 0.06846202 166 166 166 255 
-0.1610519 -0.1240033 0.06862199 166 166 166 255 
-0.1610519 -0.1237505 0.06873986 166 166 166 255 
-0.1610519 -0.1234811 0.06881204 166 166 166 255 
-0.1610519 -0.1232033 0.06883635 166 166 166 255 
-0.1610519 -0.1229254 0.06881204 166 166 166 255 
-0.1610519 -0.122656 0.06873986 166 166 166 255 
-0.1610519 -0.1224033 0.06862199 166 166 166 255 
-0.1610519 -0.1221748 0.06846202 166 166 166 255 
-0.1610519 -0.1219776 0.06826481 166 166 166 255 
-0.1610519 -0.1218176 0.06803636 166 166 166 255 
-0.1610519 -0.1216998 0.06778359 166 166 166 255 
-0.1610519 -0.1216276 0.06751419 166 166 166 255 
-0.1610519 -0.1216033 0.06723636 166 166 166 255 
-0.1610519 -0.1216276 0.06695852 166 166 166 255 
-0.1610519 -0.1216998 0.06668912 166 166 166 255 
-0.1610519 -0.1218176 0.06643635 166 166 166 255 
-0.1610519 -0.1219776 0.06620789 166 166 166 255 
-0.1610519 -0.1221748 0.06601068 166 166 166 255 
-0.1610519 -0.1224033 0.06585071 166 166 166 255 
-0.1610519 -0.122656 0.06573284 166 166 166 255 
-0.1610519 -0.1229254 0.06566066 166 166 166 255 
-0.1610519 -0.1232033 0.06563635 166 166 166 255 
-0.1610519 -0.1234811 0.06566066 166 166 166 255 
-0.1610519 -0.1237505 0.06573284 166 166 166 255 
-0.1610519 -0.1240033 0.06585071 166 166 166 255 
-0.1610519 -0.1242317 0.06601068 166 166 166 255 
-0.1610519 -0.1244289 0.06620789 166 166 166 255 
-0.1610519 -0.1245889 0.06643635 166 166 166 255 
-0.1610519 -0.1247068 0.06668912 166 166 166 255 
-0.1610519 -0.124779 0.06695852 166 166 166 255 
-0.1554519 -0.1248033 0.06723636 166 166 166 255 
-0.1554519 -0.124779 0.06751419 166 166 166 255 
-0.1554519 -0.1247068 0.06778359 166 166 166 255 
-0.1554519 -0.1245889 0.06803636 166 166 166 255 
-0.1554519 -0.1244289 0.06826481 166 166 166 255 
-0.1554519 -0.1242317 0.06846202 166 166 166 255 
-0.1554519 -0.1240033 0.06862199 166 166 166 255 
-0.1554519 -0.1237505 0.06873986 166 166 166 255 
-0.1554519 -0.1234811 0.06881204 166 166 166 255 
-0.1554519 -0.1232033 0.06883635 166 166 166 255 
-0.1554519 -0.1229254 0.06881204 166 166 166 255 
-0.1554519 -0.122656 0.06873986 166 166 166 255 
-0.1554519 -0.1224033 0.06862199 166 166 166 255 
-0.1554519 -0.1221748 0.06846202 166 166 166 255 
-0.1554519 -0.1219776 0.06826481 166 166 166 255 
-0.1554519 -0.1218176 0.06803636 166 166 166 255 
-0.1554519 -0.1216998 0.06778359 166 166 166 255 
-0.1554519 -0.1216276 0.06751419 166 166 166 255 
-0.1554519 -0.1216033 0.06723636 166 166 166 255 
-0.1554519 -0.1216276 0.06695852 166 166 166 255 
-0.1554519 -0.1216998 0.06668912 166 166 166 255 
-0.1554519 -0.1218176 0.06643635 166 166 166 255 
-0.1554519 -0.1219776 0.06620789 166 166 166 255 
-0.1554519 -0.1221748 0.06601068 166 166 166 255 
-0.1554519 -0.1224033 0.06585071 166 166 166 255 
-0.1554519 -0.122656 0.06573284 166 166 166 255 
-0.1554519 -0.1229254 0.06566066 166 166 166 255 
-0.1554519 -0.1232033 0.06563635 166 166 166 255 
-0.1554519 -0.1234811 0.06566066 166 166 166 255 
-0.1554519 -0.1237505 0.06573284 166 166 166 255 
-0.1554519 -0.1240033 0.06585071 166 166 166 255 
-0.1554519 -0.1242317 0.06601068 166 166 166 255 
-0.1554519 -0.1244289 0.06620789 166 166 166 255 
-0.1554519 -0.1245889 0.06643635 166 166 166 255 
-0.1554519 -0.1247068 0.06668912 166 166 166 255 
-0.1554519 -0.124779 0.06695852 166 166 166 255 
-0.1498519 -0.1248033 0.06723636 166 166 166 255 
-0.1498519 -0.124779 0.06751419 166 166 166 255 
-0.1498519 -0.1247068 0.06778359 166 166 166 255 
-0.1498519 -0.1245889 0.06803636 166 166 166 255 
-0.1498519 -0.1244289 0.06826481 166 166 166 255 
-0.1498519 -0.1242317 0.06846202 166 166 166 255 
-0.1498519 -0.1240033 0.06862199 166 166 166 255 
-0.1498519 -0.1237505 0.06873986 166 166 166 255 
-0.1498519 -0.1234811 0.06881204 166 166 166 255 
-0.1498519 -0.1232033 0.06883635 166 166 166 255 
-0.1498519 -0.1229254 0.06881204 166 166 166 255 
-0.1498519 -0.122656 0.06873986 166 166 166 255 
-0.1498519 -0.1224033 0.06862199 166 166 166 255 
-0.1498519 -0.1221748 0.06846202 166 166 166 255 
-0.1498519 -0.1219776 0.06826481 166 166 166 255 
-0.1498519 -0.1218176 0.06803636 166 166 166 255 
-0.1498519 -0.1216998 0.06778359 166 166 166 255 
-0.1498519 -0.1216276 0.06751419 166 166 166 255 
-0.1498519 -0.1216033 0.06723636 166 166 166 255 
-0.1498519 -0.1216276 0.06695852 166 166 166 255 
-0.1498519 -0.1216998 0.06668912 166 166 166 255 
-0.1498519 -0.1218176 0.06643635 166 166 166 255 
-0.1498519 -0.1219776 0.06620789 166 166 166 255 
-0.1498519 -0.1221748 0.06601068 166 166 166 255 
-0.1498519 -0.1224033 0.06585071 166 166 166 255 
-0.1498519 -0.122656 0.06573284 166 166 166 255 
-0.1498519 -0.1229254 0.06566066 166 166 166 255 
-0.1498519 -0.1232033 0.06563635 166 166 166 255 
-0.1498519 -0.1234811 0.06566066 166 166 166 255 
-0.1498519 -0.1237505 0.06573284 166 166 166 255 
-0.1498519 -0.1240033 0.06585071 166 166 166 255 
-0.1498519 -0.1242317 0.06601068 166 166 166 255 
-0.1498519 -0.1244289 0.06620789 166 166 166 255 
-0.1498519 -0.1245889 0.06643635 166 166 166 255 
-0.1498519 -0.1247068 0.06668912 166 166 166 255 
-0.1498519 -0.124779 0.06695852 166 166 166 255 
-0.1818519 -0.1197073 0.06740353 166 166 166 255 
-0.1853519 -0.1197564 0.06784412 166 166 166 255 
-0.1818519 -0.1197392 0.06773635 166 166 166 255 
-0.1778519 -0.1197894 0.06800807 166 166 166 255 
-0.1778519 -0.1197392 0.06773635 166 166 166 255 
-0.1853519 -0.1197033 0.06723636 166 166 166 255 
-0.1818519 -0.1197073 0.06706918 166 166 166 255 
-0.1853519 -0.1197564 0.06662858 166 166 166 255 
-0.1818519 -0.1197392 0.06673636 166 166 166 255 
-0.1778519 -0.1197894 0.06646464 166 166 166 255 
-0.1778519 -0.1197392 0.06673636 166 166 166 255 
-0.1853519 -0.1199143 0.06603929 166 166 166 255 
-0.1778519 -0.1198609 0.06619775 166 166 166 255 
-0.1818519 -0.1199533 0.06593732 166 166 166 255 
-0.1778519 -0.1199533 0.06593732 166 166 166 255 
-0.1818519 -0.1200921 0.06563313 166 166 166 255 
-0.1853519 -0.1201722 0.06548636 166 166 166 255 
-0.1928519 -0.1201722 0.06548636 166 166 166 255 
-0.1928519 -0.1205221 0.06498659 166 166 166 255 
-0.1853519 -0.1205221 0.06498659 166 166 166 255 
-0.1928519 -0.1209535 0.0645552 166 166 166 255 
-0.1853519 -0.1209535 0.0645552 166 166 166 255 
-0.1928519 -0.1214533 0.06420527 166 166 166 255 
-0.1853519 -0.1214533 0.06420527 166 166 166 255 
-0.1928519 -0.1220062 0.06394743 166 166 166 255 
-0.1853519 -0.1220062 0.06394743 166 166 166 255 
-0.1928519 -0.1225955 0.06378952 166 166 166 255 
-0.1853519 -0.1225955 0.06378952 166 166 166 255 
-0.1928519 -0.1232033 0.06373636 166 166 166 255 
-0.1853519 -0.1232033 0.06373636 166 166 166 255 
-0.1928519 -0.123811 0.06378952 166 166 166 255 
-0.1853519 -0.123811 0.06378952 166 166 166 255 
-0.1928519 -0.1244003 0.06394743 166 166 166 255 
-0.1853519 -0.1244003 0.06394743 166 166 166 255 
-0.1928519 -0.1249533 0.06420527 166 166 166 255 
-0.1853519 -0.1249533 0.06420527 166 166 166 255 
-0.1928519 -0.125453 0.0645552 166 166 166 255 
-0.1853519 -0.125453 0.0645552 166 166 166 255 
-0.1928519 -0.1258844 0.06498659 166 166 166 255 
-0.1853519 -0.1258844 0.06498659 166 166 166 255 
-0.1928519 -0.1262344 0.06548636 166 166 166 255 
-0.1853519 -0.1262344 0.06548636 166 166 166 255 
-0.1928519 -0.1264922 0.06603929 166 166 166 255 
-0.1853519 -0.1264922 0.06603929 166 166 166 255 
-0.1928519 -0.1266501 0.06662858 166 166 166 255 
-0.1853519 -0.1266501 0.06662858 166 166 166 255 
-0.1928519 -0.1267033 0.06723636 166 166 166 255 
-0.1853519 -0.1267033 0.06723636 166 166 166 255 
-0.1928519 -0.1266501 0.06784412 166 166 166 255 
-0.1853519 -0.1266501 0.06784412 166 166 166 255 
-0.1928519 -0.1264922 0.06843343 166 166 166 255 
-0.1853519 -0.1264922 0.06843343 166 166 166 255 
-0.1928519 -0.1262344 0.06898636 166 166 166 255 
-0.1853519 -0.1262344 0.06898636 166 166 166 255 
-0.1928519 -0.1258844 0.06948611 166 166 166 255 
-0.1853519 -0.1258844 0.06948611 166 166 166 255 
-0.1928519 -0.125453 0.06991751 166 166 166 255 
-0.1853519 -0.125453 0.06991751 166 166 166 255 
-0.1928519 -0.1249533 0.07026744 166 166 166 255 
-0.1853519 -0.1249533 0.07026744 166 166 166 255 
-0.1928519 -0.1244003 0.07052528 166 166 166 255 
-0.1853519 -0.1244003 0.07052528 166 166 166 255 
-0.1928519 -0.123811 0.07068318 166 166 166 255 
-0.1853519 -0.123811 0.07068318 166 166 166 255 
-0.1928519 -0.1232033 0.07073636 166 166 166 255 
-0.1853519 -0.1232033 0.07073636 166 166 166 255 
-0.1928519 -0.1225955 0.07068318 166 166 166 255 
-0.1853519 -0.1225955 0.07068318 166 166 166 255 
-0.1928519 -0.1220062 0.07052528 166 166 166 255 
-0.1853519 -0.1220062 0.07052528 166 166 166 255 
-0.1928519 -0.1214533 0.07026744 166 166 166 255 
-0.1853519 -0.1214533 0.07026744 166 166 166 255 
-0.1928519 -0.1209535 0.06991751 166 166 166 255 
-0.1853519 -0.1209535 0.06991751 166 166 166 255 
-0.1928519 -0.1205221 0.06948611 166 166 166 255 
-0.1853519 -0.1205221 0.06948611 166 166 166 255 
-0.1928519 -0.1201722 0.06898636 166 166 166 255 
-0.1853519 -0.1201722 0.06898636 166 166 166 255 
-0.1928519 -0.1199143 0.06843343 166 166 166 255 
-0.1853519 -0.1199143 0.06843343 166 166 166 255 
-0.1928519 -0.1197564 0.06784412 166 166 166 255 
-0.1928519 -0.1197033 0.06723636 166 166 166 255 
-0.1928519 -0.1197564 0.06662858 166 166 166 255 
-0.1928519 -0.1199143 0.06603929 166 166 166 255 
-0.1818519 -0.1202592 0.06534357 166 166 166 255 
-0.1818519 -0.1204533 0.06507129 166 166 166 255 
-0.1778519 -0.1206326 0.0648611 166 166 166 255 
-0.1778519 -0.120828 0.06466572 166 166 166 255 
-0.1818519 -0.1210382 0.06448635 166 166 166 255 
-0.1778519 -0.1210382 0.06448635 166 166 166 255 
-0.1778519 -0.1204533 0.06507129 166 166 166 255 
-0.1818519 -0.1213105 0.06429231 166 166 166 255 
-0.1818519 -0.1216 0.06412514 166 166 166 255 
-0.1818519 -0.1219042 0.06398635 166 166 166 255 
-0.1778519 -0.1221647 0.063894 166 166 166 255 
-0.1778519 -0.1224316 0.06382249 166 166 166 255 
-0.1818519 -0.1227033 0.06377225 166 166 166 255 
-0.1778519 -0.1227033 0.06377225 166 166 166 255 
-0.1778519 -0.1219042 0.06398635 166 166 166 255 
-0.1818519 -0.1230361 0.06374035 166 166 166 255 
-0.1818519 -0.1233704 0.06374035 166 166 166 255 
-0.1818519 -0.1237033 0.06377225 166 166 166 255 
-0.1778519 -0.123975 0.06382249 166 166 166 255 
-0.1778519 -0.1242419 0.063894 166 166 166 255 
-0.1818519 -0.1245023 0.06398635 166 166 166 255 
-0.1778519 -0.1245023 0.06398635 166 166 166 255 
-0.1778519 -0.1237033 0.06377225 166 166 166 255 
-0.1818519 -0.1248065 0.06412514 166 166 166 255 
-0.1818519 -0.1250961 0.06429231 166 166 166 255 
-0.1818519 -0.1253683 0.06448635 166 166 166 255 
-0.1778519 -0.1255785 0.06466572 166 166 166 255 
-0.1778519 -0.1257739 0.0648611 166 166 166 255 
-0.1818519 -0.1259533 0.06507129 166 166 166 255 
-0.1778519 -0.1259533 0.06507129 166 166 166 255 
-0.1778519 -0.1253683 0.06448635 166 166 166 255 
-0.1818519 -0.1261473 0.06534357 166 166 166 255 
-0.1818519 -0.1263145 0.06563313 166 166 166 255 
-0.1818519 -0.1264533 0.06593732 166 166 166 255 
-0.1778519 -0.1265456 0.06619775 166 166 166 255 
-0.1778519 -0.1266171 0.06646464 166 166 166 255 
-0.1818519 -0.1266674 0.06673636 166 166 166 255 
-0.1778519 -0.1266674 0.06673636 166 166 166 255 
-0.1778519 -0.1264533 0.06593732 166 166 166 255 
-0.1818519 -0.1266993 0.06706918 166 166 166 255 
-0.1818519 -0.1266993 0.06740353 166 166 166 255 
-0.1818519 -0.1266674 0.06773635 166 166 166 255 
-0.1778519 -0.1266171 0.06800807 166 166 166 255 
-0.1778519 -0.1265456 0.06827497 166 166 166 255 
-0.1818519 -0.1264533 0.06853539 166 166 166 255 
-0.1778519 -0.1264533 0.06853539 166 166 166 255 
-0.1778519 -0.1266674 0.06773635 166 166 166 255 
-0.1818519 -0.1263145 0.06883958 166 166 166 255 
-0.1818519 -0.1261473 0.06912913 166 166 166 255 
-0.1818519 -0.1259533 0.06940142 166 166 166 255 
-0.1778519 -0.1257739 0.06961161 166 166 166 255 
-0.1778519 -0.1255785 0.06980699 166 166 166 255 
-0.1818519 -0.1253683 0.06998635 166 166 166 255 
-0.1778519 -0.1253683 0.06998635 166 166 166 255 
-0.1778519 -0.1259533 0.06940142 166 166 166 255 
-0.1818519 -0.1250961 0.07018039 166 166 166 255 
-0.1818519 -0.1248065 0.07034757 166 166 166 255 
-0.1818519 -0.1245023 0.07048635 166 166 166 255 
-0.1778519 -0.1242419 0.0705787 166 166 166 255 
-0.1778519 -0.123975 0.07065022 166 166 166 255 
-0.1818519 -0.1237033 0.07070045 166 166 166 255 
-0.1778519 -0.1237033 0.07070045 166 166 166 255 
-0.1778519 -0.1245023 0.07048635 166 166 166 255 
-0.1818519 -0.1233704 0.07073236 166 166 166 255 
-0.1818519 -0.1230361 0.07073236 166 166 166 255 
-0.1818519 -0.1227033 0.07070045 166 166 166 255 
-0.1778519 -0.1224316 0.07065022 166 166 166 255 
-0.1778519 -0.1221647 0.0705787 166 166 166 255 
-0.1818519 -0.1219042 0.07048635 166 166 166 255 
-0.1778519 -0.1219042 0.07048635 166 166 166 255 
-0.1778519 -0.1227033 0.07070045 166 166 166 255 
-0.1818519 -0.1216 0.07034757 166 166 166 255 
-0.1818519 -0.1213105 0.07018039 166 166 166 255 
-0.1818519 -0.1210382 0.06998635 166 166 166 255 
-0.1778519 -0.120828 0.06980699 166 166 166 255 
-0.1778519 -0.1206326 0.06961161 166 166 166 255 
-0.1818519 -0.1204533 0.06940142 166 166 166 255 
-0.1778519 -0.1204533 0.06940142 166 166 166 255 
-0.1778519 -0.1210382 0.06998635 166 166 166 255 
-0.1818519 -0.1202592 0.06912913 166 166 166 255 
-0.1818519 -0.1200921 0.06883958 166 166 166 255 
-0.1818519 -0.1199533 0.06853539 166 166 166 255 
-0.1778519 -0.1198609 0.06827497 166 166 166 255 
-0.1778519 -0.1199533 0.06853539 166 166 166 255 
-0.1981519 -0.124779 0.06695852 166 166 166 255 
-0.1928519 -0.124779 0.06695852 166 166 166 255 
-0.1981519 -0.1248033 0.06723636 166 166 166 255 
-0.1928519 -0.1248033 0.06723636 166 166 166 255 
-0.1981519 -0.124779 0.06751419 166 166 166 255 
-0.1928519 -0.124779 0.06751419 166 166 166 255 
-0.1981519 -0.1247068 0.06778359 166 166 166 255 
-0.1928519 -0.1247068 0.06778359 166 166 166 255 
-0.1981519 -0.1245889 0.06803636 166 166 166 255 
-0.1928519 -0.1245889 0.06803636 166 166 166 255 
-0.1981519 -0.1244289 0.06826481 166 166 166 255 
-0.1928519 -0.1244289 0.06826481 166 166 166 255 
-0.1981519 -0.1242317 0.06846202 166 166 166 255 
-0.1928519 -0.1242317 0.06846202 166 166 166 255 
-0.1981519 -0.1240033 0.06862199 166 166 166 255 
-0.1928519 -0.1240033 0.06862199 166 166 166 255 
-0.1981519 -0.1237505 0.06873986 166 166 166 255 
-0.1928519 -0.1237505 0.06873986 166 166 166 255 
-0.1981519 -0.1234811 0.06881204 166 166 166 255 
-0.1928519 -0.1234811 0.06881204 166 166 166 255 
-0.1981519 -0.1232033 0.06883635 166 166 166 255 
-0.1928519 -0.1232033 0.06883635 166 166 166 255 
-0.1981519 -0.1229254 0.06881204 166 166 166 255 
-0.1928519 -0.1229254 0.06881204 166 166 166 255 
-0.1981519 -0.122656 0.06873986 166 166 166 255 
-0.1928519 -0.122656 0.06873986 166 166 166 255 
-0.1981519 -0.1224033 0.06862199 166 166 166 255 
-0.1928519 -0.1224033 0.06862199 166 166 166 255 
-0.1981519 -0.1221748 0.06846202 166 166 166 255 
-0.1928519 -0.1221748 0.06846202 166 166 166 255 
-0.1981519 -0.1219776 0.06826481 166 166 166 255 
-0.1928519 -0.1219776 0.06826481 166 166 166 255 
-0.1981519 -0.1218176 0.06803636 166 166 166 255 
-0.1928519 -0.1218176 0.06803636 166 166 166 255 
-0.1981519 -0.1216998 0.06778359 166 166 166 255 
-0.1928519 -0.1216998 0.06778359 166 166 166 255 
-0.1981519 -0.1216276 0.06751419 166 166 166 255 
-0.1928519 -0.1216276 0.06751419 166 166 166 255 
-0.1981519 -0.1216033 0.06723636 166 166 166 255 
-0.1928519 -0.1216033 0.06723636 166 166 166 255 
-0.1981519 -0.1216276 0.06695852 166 166 166 255 
-0.1928519 -0.1216276 0.06695852 166 166 166 255 
-0.1981519 -0.1216998 0.06668912 166 166 166 255 
-0.1928519 -0.1216998 0.06668912 166 166 166 255 
-0.1981519 -0.1218176 0.06643635 166 166 166 255 
-0.1928519 -0.1218176 0.06643635 166 166 166 255 
-0.1981519 -0.1219776 0.06620789 166 166 166 255 
-0.1928519 -0.1219776 0.06620789 166 166 166 255 
-0.1981519 -0.1221748 0.06601068 166 166 166 255 
-0.1928519 -0.1221748 0.06601068 166 166 166 255 
-0.1981519 -0.1224033 0.06585071 166 166 166 255 
-0.1928519 -0.1224033 0.06585071 166 166 166 255 
-0.1981519 -0.122656 0.06573284 166 166 166 255 
-0.1928519 -0.122656 0.06573284 166 166 166 255 
-0.1981519 -0.1229254 0.06566066 166 166 166 255 
-0.1928519 -0.1229254 0.06566066 166 166 166 255 
-0.1981519 -0.1232033 0.06563635 166 166 166 255 
-0.1928519 -0.1232033 0.06563635 166 166 166 255 
-0.1981519 -0.1234811 0.06566066 166 166 166 255 
-0.1928519 -0.1234811 0.06566066 166 166 166 255 
-0.1981519 -0.1237505 0.06573284 166 166 166 255 
-0.1928519 -0.1237505 0.06573284 166 166 166 255 
-0.1981519 -0.1240033 0.06585071 166 166 166 255 
-0.1928519 -0.1240033 0.06585071 166 166 166 255 
-0.1981519 -0.1242317 0.06601068 166 166 166 255 
-0.1928519 -0.1242317 0.06601068 166 166 166 255 
-0.1981519 -0.1244289 0.06620789 166 166 166 255 
-0.1928519 -0.1244289 0.06620789 166 166 166 255 
-0.1981519 -0.1245889 0.06643635 166 166 166 255 
-0.1928519 -0.1245889 0.06643635 166 166 166 255 
-0.1981519 -0.1247068 0.06668912 166 166 166 255 
-0.1928519 -0.1247068 0.06668912 166 166 166 255 
-0.1983519 -0.124582 0.06699324 166 166 166 255 
-0.1983519 -0.1246033 0.06723636 166 166 166 255 
-0.1983519 -0.124582 0.06747946 166 166 166 255 
-0.1983519 -0.1245188 0.06771518 166 166 166 255 
-0.1983519 -0.1244157 0.06793635 166 166 166 255 
-0.1983519 -0.1242757 0.06813626 166 166 166 255 
-0.1983519 -0.1241032 0.06830882 166 166 166 255 
-0.1983519 -0.1239033 0.06844879 166 166 166 255 
-0.1983519 -0.1236821 0.06855192 166 166 166 255 
-0.1983519 -0.1234464 0.06861509 166 166 166 255 
-0.1983519 -0.1232033 0.06863635 166 166 166 255 
-0.1983519 -0.1229602 0.06861509 166 166 166 255 
-0.1983519 -0.1227244 0.06855192 166 166 166 255 
-0.1983519 -0.1225033 0.06844879 166 166 166 255 
-0.1983519 -0.1223034 0.06830882 166 166 166 255 
-0.1983519 -0.1221308 0.06813626 166 166 166 255 
-0.1983519 -0.1219908 0.06793635 166 166 166 255 
-0.1983519 -0.1218877 0.06771518 166 166 166 255 
-0.1983519 -0.1218245 0.06747946 166 166 166 255 
-0.1983519 -0.1218033 0.06723636 166 166 166 255 
-0.1983519 -0.1218245 0.06699324 166 166 166 255 
-0.1983519 -0.1218877 0.06675752 166 166 166 255 
-0.1983519 -0.1219908 0.06653635 166 166 166 255 
-0.1983519 -0.1221308 0.06633645 166 166 166 255 
-0.1983519 -0.1223034 0.06616389 166 166 166 255 
-0.1983519 -0.1225033 0.06602392 166 166 166 255 
-0.1983519 -0.1227244 0.06592079 166 166 166 255 
-0.1983519 -0.1229602 0.06585763 166 166 166 255 
-0.1983519 -0.1232033 0.06583636 166 166 166 255 
-0.1983519 -0.1234464 0.06585763 166 166 166 255 
-0.1983519 -0.1236821 0.06592079 166 166 166 255 
-0.1983519 -0.1239033 0.06602392 166 166 166 255 
-0.1983519 -0.1241032 0.06616389 166 166 166 255 
-0.1983519 -0.1242757 0.06633645 166 166 166 255 
-0.1983519 -0.1244157 0.06653635 166 166 166 255 
-0.1983519 -0.1245188 0.06675752 166 166 166 255 
-0.1818519 -0.1377033 0.06773635 166 166 166 255 
-0.1818519 -0.1377033 0.06673636 166 166 166 255 
-0.1778519 -0.1377033 0.06673636 166 166 166 255 
-0.1778519 -0.1377033 0.06773635 166 166 166 255 
-0.1778519 -0.1360106 0.06041937 166 166 166 255 
-0.1778519 -0.1355106 0.05955334 166 166 166 255 
-0.1778519 -0.1308863 0.05492898 166 166 166 255 
-0.1778519 -0.1300203 0.05442898 166 166 166 255 
-0.1778519 -0.1237033 0.05273635 166 166 166 255 
-0.1778519 -0.1227033 0.05273635 166 166 166 255 
-0.1778519 -0.1163863 0.05442898 166 166 166 255 
-0.1778519 -0.1155203 0.05492898 166 166 166 255 
-0.1778519 -0.1108959 0.05955334 166 166 166 255 
-0.1778519 -0.1103959 0.06041937 166 166 166 255 
-0.1778519 -0.1087033 0.06673636 166 166 166 255 
-0.1778519 -0.1087033 0.06773635 166 166 166 255 
-0.1778519 -0.1103959 0.07405334 166 166 166 255 
-0.1778519 -0.1108959 0.07491937 166 166 166 255 
-0.1778519 -0.1155203 0.07954372 166 166 166 255 
-0.1778519 -0.1163863 0.08004373 166 166 166 255 
-0.1778519 -0.1227033 0.08173636 166 166 166 255 
-0.1778519 -0.1237033 0.08173636 166 166 166 255 
-0.1778519 -0.1300203 0.08004373 166 166 166 255 
-0.1778519 -0.1308863 0.07954372 166 166 166 255 
-0.1778519 -0.1355106 0.07491937 166 166 166 255 
-0.1778519 -0.1360106 0.07405334 166 166 166 255 
-0.1818519 -0.1355106 0.07491937 166 166 166 255 
-0.1818519 -0.1360106 0.07405334 166 166 166 255 
-0.1818519 -0.1300203 0.08004373 166 166 166 255 
-0.1818519 -0.1308863 0.07954372 166 166 166 255 
-0.1818519 -0.1163863 0.08004373 166 166 166 255 
-0.1818519 -0.1155203 0.07954372 166 166 166 255 
-0.1818519 -0.1227033 0.08173636 166 166 166 255 
-0.1818519 -0.1237033 0.08173636 166 166 166 255 
-0.1818519 -0.1103959 0.07405334 166 166 166 255 
-0.1818519 -0.1108959 0.07491937 166 166 166 255 
-0.1818519 -0.1087033 0.06673636 166 166 166 255 
-0.1818519 -0.1087033 0.06773635 166 166 166 255 
-0.1818519 -0.1360106 0.06041937 166 166 166 255 
-0.1818519 -0.1355106 0.05955334 166 166 166 255 
-0.1818519 -0.1108959 0.05955334 166 166 166 255 
-0.1818519 -0.1103959 0.06041937 166 166 166 255 
-0.1818519 -0.1227033 0.05273635 166 166 166 255 
-0.1818519 -0.1155203 0.05492898 166 166 166 255 
-0.1818519 -0.1163863 0.05442898 166 166 166 255 
-0.1818519 -0.1308863 0.05492898 166 166 166 255 
-0.1818519 -0.1300203 0.05442898 166 166 166 255 
-0.1818519 -0.1237033 0.05273635 166 166 166 255 
-0.1386519 -0.1347698 0.06130209 166 166 166 255 
-0.1386519 -0.1348328 0.06145483 166 166 166 255 
-0.1386519 -0.1348698 0.06161587 166 166 166 255 
-0.1386519 -0.1348798 0.0617808 166 166 166 255 
-0.1386519 -0.1348625 0.06194513 166 166 166 255 
-0.1386519 -0.1348184 0.06210436 166 166 166 255 
-0.1386519 -0.1347486 0.06225415 166 166 166 255 
-0.1386519 -0.1346552 0.06239041 166 166 166 255 
-0.1386519 -0.1345405 0.06250942 166 166 166 255 
-0.1386519 -0.1344079 0.06260793 166 166 166 255 
-0.1386519 -0.1342608 0.06268325 166 166 166 255 
-0.1386519 -0.1272786 0.05733917 166 166 166 255 
-0.1386519 -0.1272288 0.05749542 166 166 166 255 
-0.1386519 -0.1272052 0.05765771 166 166 166 255 
-0.1386519 -0.1272085 0.05782168 166 166 166 255 
-0.1386519 -0.1272385 0.05798291 166 166 166 255 
-0.1386519 -0.1272944 0.05813706 166 166 166 255 
-0.1386519 -0.1273748 0.05828 166 166 166 255 
-0.1386519 -0.1274775 0.05840787 166 166 166 255 
-0.1386519 -0.1275997 0.05851724 166 166 166 255 
-0.1386519 -0.1277381 0.05860516 166 166 166 255 
-0.1386519 -0.1342261 0.06749683 166 166 166 255 
-0.1386519 -0.1342033 0.06723636 166 166 166 255 
-0.1386519 -0.1342261 0.06697588 166 166 166 255 
-0.1386519 -0.1342937 0.06672332 166 166 166 255 
-0.1386519 -0.1344042 0.06648635 166 166 166 255 
-0.1386519 -0.1345542 0.06627217 166 166 166 255 
-0.1386519 -0.1347391 0.06608729 166 166 166 255 
-0.1386519 -0.1349533 0.06593732 166 166 166 255 
-0.1386519 -0.1351902 0.06582682 166 166 166 255 
-0.1386519 -0.1354428 0.06575914 166 166 166 255 
-0.1386519 -0.1357033 0.06573635 166 166 166 255 
-0.1386519 -0.1359637 0.06575914 166 166 166 255 
-0.1386519 -0.1362163 0.06582682 166 166 166 255 
-0.1386519 -0.1364533 0.06593732 166 166 166 255 
-0.1386519 -0.1366674 0.06608729 166 166 166 255 
-0.1386519 -0.1368523 0.06627217 166 166 166 255 
-0.1386519 -0.1370023 0.06648635 166 166 166 255 
-0.1386519 -0.1371128 0.06672332 166 166 166 255 
-0.1386519 -0.1371805 0.06697588 166 166 166 255 
-0.1386519 -0.1372033 0.06723636 166 166 166 255 
-0.1386519 -0.1371805 0.06749683 166 166 166 255 
-0.1386519 -0.1371128 0.06774938 166 166 166 255 
-0.1386519 -0.1370023 0.06798635 166 166 166 255 
-0.1386519 -0.1368523 0.06820054 166 166 166 255 
-0.1386519 -0.1366674 0.06838542 166 166 166 255 
-0.1386519 -0.1364533 0.06853539 166 166 166 255 
-0.1386519 -0.1362163 0.06864589 166 166 166 255 
-0.1386519 -0.1359637 0.06871357 166 166 166 255 
-0.1386519 -0.1357033 0.06873635 166 166 166 255 
-0.1386519 -0.1354428 0.06871357 166 166 166 255 
-0.1386519 -0.1351902 0.06864589 166 166 166 255 
-0.1386519 -0.1349533 0.06853539 166 166 166 255 
-0.1386519 -0.1347391 0.06838542 166 166 166 255 
-0.1386519 -0.1345542 0.06820054 166 166 166 255 
-0.1386519 -0.1344042 0.06798635 166 166 166 255 
-0.1386519 -0.1342937 0.06774938 166 166 166 255 
-0.1386519 -0.1092261 0.06749683 166 166 166 255 
-0.1386519 -0.1092033 0.06723636 166 166 166 255 
-0.1386519 -0.1092261 0.06697588 166 166 166 255 
-0.1386519 -0.1092937 0.06672332 166 166 166 255 
-0.1386519 -0.1094042 0.06648635 166 166 166 255 
-0.1386519 -0.1095542 0.06627217 166 166 166 255 
-0.1386519 -0.1097391 0.06608729 166 166 166 255 
-0.1386519 -0.1099533 0.06593732 166 166 166 255 
-0.1386519 -0.1101902 0.06582682 166 166 166 255 
-0.1386519 -0.1104428 0.06575914 166 166 166 255 
-0.1386519 -0.1107033 0.06573635 166 166 166 255 
-0.1386519 -0.1109637 0.06575914 166 166 166 255 
-0.1386519 -0.1112163 0.06582682 166 166 166 255 
-0.1386519 -0.1114533 0.06593732 166 166 166 255 
-0.1386519 -0.1116675 0.06608729 166 166 166 255 
-0.1386519 -0.1118523 0.06627217 166 166 166 255 
-0.1386519 -0.1120023 0.06648635 166 166 166 255 
-0.1386519 -0.1121128 0.06672332 166 166 166 255 
-0.1386519 -0.1121805 0.06697588 166 166 166 255 
-0.1386519 -0.1122033 0.06723636 166 166 166 255 
-0.1386519 -0.1121805 0.06749683 166 166 166 255 
-0.1386519 -0.1121128 0.06774938 166 166 166 255 
-0.1386519 -0.1120023 0.06798635 166 166 166 255 
-0.1386519 -0.1118523 0.06820054 166 166 166 255 
-0.1386519 -0.1116675 0.06838542 166 166 166 255 
-0.1386519 -0.1114533 0.06853539 166 166 166 255 
-0.1386519 -0.1112163 0.06864589 166 166 166 255 
-0.1386519 -0.1109637 0.06871357 166 166 166 255 
-0.1386519 -0.1107033 0.06873635 166 166 166 255 
-0.1386519 -0.1104428 0.06871357 166 166 166 255 
-0.1386519 -0.1101902 0.06864589 166 166 166 255 
-0.1386519 -0.1099533 0.06853539 166 166 166 255 
-0.1386519 -0.1097391 0.06838542 166 166 166 255 
-0.1386519 -0.1095542 0.06820054 166 166 166 255 
-0.1386519 -0.1094042 0.06798635 166 166 166 255 
-0.1386519 -0.1092937 0.06774938 166 166 166 255 
-0.1386519 -0.1121457 0.07178946 166 166 166 255 
-0.1386519 -0.1119987 0.07186478 166 166 166 255 
-0.1386519 -0.111866 0.07196329 166 166 166 255 
-0.1386519 -0.1117514 0.0720823 166 166 166 255 
-0.1386519 -0.1116579 0.07221856 166 166 166 255 
-0.1386519 -0.1115882 0.07236835 166 166 166 255 
-0.1386519 -0.111544 0.07252758 166 166 166 255 
-0.1386519 -0.1115267 0.07269191 166 166 166 255 
-0.1386519 -0.1115367 0.07285684 166 166 166 255 
-0.1386519 -0.1115737 0.07301787 166 166 166 255 
-0.1386519 -0.1116367 0.07317062 166 166 166 255 
-0.1386519 -0.1186684 0.07586754 166 166 166 255 
-0.1386519 -0.1188068 0.07595547 166 166 166 255 
-0.1386519 -0.118929 0.07606484 166 166 166 255 
-0.1386519 -0.1190317 0.07619271 166 166 166 255 
-0.1386519 -0.1191121 0.07633565 166 166 166 255 
-0.1386519 -0.1191681 0.0764898 166 166 166 255 
-0.1386519 -0.1191981 0.07665103 166 166 166 255 
-0.1386519 -0.1192013 0.07681499 166 166 166 255 
-0.1386519 -0.1191778 0.07697729 166 166 166 255 
-0.1386519 -0.119128 0.07713354 166 166 166 255 
-0.1386519 -0.1277381 0.07586754 166 166 166 255 
-0.1386519 -0.1275997 0.07595547 166 166 166 255 
-0.1386519 -0.1274775 0.07606484 166 166 166 255 
-0.1386519 -0.1273748 0.07619271 166 166 166 255 
-0.1386519 -0.1272944 0.07633565 166 166 166 255 
-0.1386519 -0.1272385 0.0764898 166 166 166 255 
-0.1386519 -0.1272085 0.07665103 166 166 166 255 
-0.1386519 -0.1272052 0.07681499 166 166 166 255 
-0.1386519 -0.1272288 0.07697729 166 166 166 255 
-0.1386519 -0.1272786 0.07713354 166 166 166 255 
-0.1386519 -0.1342608 0.07178946 166 166 166 255 
-0.1386519 -0.1344079 0.07186478 166 166 166 255 
-0.1386519 -0.1345405 0.07196329 166 166 166 255 
-0.1386519 -0.1346552 0.0720823 166 166 166 255 
-0.1386519 -0.1347486 0.07221856 166 166 166 255 
-0.1386519 -0.1348184 0.07236835 166 166 166 255 
-0.1386519 -0.1348625 0.07252758 166 166 166 255 
-0.1386519 -0.1348798 0.07269191 166 166 166 255 
-0.1386519 -0.1348698 0.07285684 166 166 166 255 
-0.1386519 -0.1348328 0.07301787 166 166 166 255 
-0.1386519 -0.1347698 0.07317062 166 166 166 255 
-0.1386519 -0.119128 0.05733917 166 166 166 255 
-0.1386519 -0.1191778 0.05749542 166 166 166 255 
-0.1386519 -0.1192013 0.05765771 166 166 166 255 
-0.1386519 -0.1191981 0.05782168 166 166 166 255 
-0.1386519 -0.1191681 0.05798291 166 166 166 255 
-0.1386519 -0.1191121 0.05813706 166 166 166 255 
-0.1386519 -0.1190317 0.05828 166 166 166 255 
-0.1386519 -0.118929 0.05840787 166 166 166 255 
-0.1386519 -0.1188068 0.05851724 166 166 166 255 
-0.1386519 -0.1186684 0.05860516 166 166 166 255 
-0.1386519 -0.1116367 0.06130209 166 166 166 255 
-0.1386519 -0.1115737 0.06145483 166 166 166 255 
-0.1386519 -0.1115367 0.06161587 166 166 166 255 
-0.1386519 -0.1115267 0.0617808 166 166 166 255 
-0.1386519 -0.111544 0.06194513 166 166 166 255 
-0.1386519 -0.1115882 0.06210436 166 166 166 255 
-0.1386519 -0.1116579 0.06225415 166 166 166 255 
-0.1386519 -0.1117514 0.06239041 166 166 166 255 
-0.1386519 -0.111866 0.06250942 166 166 166 255 
-0.1386519 -0.1119987 0.06260793 166 166 166 255 
-0.1386519 -0.1121457 0.06268325 166 166 166 255 
-0.1778656 -0.1074067 0.07351828 166 166 166 255 
-0.1778519 -0.1072973 0.07323635 166 166 166 255 
-0.1398519 -0.1072285 0.07305069 166 166 166 255 
-0.1778519 -0.1065999 0.07088697 166 166 166 255 
-0.1398519 -0.1064615 0.07018837 166 166 166 255 
-0.1778519 -0.1062475 0.06846172 166 166 166 255 
-0.1398519 -0.1062033 0.06723636 166 166 166 255 
-0.1778519 -0.1062475 0.066011 166 166 166 255 
-0.1398519 -0.1064615 0.06428433 166 166 166 255 
-0.1778519 -0.1065999 0.06358574 166 166 166 255 
-0.1398519 -0.1072285 0.06142201 166 166 166 255 
-0.1778519 -0.1072973 0.06123636 166 166 166 255 
-0.1778656 -0.1074067 0.06095444 166 166 166 255 
-0.1779066 -0.1075229 0.06067009 166 166 166 255 
-0.177975 -0.107644 0.06038779 166 166 166 255 
-0.1780706 -0.1077681 0.06011205 166 166 166 255 
-0.1398519 -0.1084808 0.05873635 166 166 166 255 
-0.1781932 -0.1078932 0.0598472 166 166 166 255 
-0.1783405 -0.1080168 0.05959653 166 166 166 255 
-0.1785094 -0.1081365 0.059363 166 166 166 255 
-0.1786968 -0.1082499 0.05914954 166 166 166 255 
-0.1789021 -0.1083558 0.05895668 166 166 166 255 
-0.1791329 -0.1084566 0.0587786 166 166 166 255 
-0.1793865 -0.1085492 0.05861923 166 166 166 255 
-0.1796596 -0.1086297 0.05848351 166 166 166 255 
-0.1799483 -0.1086947 0.05837608 166 166 166 255 
-0.1802473 -0.1087422 0.05829876 166 166 166 255 
-0.1805505 -0.1087712 0.05825203 166 166 166 255 
-0.1808519 -0.1087811 0.05823635 166 166 166 255 
-0.1398519 -0.1101805 0.05630897 166 166 166 255 
-0.1948519 -0.1101805 0.05630897 166 166 166 255 
-0.1398519 -0.1122759 0.0542136 166 166 166 255 
-0.1948519 -0.1122759 0.0542136 166 166 166 255 
-0.1808522 -0.1142033 0.05281415 166 166 166 255 
-0.1811533 -0.114219 0.05280429 166 166 166 255 
-0.1948519 -0.1147033 0.05251392 166 166 166 255 
-0.1814559 -0.1142656 0.0527753 166 166 166 255 
-0.1817542 -0.1143426 0.05272804 166 166 166 255 
-0.1820423 -0.1144495 0.05266336 166 166 166 255 
-0.1823151 -0.1145848 0.05258302 166 166 166 255 
-0.1825689 -0.1147441 0.05249053 166 166 166 255 
-0.1828005 -0.1149227 0.05238946 166 166 166 255 
-0.1830067 -0.1151159 0.05228326 166 166 166 255 
-0.1831933 -0.1153283 0.05217041 166 166 166 255 
-0.183362 -0.1155614 0.05205091 166 166 166 255 
-0.1835095 -0.1158121 0.05192728 166 166 166 255 
-0.1836326 -0.1160772 0.05180202 166 166 166 255 
-0.1948519 -0.1173889 0.05126158 166 166 166 255 
-0.1837286 -0.1163534 0.05167764 166 166 166 255 
-0.1837971 -0.1166363 0.05155625 166 166 166 255 
-0.1838382 -0.1169211 0.05143984 166 166 166 255 
-0.1838519 -0.1172033 0.05133038 166 166 166 255 
-0.1838519 -0.1195527 0.05063295 166 166 166 255 
-0.1948519 -0.1202513 0.05049462 166 166 166 255 
-0.1838519 -0.1219779 0.05028057 166 166 166 255 
-0.1948519 -0.1232033 0.05023635 166 166 166 255 
-0.1838519 -0.1244286 0.05028057 166 166 166 255 
-0.1948519 -0.1261553 0.05049462 166 166 166 255 
-0.1838519 -0.1268539 0.05063295 166 166 166 255 
-0.1948519 -0.1290176 0.05126158 166 166 166 255 
-0.1838519 -0.1292033 0.05133038 166 166 166 255 
-0.1838382 -0.1294854 0.05143984 166 166 166 255 
-0.1837971 -0.1297703 0.05155625 166 166 166 255 
-0.1837286 -0.1300532 0.05167764 166 166 166 255 
-0.1836326 -0.1303294 0.05180202 166 166 166 255 
-0.1948519 -0.1317033 0.05251392 166 166 166 255 
-0.1835095 -0.1305945 0.05192728 166 166 166 255 
-0.183362 -0.1308451 0.05205091 166 166 166 255 
-0.1831933 -0.1310782 0.05217041 166 166 166 255 
-0.1830067 -0.1312906 0.05228326 166 166 166 255 
-0.1828005 -0.1314838 0.05238946 166 166 166 255 
-0.1825689 -0.1316624 0.05249053 166 166 166 255 
-0.1823151 -0.1318217 0.05258302 166 166 166 255 
-0.1820423 -0.131957 0.05266336 166 166 166 255 
-0.1817542 -0.1320639 0.05272804 166 166 166 255 
-0.1814559 -0.132141 0.0527753 166 166 166 255 
-0.1811533 -0.1321876 0.05280429 166 166 166 255 
-0.1808522 -0.1322033 0.05281415 166 166 166 255 
-0.1948519 -0.1341307 0.0542136 166 166 166 255 
-0.1398519 -0.1341307 0.0542136 166 166 166 255 
-0.1398519 -0.136226 0.05630897 166 166 166 255 
-0.1948519 -0.136226 0.05630897 166 166 166 255 
-0.1808517 -0.1376255 0.05823635 166 166 166 255 
-0.1811531 -0.1376353 0.05825201 166 166 166 255 
-0.1948519 -0.1379257 0.05873635 166 166 166 255 
-0.1814563 -0.1376643 0.05829871 166 166 166 255 
-0.1817554 -0.1377117 0.05837601 166 166 166 255 
-0.1820441 -0.1377767 0.05848343 166 166 166 255 
-0.1823172 -0.1378573 0.05861914 166 166 166 255 
-0.1825709 -0.1379499 0.05877851 166 166 166 255 
-0.1828016 -0.1380506 0.05895658 166 166 166 255 
-0.183007 -0.1381566 0.05914945 166 166 166 255 
-0.1831944 -0.13827 0.05936291 166 166 166 255 
-0.1833633 -0.1383897 0.05959646 166 166 166 255 
-0.1835106 -0.1385133 0.05984713 166 166 166 255 
-0.1836332 -0.1386384 0.06011199 166 166 166 255 
-0.1948519 -0.1391781 0.06142201 166 166 166 255 
-0.1837289 -0.1387625 0.06038774 166 166 166 255 
-0.1837972 -0.1388837 0.06067006 166 166 166 255 
-0.1838382 -0.1389999 0.06095443 166 166 166 255 
-0.1838519 -0.1391092 0.06123636 166 166 166 255 
-0.1838519 -0.1398067 0.06358574 166 166 166 255 
-0.1948519 -0.139945 0.06428433 166 166 166 255 
-0.1838519 -0.1401591 0.066011 166 166 166 255 
-0.1948519 -0.1402033 0.06723636 166 166 166 255 
-0.1838519 -0.1401591 0.06846172 166 166 166 255 
-0.1948519 -0.139945 0.07018837 166 166 166 255 
-0.1838519 -0.1398067 0.07088697 166 166 166 255 
-0.1948519 -0.1391781 0.07305069 166 166 166 255 
-0.1838519 -0.1391092 0.07323635 166 166 166 255 
-0.1838382 -0.1389999 0.07351828 166 166 166 255 
-0.1837972 -0.1388837 0.07380265 166 166 166 255 
-0.1837289 -0.1387625 0.07408497 166 166 166 255 
-0.1836332 -0.1386384 0.07436072 166 166 166 255 
-0.1948519 -0.1379257 0.07573635 166 166 166 255 
-0.1835106 -0.1385133 0.07462558 166 166 166 255 
-0.1833633 -0.1383897 0.07487625 166 166 166 255 
-0.1831944 -0.13827 0.07510979 166 166 166 255 
-0.183007 -0.1381566 0.07532326 166 166 166 255 
-0.1828016 -0.1380506 0.07551613 166 166 166 255 
-0.1825709 -0.1379499 0.0756942 166 166 166 255 
-0.1823172 -0.1378573 0.07585357 166 166 166 255 
-0.1820441 -0.1377767 0.07598928 166 166 166 255 
-0.1817554 -0.1377117 0.07609669 166 166 166 255 
-0.1814563 -0.1376643 0.07617399 166 166 166 255 
-0.1811531 -0.1376353 0.0762207 166 166 166 255 
-0.1808517 -0.1376255 0.07623635 166 166 166 255 
-0.1948519 -0.136226 0.07816374 166 166 166 255 
-0.1398519 -0.136226 0.07816374 166 166 166 255 
-0.1398519 -0.1341307 0.08025911 166 166 166 255 
-0.1948519 -0.1341307 0.08025911 166 166 166 255 
-0.1808517 -0.1322033 0.08165856 166 166 166 255 
-0.1811531 -0.1321876 0.0816684 166 166 166 255 
-0.1948519 -0.1317033 0.08195879 166 166 166 255 
-0.1814563 -0.1321409 0.08169743 166 166 166 255 
-0.1817554 -0.1320636 0.08174483 166 166 166 255 
-0.1820441 -0.1319562 0.08180983 166 166 166 255 
-0.1823172 -0.1318205 0.0818904 166 166 166 255 
-0.1825709 -0.1316611 0.08198293 166 166 166 255 
-0.1828016 -0.131483 0.08208372 166 166 166 255 
-0.183007 -0.1312902 0.08218966 166 166 166 255 
-0.1831944 -0.1310767 0.08230305 166 166 166 255 
-0.1833633 -0.1308432 0.08242278 166 166 166 255 
-0.1835106 -0.1305925 0.0825464 166 166 166 255 
-0.1836332 -0.1303276 0.08267148 166 166 166 255 
-0.1948519 -0.1290176 0.08321113 166 166 166 255 
-0.1837289 -0.1300519 0.08279561 166 166 166 255 
-0.1837972 -0.1297696 0.08291673 166 166 166 255 
-0.1838382 -0.1294852 0.08303295 166 166 166 255 
-0.1838519 -0.1292033 0.08314233 166 166 166 255 
-0.1838519 -0.1268539 0.08383976 166 166 166 255 
-0.1948519 -0.1261553 0.08397809 166 166 166 255 
-0.1838519 -0.1244286 0.08419213 166 166 166 255 
-0.1948519 -0.1232033 0.08423635 166 166 166 255 
-0.1838519 -0.1219779 0.08419213 166 166 166 255 
-0.1948519 -0.1202513 0.08397809 166 166 166 255 
-0.1838519 -0.1195527 0.08383976 166 166 166 255 
-0.1948519 -0.1173889 0.08321113 166 166 166 255 
-0.1838519 -0.1172033 0.08314233 166 166 166 255 
-0.1838382 -0.1169213 0.08303295 166 166 166 255 
-0.1837972 -0.116637 0.08291673 166 166 166 255 
-0.1837289 -0.1163547 0.08279561 166 166 166 255 
-0.1836332 -0.1160789 0.08267148 166 166 166 255 
-0.1948519 -0.1147033 0.08195879 166 166 166 255 
-0.1835106 -0.115814 0.0825464 166 166 166 255 
-0.1833633 -0.1155634 0.08242278 166 166 166 255 
-0.1831944 -0.1153298 0.08230305 166 166 166 255 
-0.183007 -0.1151164 0.08218966 166 166 166 255 
-0.1828016 -0.1149235 0.08208372 166 166 166 255 
-0.1825709 -0.1147454 0.08198293 166 166 166 255 
-0.1823172 -0.1145861 0.0818904 166 166 166 255 
-0.1820441 -0.1144504 0.08180983 166 166 166 255 
-0.1817554 -0.1143429 0.08174483 166 166 166 255 
-0.1814563 -0.1142656 0.08169743 166 166 166 255 
-0.1811531 -0.1142189 0.0816684 166 166 166 255 
-0.1808517 -0.1142033 0.08165856 166 166 166 255 
-0.1948519 -0.1122759 0.08025911 166 166 166 255 
-0.1398519 -0.1122759 0.08025911 166 166 166 255 
-0.1398519 -0.1101805 0.07816374 166 166 166 255 
-0.1948519 -0.1101805 0.07816374 166 166 166 255 
-0.1808522 -0.1087811 0.07623635 166 166 166 255 
-0.1811533 -0.1087712 0.07622068 166 166 166 255 
-0.1948519 -0.1084808 0.07573635 166 166 166 255 
-0.1814559 -0.1087422 0.07617404 166 166 166 255 
-0.1817542 -0.108695 0.076097 166 166 166 255 
-0.1820423 -0.1086303 0.07599008 166 166 166 255 
-0.1823151 -0.1085499 0.07585481 166 166 166 255 
-0.1825689 -0.1084575 0.07569549 166 166 166 255 
-0.1828005 -0.1083564 0.07551692 166 166 166 255 
-0.1830067 -0.1082502 0.07532369 166 166 166 255 
-0.1831933 -0.1081373 0.07511128 166 166 166 255 
-0.183362 -0.1080178 0.07487821 166 166 166 255 
-0.1835095 -0.1078942 0.07462757 166 166 166 255 
-0.1836326 -0.1077689 0.07436246 166 166 166 255 
-0.1948519 -0.1072285 0.07305069 166 166 166 255 
-0.1837286 -0.1076446 0.07408624 166 166 166 255 
-0.1837971 -0.1075232 0.07380335 166 166 166 255 
-0.1838382 -0.1074068 0.07351848 166 166 166 255 
-0.1838519 -0.1072973 0.07323635 166 166 166 255 
-0.1838519 -0.1065999 0.07088697 166 166 166 255 
-0.1948519 -0.1064615 0.07018837 166 166 166 255 
-0.1838519 -0.1062475 0.06846172 166 166 166 255 
-0.1948519 -0.1062033 0.06723636 166 166 166 255 
-0.1838519 -0.1062475 0.066011 166 166 166 255 
-0.1948519 -0.1064615 0.06428433 166 166 166 255 
-0.1838519 -0.1065999 0.06358574 166 166 166 255 
-0.1948519 -0.1072285 0.06142201 166 166 166 255 
-0.1838519 -0.1072973 0.06123636 166 166 166 255 
-0.1838382 -0.1074067 0.06095444 166 166 166 255 
-0.1837972 -0.1075229 0.06067009 166 166 166 255 
-0.1837289 -0.107644 0.06038779 166 166 166 255 
-0.1836333 -0.1077681 0.06011205 166 166 166 255 
-0.1948519 -0.1084808 0.05873635 166 166 166 255 
-0.1835106 -0.1078932 0.0598472 166 166 166 255 
-0.1833633 -0.1080168 0.05959653 166 166 166 255 
-0.1831944 -0.1081365 0.059363 166 166 166 255 
-0.1830071 -0.1082499 0.05914954 166 166 166 255 
-0.1828017 -0.1083558 0.05895668 166 166 166 255 
-0.182571 -0.1084566 0.0587786 166 166 166 255 
-0.1823173 -0.1085492 0.05861923 166 166 166 255 
-0.1820443 -0.1086297 0.05848351 166 166 166 255 
-0.1817556 -0.1086947 0.05837608 166 166 166 255 
-0.1814566 -0.1087422 0.05829876 166 166 166 255 
-0.1811533 -0.1087712 0.05825203 166 166 166 255 
-0.1805508 -0.1087712 0.0762207 166 166 166 255 
-0.1398519 -0.1084808 0.07573635 166 166 166 255 
-0.1802475 -0.1087422 0.07617399 166 166 166 255 
-0.1799485 -0.1086948 0.07609669 166 166 166 255 
-0.1796598 -0.1086298 0.07598928 166 166 166 255 
-0.1793867 -0.1085492 0.07585357 166 166 166 255 
-0.179133 -0.1084567 0.0756942 166 166 166 255 
-0.1789022 -0.1083559 0.07551613 166 166 166 255 
-0.1786969 -0.10825 0.07532326 166 166 166 255 
-0.1785095 -0.1081366 0.07510979 166 166 166 255 
-0.1783406 -0.1080168 0.07487625 166 166 166 255 
-0.1781933 -0.1078932 0.07462558 166 166 166 255 
-0.1780706 -0.1077681 0.07436072 166 166 166 255 
-0.177975 -0.107644 0.07408497 166 166 166 255 
-0.1779066 -0.1075229 0.07380265 166 166 166 255 
-0.1398519 -0.1202513 0.05049462 166 166 166 255 
-0.1778519 -0.1219779 0.05028057 166 166 166 255 
-0.1398519 -0.1232033 0.05023635 166 166 166 255 
-0.1778519 -0.1244286 0.05028057 166 166 166 255 
-0.1398519 -0.1261553 0.05049462 166 166 166 255 
-0.1778519 -0.1268539 0.05063295 166 166 166 255 
-0.1398519 -0.1290176 0.05126158 166 166 166 255 
-0.1778519 -0.1292033 0.05133038 166 166 166 255 
-0.1778656 -0.1294852 0.05143976 166 166 166 255 
-0.1778519 -0.1195527 0.05063295 166 166 166 255 
-0.1398519 -0.1173889 0.05126158 166 166 166 255 
-0.1778519 -0.1172033 0.05133038 166 166 166 255 
-0.1778656 -0.1169213 0.05143976 166 166 166 255 
-0.1779066 -0.116637 0.05155598 166 166 166 255 
-0.177975 -0.1163547 0.0516771 166 166 166 255 
-0.1780706 -0.1160789 0.05180123 166 166 166 255 
-0.1398519 -0.1147033 0.05251392 166 166 166 255 
-0.1781933 -0.115814 0.05192631 166 166 166 255 
-0.1783406 -0.1155634 0.05204993 166 166 166 255 
-0.1785095 -0.1153298 0.05216965 166 166 166 255 
-0.1786969 -0.1151164 0.05228304 166 166 166 255 
-0.1789022 -0.1149235 0.05238898 166 166 166 255 
-0.179133 -0.1147454 0.05248978 166 166 166 255 
-0.1793867 -0.1145861 0.0525823 166 166 166 255 
-0.1796598 -0.1144504 0.05266288 166 166 166 255 
-0.1799485 -0.1143429 0.05272787 166 166 166 255 
-0.1802475 -0.1142656 0.05277528 166 166 166 255 
-0.1805508 -0.1142189 0.05280431 166 166 166 255 
-0.1398519 -0.1147033 0.08195879 166 166 166 255 
-0.1805506 -0.114219 0.08166842 166 166 166 255 
-0.1802479 -0.1142656 0.0816974 166 166 166 255 
-0.1799497 -0.1143426 0.08174466 166 166 166 255 
-0.1796616 -0.1144495 0.08180935 166 166 166 255 
-0.1793888 -0.1145848 0.08188968 166 166 166 255 
-0.179135 -0.1147441 0.08198217 166 166 166 255 
-0.1789034 -0.1149227 0.08208325 166 166 166 255 
-0.1786972 -0.1151159 0.08218945 166 166 166 255 
-0.1785106 -0.1153283 0.08230229 166 166 166 255 
-0.1783419 -0.1155614 0.08242179 166 166 166 255 
-0.1781944 -0.1158121 0.08254542 166 166 166 255 
-0.1780713 -0.1160772 0.08267068 166 166 166 255 
-0.1398519 -0.1173889 0.08321113 166 166 166 255 
-0.1779753 -0.1163534 0.08279507 166 166 166 255 
-0.1779067 -0.1166363 0.08291646 166 166 166 255 
-0.1778656 -0.1169211 0.08303287 166 166 166 255 
-0.1778519 -0.1172033 0.08314233 166 166 166 255 
-0.1778519 -0.1195527 0.08383976 166 166 166 255 
-0.1398519 -0.1202513 0.08397809 166 166 166 255 
-0.1778519 -0.1219779 0.08419213 166 166 166 255 
-0.1398519 -0.1232033 0.08423635 166 166 166 255 
-0.1778519 -0.1244286 0.08419213 166 166 166 255 
-0.1398519 -0.1261553 0.08397809 166 166 166 255 
-0.1778519 -0.1268539 0.08383976 166 166 166 255 
-0.1398519 -0.1290176 0.08321113 166 166 166 255 
-0.1778519 -0.1292033 0.08314233 166 166 166 255 
-0.1778656 -0.1294854 0.08303287 166 166 166 255 
-0.1779067 -0.1297703 0.08291646 166 166 166 255 
-0.1779753 -0.1300532 0.08279507 166 166 166 255 
-0.1780713 -0.1303294 0.08267068 166 166 166 255 
-0.1398519 -0.1317033 0.08195879 166 166 166 255 
-0.1781944 -0.1305945 0.08254542 166 166 166 255 
-0.1783419 -0.1308451 0.08242179 166 166 166 255 
-0.1785106 -0.1310782 0.08230229 166 166 166 255 
-0.1786972 -0.1312906 0.08218945 166 166 166 255 
-0.1789034 -0.1314838 0.08208325 166 166 166 255 
-0.179135 -0.1316624 0.08198217 166 166 166 255 
-0.1793888 -0.1318217 0.08188968 166 166 166 255 
-0.1796616 -0.131957 0.08180935 166 166 166 255 
-0.1799497 -0.1320639 0.08174466 166 166 166 255 
-0.1802479 -0.132141 0.0816974 166 166 166 255 
-0.1805506 -0.1321876 0.08166842 166 166 166 255 
-0.1398519 -0.1379257 0.07573635 166 166 166 255 
-0.1805506 -0.1376353 0.07622068 166 166 166 255 
-0.1802479 -0.1376643 0.07617404 166 166 166 255 
-0.1799497 -0.1377116 0.076097 166 166 166 255 
-0.1796616 -0.1377763 0.07599008 166 166 166 255 
-0.1793888 -0.1378566 0.07585481 166 166 166 255 
-0.179135 -0.1379491 0.07569549 166 166 166 255 
-0.1789034 -0.1380502 0.07551692 166 166 166 255 
-0.1786972 -0.1381564 0.07532369 166 166 166 255 
-0.1785106 -0.1382692 0.07511128 166 166 166 255 
-0.1783419 -0.1383887 0.07487821 166 166 166 255 
-0.1781944 -0.1385123 0.07462757 166 166 166 255 
-0.1780713 -0.1386376 0.07436246 166 166 166 255 
-0.1398519 -0.1391781 0.07305069 166 166 166 255 
-0.1779753 -0.138762 0.07408624 166 166 166 255 
-0.1779067 -0.1388834 0.07380335 166 166 166 255 
-0.1778656 -0.1389998 0.07351848 166 166 166 255 
-0.1778519 -0.1391092 0.07323635 166 166 166 255 
-0.1778519 -0.1398067 0.07088697 166 166 166 255 
-0.1398519 -0.139945 0.07018837 166 166 166 255 
-0.1778519 -0.1401591 0.06846172 166 166 166 255 
-0.1398519 -0.1402033 0.06723636 166 166 166 255 
-0.1778519 -0.1401591 0.066011 166 166 166 255 
-0.1398519 -0.139945 0.06428433 166 166 166 255 
-0.1778519 -0.1398067 0.06358574 166 166 166 255 
-0.1398519 -0.1391781 0.06142201 166 166 166 255 
-0.1778519 -0.1391092 0.06123636 166 166 166 255 
-0.1778656 -0.1389998 0.06095422 166 166 166 255 
-0.1779067 -0.1388834 0.06066936 166 166 166 255 
-0.1779753 -0.138762 0.06038647 166 166 166 255 
-0.1780713 -0.1386376 0.06011024 166 166 166 255 
-0.1398519 -0.1379257 0.05873635 166 166 166 255 
-0.1781944 -0.1385123 0.05984513 166 166 166 255 
-0.1783419 -0.1383887 0.0595945 166 166 166 255 
-0.1785106 -0.1382692 0.05936143 166 166 166 255 
-0.1786972 -0.1381564 0.05914902 166 166 166 255 
-0.1789034 -0.1380502 0.05895578 166 166 166 255 
-0.179135 -0.1379491 0.05877722 166 166 166 255 
-0.1793888 -0.1378566 0.0586179 166 166 166 255 
-0.1796616 -0.1377763 0.05848263 166 166 166 255 
-0.1799497 -0.1377116 0.05837571 166 166 166 255 
-0.1802479 -0.1376643 0.05829866 166 166 166 255 
-0.1805506 -0.1376353 0.05825203 166 166 166 255 
-0.1398519 -0.1317033 0.05251392 166 166 166 255 
-0.1805508 -0.1321876 0.05280431 166 166 166 255 
-0.1802475 -0.1321409 0.05277528 166 166 166 255 
-0.1799485 -0.1320636 0.05272787 166 166 166 255 
-0.1796598 -0.1319562 0.05266288 166 166 166 255 
-0.1793867 -0.1318205 0.0525823 166 166 166 255 
-0.179133 -0.1316611 0.05248978 166 166 166 255 
-0.1789022 -0.131483 0.05238898 166 166 166 255 
-0.1786969 -0.1312902 0.05228304 166 166 166 255 
-0.1785095 -0.1310767 0.05216965 166 166 166 255 
-0.1783406 -0.1308432 0.05204993 166 166 166 255 
-0.1781933 -0.1305925 0.05192631 166 166 166 255 
-0.1780706 -0.1303276 0.05180123 166 166 166 255 
-0.177975 -0.1300519 0.0516771 166 166 166 255 
-0.1779066 -0.1297696 0.05155598 166 166 166 255 
-0.1396435 -0.1261521 0.05051257 166 166 166 255 
-0.1396435 -0.1232033 0.05025458 166 166 166 255 
-0.1396435 -0.1202544 0.05051257 166 166 166 255 
-0.1396435 -0.1173952 0.05127871 166 166 166 255 
-0.1396435 -0.1147124 0.05252971 166 166 166 255 
-0.1396435 -0.1122876 0.05422756 166 166 166 255 
-0.1396435 -0.1101945 0.05632068 166 166 166 255 
-0.1396435 -0.1084966 0.05874547 166 166 166 255 
-0.1396435 -0.1072456 0.06142825 166 166 166 255 
-0.1396435 -0.1064795 0.0642875 166 166 166 255 
-0.1396435 -0.1062215 0.06723636 166 166 166 255 
-0.1396435 -0.1064795 0.07018521 166 166 166 255 
-0.1396435 -0.1072456 0.07304446 166 166 166 255 
-0.1396435 -0.1084966 0.07572724 166 166 166 255 
-0.1396435 -0.1101945 0.07815202 166 166 166 255 
-0.1396435 -0.1122876 0.08024514 166 166 166 255 
-0.1396435 -0.1147124 0.081943 166 166 166 255 
-0.1396435 -0.1173952 0.083194 166 166 166 255 
-0.1396435 -0.1202544 0.08396013 166 166 166 255 
-0.1396435 -0.1232033 0.08421812 166 166 166 255 
-0.1396435 -0.1261521 0.08396013 166 166 166 255 
-0.1396435 -0.1290114 0.083194 166 166 166 255 
-0.1396435 -0.1316942 0.081943 166 166 166 255 
-0.1396435 -0.1341189 0.08024514 166 166 166 255 
-0.1396435 -0.1362121 0.07815202 166 166 166 255 
-0.1396435 -0.1379099 0.07572724 166 166 166 255 
-0.1396435 -0.1391609 0.07304446 166 166 166 255 
-0.1396435 -0.139927 0.07018521 166 166 166 255 
-0.1396435 -0.140185 0.06723636 166 166 166 255 
-0.1396435 -0.139927 0.0642875 166 166 166 255 
-0.1396435 -0.1391609 0.06142825 166 166 166 255 
-0.1396435 -0.1379099 0.05874547 166 166 166 255 
-0.1396435 -0.1362121 0.05632068 166 166 166 255 
-0.1396435 -0.1341189 0.05422756 166 166 166 255 
-0.1396435 -0.1316942 0.05252971 166 166 166 255 
-0.1396435 -0.1290114 0.05127871 166 166 166 255 
-0.1386519 -0.1387632 0.06449271 166 166 166 255 
-0.1386702 -0.1389685 0.06445653 166 166 166 255 
-0.1386519 -0.1390033 0.06723636 166 166 166 255 
-0.1386702 -0.1392117 0.06723636 166 166 166 255 
-0.1386519 -0.1387632 0.06998 166 166 166 255 
-0.1386702 -0.1389685 0.07001618 166 166 166 255 
-0.1386519 -0.1380504 0.07264027 166 166 166 255 
-0.1386702 -0.1382462 0.07271154 166 166 166 255 
-0.1386519 -0.1368865 0.07513636 166 166 166 255 
-0.1386702 -0.1370669 0.07524054 166 166 166 255 
-0.1386519 -0.1353068 0.0773924 166 166 166 255 
-0.1386702 -0.1354664 0.07752634 166 166 166 255 
-0.1386519 -0.1333593 0.07933985 166 166 166 255 
-0.1386702 -0.1334933 0.07949948 166 166 166 255 
-0.1386519 -0.1311033 0.08091956 166 166 166 255 
-0.1386702 -0.1312075 0.08110002 166 166 166 255 
-0.1386519 -0.1286072 0.08208349 166 166 166 255 
-0.1386702 -0.1286785 0.08227931 166 166 166 255 
-0.1386519 -0.1259469 0.08279631 166 166 166 255 
-0.1386702 -0.1259831 0.08300153 166 166 166 255 
-0.1386519 -0.1232033 0.08303636 166 166 166 255 
-0.1386702 -0.1232033 0.08324473 166 166 166 255 
-0.1386519 -0.1204596 0.08279631 166 166 166 255 
-0.1386702 -0.1204234 0.08300153 166 166 166 255 
-0.1386519 -0.1177993 0.08208349 166 166 166 255 
-0.1386702 -0.1177281 0.08227931 166 166 166 255 
-0.1386519 -0.1153033 0.08091956 166 166 166 255 
-0.1386702 -0.1151991 0.08110002 166 166 166 255 
-0.1386519 -0.1130472 0.07933985 166 166 166 255 
-0.1386702 -0.1129133 0.07949948 166 166 166 255 
-0.1386519 -0.1110998 0.0773924 166 166 166 255 
-0.1386702 -0.1109401 0.07752634 166 166 166 255 
-0.1386519 -0.1095201 0.07513636 166 166 166 255 
-0.1386702 -0.1093396 0.07524054 166 166 166 255 
-0.1386519 -0.1083561 0.07264027 166 166 166 255 
-0.1386702 -0.1081603 0.07271154 166 166 166 255 
-0.1386519 -0.1076433 0.06998 166 166 166 255 
-0.1386702 -0.1074381 0.07001618 166 166 166 255 
-0.1386519 -0.1074033 0.06723636 166 166 166 255 
-0.1386702 -0.1071949 0.06723636 166 166 166 255 
-0.1386519 -0.1076433 0.06449271 166 166 166 255 
-0.1386702 -0.1074381 0.06445653 166 166 166 255 
-0.1386519 -0.1083561 0.06183244 166 166 166 255 
-0.1386702 -0.1081603 0.06176117 166 166 166 255 
-0.1386519 -0.1095201 0.05933635 166 166 166 255 
-0.1386702 -0.1093396 0.05923216 166 166 166 255 
-0.1386519 -0.1110998 0.05708031 166 166 166 255 
-0.1386702 -0.1109401 0.05694637 166 166 166 255 
-0.1386519 -0.1130472 0.05513285 166 166 166 255 
-0.1386702 -0.1129133 0.05497323 166 166 166 255 
-0.1386519 -0.1153033 0.05355315 166 166 166 255 
-0.1386702 -0.1151991 0.05337269 166 166 166 255 
-0.1386519 -0.1177993 0.05238921 166 166 166 255 
-0.1386702 -0.1177281 0.0521934 166 166 166 255 
-0.1386519 -0.1204596 0.05167639 166 166 166 255 
-0.1386702 -0.1204234 0.05147118 166 166 166 255 
-0.1386519 -0.1232033 0.05143635 166 166 166 255 
-0.1386702 -0.1232033 0.05122798 166 166 166 255 
-0.1386519 -0.1259469 0.05167639 166 166 166 255 
-0.1386702 -0.1259831 0.05147118 166 166 166 255 
-0.1386519 -0.1286072 0.05238921 166 166 166 255 
-0.1386702 -0.1286785 0.0521934 166 166 166 255 
-0.1386519 -0.1311033 0.05355315 166 166 166 255 
-0.1386702 -0.1312075 0.05337269 166 166 166 255 
-0.1386519 -0.1333593 0.05513285 166 166 166 255 
-0.1386702 -0.1334933 0.05497323 166 166 166 255 
-0.1386519 -0.1353068 0.05708031 166 166 166 255 
-0.1386702 -0.1354664 0.05694637 166 166 166 255 
-0.1386519 -0.1368865 0.05933635 166 166 166 255 
-0.1386702 -0.1370669 0.05923216 166 166 166 255 
-0.1386519 -0.1380504 0.06183244 166 166 166 255 
-0.1386702 -0.1382462 0.06176117 166 166 166 255 
-0.1394415 -0.1232033 0.08416399 166 166 166 255 
-0.1394415 -0.1261427 0.08390681 166 166 166 255 
-0.1394415 -0.1289929 0.08314312 166 166 166 255 
-0.1394415 -0.1316671 0.08189611 166 166 166 255 
-0.1394415 -0.1340841 0.08020367 166 166 166 255 
-0.1394415 -0.1361706 0.07811722 166 166 166 255 
-0.1394415 -0.137863 0.07570017 166 166 166 255 
-0.1394415 -0.13911 0.07302594 166 166 166 255 
-0.1394415 -0.1398737 0.0701758 166 166 166 255 
-0.1394415 -0.1401309 0.06723636 166 166 166 255 
-0.1394415 -0.1398737 0.0642969 166 166 166 255 
-0.1394415 -0.13911 0.06144676 166 166 166 255 
-0.1394415 -0.137863 0.05877254 166 166 166 255 
-0.1394415 -0.1361706 0.05635548 166 166 166 255 
-0.1394415 -0.1340841 0.05426903 166 166 166 255 
-0.1394415 -0.1316671 0.05257659 166 166 166 255 
-0.1394415 -0.1289929 0.05132958 166 166 166 255 
-0.1394415 -0.1261427 0.05056589 166 166 166 255 
-0.1394415 -0.1232033 0.05030872 166 166 166 255 
-0.1394415 -0.1202638 0.05056589 166 166 166 255 
-0.1394415 -0.1174137 0.05132958 166 166 166 255 
-0.1394415 -0.1147395 0.05257659 166 166 166 255 
-0.1394415 -0.1123224 0.05426903 166 166 166 255 
-0.1394415 -0.110236 0.05635548 166 166 166 255 
-0.1394415 -0.1085435 0.05877254 166 166 166 255 
-0.1394415 -0.1072965 0.06144676 166 166 166 255 
-0.1394415 -0.1065328 0.0642969 166 166 166 255 
-0.1394415 -0.1062756 0.06723636 166 166 166 255 
-0.1394415 -0.1065328 0.0701758 166 166 166 255 
-0.1394415 -0.1072965 0.07302594 166 166 166 255 
-0.1394415 -0.1085435 0.07570017 166 166 166 255 
-0.1394415 -0.110236 0.07811722 166 166 166 255 
-0.1394415 -0.1123224 0.08020367 166 166 166 255 
-0.1394415 -0.1147395 0.08189611 166 166 166 255 
-0.1394415 -0.1174137 0.08314312 166 166 166 255 
-0.1394415 -0.1202638 0.08390681 166 166 166 255 
-0.1392519 -0.1232033 0.08407559 166 166 166 255 
-0.1392519 -0.1261274 0.08381976 166 166 166 255 
-0.1392519 -0.1289626 0.08306006 166 166 166 255 
-0.1392519 -0.1316229 0.08181956 166 166 166 255 
-0.1392519 -0.1340273 0.08013595 166 166 166 255 
-0.1392519 -0.1361029 0.0780604 166 166 166 255 
-0.1392519 -0.1377865 0.07565597 166 166 166 255 
-0.1392519 -0.139027 0.07299571 166 166 166 255 
-0.1392519 -0.1397867 0.07016046 166 166 166 255 
-0.1392519 -0.1400425 0.06723636 166 166 166 255 
-0.1392519 -0.1397867 0.06431225 166 166 166 255 
-0.1392519 -0.139027 0.061477 166 166 166 255 
-0.1392519 -0.1377865 0.05881674 166 166 166 255 
-0.1392519 -0.1361029 0.05641231 166 166 166 255 
-0.1392519 -0.1340273 0.05433676 166 166 166 255 
-0.1392519 -0.1316229 0.05265315 166 166 166 255 
-0.1392519 -0.1289626 0.05141265 166 166 166 255 
-0.1392519 -0.1261274 0.05065295 166 166 166 255 
-0.1392519 -0.1232033 0.05039712 166 166 166 255 
-0.1392519 -0.1202792 0.05065295 166 166 166 255 
-0.1392519 -0.1174439 0.05141265 166 166 166 255 
-0.1392519 -0.1147837 0.05265315 166 166 166 255 
-0.1392519 -0.1123792 0.05433676 166 166 166 255 
-0.1392519 -0.1103037 0.05641231 166 166 166 255 
-0.1392519 -0.1086201 0.05881674 166 166 166 255 
-0.1392519 -0.1073796 0.061477 166 166 166 255 
-0.1392519 -0.1066199 0.06431225 166 166 166 255 
-0.1392519 -0.106364 0.06723636 166 166 166 255 
-0.1392519 -0.1066199 0.07016046 166 166 166 255 
-0.1392519 -0.1073796 0.07299571 166 166 166 255 
-0.1392519 -0.1086201 0.07565597 166 166 166 255 
-0.1392519 -0.1103037 0.0780604 166 166 166 255 
-0.1392519 -0.1123792 0.08013595 166 166 166 255 
-0.1392519 -0.1147837 0.08181956 166 166 166 255 
-0.1392519 -0.1174439 0.08306006 166 166 166 255 
-0.1392519 -0.1202792 0.08381976 166 166 166 255 
-0.1390806 -0.1232033 0.08395561 166 166 166 255 
-0.1390806 -0.1261065 0.0837016 166 166 166 255 
-0.1390806 -0.1289216 0.08294731 166 166 166 255 
-0.1390806 -0.1315629 0.08171565 166 166 166 255 
-0.1390806 -0.1339502 0.08004405 166 166 166 255 
-0.1390806 -0.136011 0.07798328 166 166 166 255 
-0.1390806 -0.1376826 0.07559598 166 166 166 255 
-0.1390806 -0.1389142 0.07295468 166 166 166 255 
-0.1390806 -0.1396685 0.07013962 166 166 166 255 
-0.1390806 -0.1399225 0.06723636 166 166 166 255 
-0.1390806 -0.1396685 0.06433309 166 166 166 255 
-0.1390806 -0.1389142 0.06151803 166 166 166 255 
-0.1390806 -0.1376826 0.05887673 166 166 166 255 
-0.1390806 -0.136011 0.05648942 166 166 166 255 
-0.1390806 -0.1339502 0.05442866 166 166 166 255 
-0.1390806 -0.1315629 0.05275705 166 166 166 255 
-0.1390806 -0.1289216 0.0515254 166 166 166 255 
-0.1390806 -0.1261065 0.0507711 166 166 166 255 
-0.1390806 -0.1232033 0.0505171 166 166 166 255 
-0.1390806 -0.1203 0.0507711 166 166 166 255 
-0.1390806 -0.1174849 0.0515254 166 166 166 255 
-0.1390806 -0.1148436 0.05275705 166 166 166 255 
-0.1390806 -0.1124563 0.05442866 166 166 166 255 
-0.1390806 -0.1103956 0.05648942 166 166 166 255 
-0.1390806 -0.108724 0.05887673 166 166 166 255 
-0.1390806 -0.1074923 0.06151803 166 166 166 255 
-0.1390806 -0.106738 0.06433309 166 166 166 255 
-0.1390806 -0.106484 0.06723636 166 166 166 255 
-0.1390806 -0.106738 0.07013962 166 166 166 255 
-0.1390806 -0.1074923 0.07295468 166 166 166 255 
-0.1390806 -0.108724 0.07559598 166 166 166 255 
-0.1390806 -0.1103956 0.07798328 166 166 166 255 
-0.1390806 -0.1124563 0.08004405 166 166 166 255 
-0.1390806 -0.1148436 0.08171565 166 166 166 255 
-0.1390806 -0.1174849 0.08294731 166 166 166 255 
-0.1390806 -0.1203 0.0837016 166 166 166 255 
-0.1389327 -0.1232033 0.0838077 166 166 166 255 
-0.1389327 -0.1260809 0.08355594 166 166 166 255 
-0.1389327 -0.128871 0.08280832 166 166 166 255 
-0.1389327 -0.1314889 0.08158756 166 166 166 255 
-0.1389327 -0.1338551 0.07993074 166 166 166 255 
-0.1389327 -0.1358977 0.07788821 166 166 166 255 
-0.1389327 -0.1375545 0.07552203 166 166 166 255 
-0.1389327 -0.1387752 0.07290409 166 166 166 255 
-0.1389327 -0.1395229 0.07011393 166 166 166 255 
-0.1389327 -0.1397746 0.06723636 166 166 166 255 
-0.1389327 -0.1395229 0.06435877 166 166 166 255 
-0.1389327 -0.1387752 0.06156862 166 166 166 255 
-0.1389327 -0.1375545 0.05895068 166 166 166 255 
-0.1389327 -0.1358977 0.0565845 166 166 166 255 
-0.1389327 -0.1338551 0.05454197 166 166 166 255 
-0.1389327 -0.1314889 0.05288515 166 166 166 255 
-0.1389327 -0.128871 0.05166438 166 166 166 255 
-0.1389327 -0.1260809 0.05091676 166 166 166 255 
-0.1389327 -0.1232033 0.05066501 166 166 166 255 
-0.1389327 -0.1203257 0.05091676 166 166 166 255 
-0.1389327 -0.1175355 0.05166438 166 166 166 255 
-0.1389327 -0.1149176 0.05288515 166 166 166 255 
-0.1389327 -0.1125514 0.05454197 166 166 166 255 
-0.1389327 -0.1105089 0.0565845 166 166 166 255 
-0.1389327 -0.1088521 0.05895068 166 166 166 255 
-0.1389327 -0.1076313 0.06156862 166 166 166 255 
-0.1389327 -0.1068837 0.06435877 166 166 166 255 
-0.1389327 -0.1066319 0.06723636 166 166 166 255 
-0.1389327 -0.1068837 0.07011393 166 166 166 255 
-0.1389327 -0.1076313 0.07290409 166 166 166 255 
-0.1389327 -0.1088521 0.07552203 166 166 166 255 
-0.1389327 -0.1105089 0.07788821 166 166 166 255 
-0.1389327 -0.1125514 0.07993074 166 166 166 255 
-0.1389327 -0.1149176 0.08158756 166 166 166 255 
-0.1389327 -0.1175355 0.08280832 166 166 166 255 
-0.1389327 -0.1203257 0.08355594 166 166 166 255 
-0.1388127 -0.1232033 0.08363635 166 166 166 255 
-0.1388127 -0.1260511 0.0833872 166 166 166 255 
-0.1388127 -0.1288124 0.08264732 166 166 166 255 
-0.1388127 -0.1314033 0.08143917 166 166 166 255 
-0.1388127 -0.133745 0.07979948 166 166 166 255 
-0.1388127 -0.1357664 0.07777807 166 166 166 255 
-0.1388127 -0.1374061 0.07543635 166 166 166 255 
-0.1388127 -0.1386142 0.07284548 166 166 166 255 
-0.1388127 -0.1393541 0.07008418 166 166 166 255 
-0.1388127 -0.1396033 0.06723636 166 166 166 255 
-0.1388127 -0.1393541 0.06438852 166 166 166 255 
-0.1388127 -0.1386142 0.06162722 166 166 166 255 
-0.1388127 -0.1374061 0.05903636 166 166 166 255 
-0.1388127 -0.1357664 0.05669464 166 166 166 255 
-0.1388127 -0.133745 0.05467322 166 166 166 255 
-0.1388127 -0.1314033 0.05303354 166 166 166 255 
-0.1388127 -0.1288124 0.05182539 166 166 166 255 
-0.1388127 -0.1260511 0.05108551 166 166 166 255 
-0.1388127 -0.1232033 0.05083635 166 166 166 255 
-0.1388127 -0.1203554 0.05108551 166 166 166 255 
-0.1388127 -0.1175941 0.05182539 166 166 166 255 
-0.1388127 -0.1150033 0.05303354 166 166 166 255 
-0.1388127 -0.1126616 0.05467322 166 166 166 255 
-0.1388127 -0.1106401 0.05669464 166 166 166 255 
-0.1388127 -0.1090005 0.05903636 166 166 166 255 
-0.1388127 -0.1077923 0.06162722 166 166 166 255 
-0.1388127 -0.1070524 0.06438852 166 166 166 255 
-0.1388127 -0.1068033 0.06723636 166 166 166 255 
-0.1388127 -0.1070524 0.07008418 166 166 166 255 
-0.1388127 -0.1077923 0.07284548 166 166 166 255 
-0.1388127 -0.1090005 0.07543635 166 166 166 255 
-0.1388127 -0.1106401 0.07777807 166 166 166 255 
-0.1388127 -0.1126616 0.07979948 166 166 166 255 
-0.1388127 -0.1150033 0.08143917 166 166 166 255 
-0.1388127 -0.1175941 0.08264732 166 166 166 255 
-0.1388127 -0.1203554 0.0833872 166 166 166 255 
-0.1387243 -0.1232033 0.08344678 166 166 166 255 
-0.1387243 -0.1260182 0.08320051 166 166 166 255 
-0.1387243 -0.1287476 0.08246917 166 166 166 255 
-0.1387243 -0.1313085 0.08127499 166 166 166 255 
-0.1387243 -0.1336231 0.07965426 166 166 166 255 
-0.1387243 -0.1356212 0.07765622 166 166 166 255 
-0.1387243 -0.1372419 0.07534157 166 166 166 255 
-0.1387243 -0.1384361 0.07278065 166 166 166 255 
-0.1387243 -0.1391674 0.07005127 166 166 166 255 
-0.1387243 -0.1394137 0.06723636 166 166 166 255 
-0.1387243 -0.1391674 0.06442145 166 166 166 255 
-0.1387243 -0.1384361 0.06169206 166 166 166 255 
-0.1387243 -0.1372419 0.05913114 166 166 166 255 
-0.1387243 -0.1356212 0.05681649 166 166 166 255 
-0.1387243 -0.1336231 0.05481845 166 166 166 255 
-0.1387243 -0.1313085 0.05319772 166 166 166 255 
-0.1387243 -0.1287476 0.05200354 166 166 166 255 
-0.1387243 -0.1260182 0.0512722 166 166 166 255 
-0.1387243 -0.1232033 0.05102593 166 166 166 255 
-0.1387243 -0.1203884 0.0512722 166 166 166 255 
-0.1387243 -0.117659 0.05200354 166 166 166 255 
-0.1387243 -0.1150981 0.05319772 166 166 166 255 
-0.1387243 -0.1127834 0.05481845 166 166 166 255 
-0.1387243 -0.1107854 0.05681649 166 166 166 255 
-0.1387243 -0.1091646 0.05913114 166 166 166 255 
-0.1387243 -0.1079705 0.06169206 166 166 166 255 
-0.1387243 -0.1072391 0.06442145 166 166 166 255 
-0.1387243 -0.1069928 0.06723636 166 166 166 255 
-0.1387243 -0.1072391 0.07005127 166 166 166 255 
-0.1387243 -0.1079705 0.07278065 166 166 166 255 
-0.1387243 -0.1091646 0.07534157 166 166 166 255 
-0.1387243 -0.1107854 0.07765622 166 166 166 255 
-0.1387243 -0.1127834 0.07965426 166 166 166 255 
-0.1387243 -0.1150981 0.08127499 166 166 166 255 
-0.1387243 -0.117659 0.08246917 166 166 166 255 
-0.1387243 -0.1203884 0.08320051 166 166 166 255 
-0.1838519 -0.1056656 0.07028124 166 166 166 255 
-0.1948519 -0.1056737 0.07032729 166 166 166 255 
-0.1838519 -0.106445 0.07323635 166 166 166 255 
-0.1948519 -0.1064767 0.07332432 166 166 166 255 
-0.1838382 -0.1065489 0.07351875 166 166 166 255 
-0.183797 -0.1066595 0.07380402 166 166 166 255 
-0.1837282 -0.1067747 0.0740874 166 166 166 255 
-0.1836319 -0.1068927 0.07436414 166 166 166 255 
-0.1835083 -0.1070114 0.07462975 166 166 166 255 
-0.1948519 -0.107788 0.07613635 166 166 166 255 
-0.1833603 -0.1071285 0.0748808 166 166 166 255 
-0.183191 -0.1072415 0.07511415 166 166 166 255 
-0.1830038 -0.1073481 0.07532666 166 166 166 255 
-0.182797 -0.1074482 0.07551991 166 166 166 255 
-0.1825649 -0.1075434 0.07569826 166 166 166 255 
-0.1823109 -0.1076302 0.07585714 166 166 166 255 
-0.1820382 -0.1077055 0.07599183 166 166 166 255 
-0.1817506 -0.1077659 0.07609813 166 166 166 255 
-0.1814532 -0.10781 0.07617461 166 166 166 255 
-0.1811517 -0.107837 0.07622083 166 166 166 255 
-0.1808521 -0.1078462 0.07623635 166 166 166 255 
-0.1948519 -0.1095677 0.07867797 166 166 166 255 
-0.1398519 -0.1095677 0.07867797 166 166 166 255 
-0.1398519 -0.1117617 0.08087195 166 166 166 255 
-0.1948519 -0.1117617 0.08087195 166 166 166 255 
-0.1808517 -0.1142033 0.08259343 166 166 166 255 
-0.1948519 -0.1143033 0.08265161 166 166 166 255 
-0.1811516 -0.1142188 0.08260259 166 166 166 255 
-0.1814536 -0.1142651 0.08262961 166 166 166 255 
-0.1817517 -0.1143418 0.08267383 166 166 166 255 
-0.1820399 -0.1144485 0.08273456 166 166 166 255 
-0.1823128 -0.1145836 0.08281002 166 166 166 255 
-0.1825667 -0.1147425 0.08289691 166 166 166 255 
-0.182798 -0.1149205 0.08299179 166 166 166 255 
-0.1830041 -0.1151133 0.08309171 166 166 166 255 
-0.1831919 -0.1153268 0.08319875 166 166 166 255 
-0.1833614 -0.1155606 0.08331196 166 166 166 255 
-0.1835093 -0.1158117 0.08342902 166 166 166 255 
-0.1948519 -0.1171153 0.08396288 166 166 166 255 
-0.1836325 -0.1160771 0.08354761 166 166 166 255 
-0.1837285 -0.1163534 0.08366538 166 166 166 255 
-0.1837971 -0.1166362 0.08378038 166 166 166 255 
-0.1838382 -0.1169211 0.08389075 166 166 166 255 
-0.1838519 -0.1172033 0.08399463 166 166 166 255 
-0.1948519 -0.1201123 0.08476593 166 166 166 255 
-0.1838519 -0.1201584 0.08477399 166 166 166 255 
-0.1948519 -0.1232033 0.08503635 166 166 166 255 
-0.1838519 -0.1232033 0.08503635 166 166 166 255 
-0.1838519 -0.1262482 0.08477399 166 166 166 255 
-0.1948519 -0.1262942 0.08476593 166 166 166 255 
-0.1838519 -0.1292033 0.08399463 166 166 166 255 
-0.1948519 -0.1292912 0.08396288 166 166 166 255 
-0.1838382 -0.1294855 0.08389075 166 166 166 255 
-0.1837971 -0.1297703 0.08378038 166 166 166 255 
-0.1837285 -0.1300532 0.08366538 166 166 166 255 
-0.1836325 -0.1303295 0.08354761 166 166 166 255 
-0.1835093 -0.1305948 0.08342902 166 166 166 255 
-0.1948519 -0.1321033 0.08265161 166 166 166 255 
-0.1833614 -0.1308459 0.08331196 166 166 166 255 
-0.1831919 -0.1310797 0.08319875 166 166 166 255 
-0.1830041 -0.1312932 0.08309171 166 166 166 255 
-0.182798 -0.1314861 0.08299179 166 166 166 255 
-0.1825667 -0.131664 0.08289691 166 166 166 255 
-0.1823128 -0.1318229 0.08281002 166 166 166 255 
-0.1820399 -0.131958 0.08273456 166 166 166 255 
-0.1817517 -0.1320648 0.08267383 166 166 166 255 
-0.1814536 -0.1321415 0.08262961 166 166 166 255 
-0.1811516 -0.1321878 0.08260259 166 166 166 255 
-0.1808517 -0.1322033 0.08259343 166 166 166 255 
-0.1948519 -0.1346449 0.08087195 166 166 166 255 
-0.1398519 -0.1346449 0.08087195 166 166 166 255 
-0.1398519 -0.1368389 0.07867797 166 166 166 255 
-0.1948519 -0.1368389 0.07867797 166 166 166 255 
-0.1808517 -0.1385604 0.07623635 166 166 166 255 
-0.1948519 -0.1386185 0.07613635 166 166 166 255 
-0.1811516 -0.1385695 0.07622086 166 166 166 255 
-0.1814536 -0.1385965 0.07617456 166 166 166 255 
-0.1817517 -0.1386407 0.07609785 166 166 166 255 
-0.1820399 -0.1387015 0.07599111 166 166 166 255 
-0.1823128 -0.1387769 0.07585602 166 166 166 255 
-0.1825667 -0.1388638 0.07569708 166 166 166 255 
-0.182798 -0.1389587 0.07551917 166 166 166 255 
-0.1830041 -0.1390586 0.07532629 166 166 166 255 
-0.1831919 -0.1391657 0.07511281 166 166 166 255 
-0.1833614 -0.1392789 0.07487902 166 166 166 255 
-0.1835093 -0.1393959 0.07462794 166 166 166 255 
-0.1948519 -0.1399298 0.07332432 166 166 166 255 
-0.1836325 -0.1395145 0.07436256 166 166 166 255 
-0.1837285 -0.1396323 0.07408624 166 166 166 255 
-0.1837971 -0.1397473 0.07380339 166 166 166 255 
-0.1838382 -0.1398577 0.07351857 166 166 166 255 
-0.1838519 -0.1399616 0.07323635 166 166 166 255 
-0.1948519 -0.1407329 0.07032729 166 166 166 255 
-0.1838519 -0.1407409 0.07028124 166 166 166 255 
-0.1948519 -0.1410033 0.06723636 166 166 166 255 
-0.1838519 -0.1410033 0.06723636 166 166 166 255 
-0.1838519 -0.1407409 0.06419148 166 166 166 255 
-0.1948519 -0.1407329 0.06414542 166 166 166 255 
-0.1838519 -0.1399616 0.06123636 166 166 166 255 
-0.1948519 -0.1399298 0.06114839 166 166 166 255 
-0.1838382 -0.1398577 0.06095414 166 166 166 255 
-0.1837971 -0.1397473 0.06066932 166 166 166 255 
-0.1837285 -0.1396323 0.06038646 166 166 166 255 
-0.1836325 -0.1395145 0.06011015 166 166 166 255 
-0.1835093 -0.1393959 0.05984477 166 166 166 255 
-0.1948519 -0.1386185 0.05833635 166 166 166 255 
-0.1833614 -0.1392789 0.05959368 166 166 166 255 
-0.1831919 -0.1391657 0.0593599 166 166 166 255 
-0.1830041 -0.1390586 0.05914642 166 166 166 255 
-0.182798 -0.1389587 0.05895354 166 166 166 255 
-0.1825667 -0.1388638 0.05877563 166 166 166 255 
-0.1823128 -0.1387769 0.05861669 166 166 166 255 
-0.1820399 -0.1387015 0.0584816 166 166 166 255 
-0.1817517 -0.1386407 0.05837486 166 166 166 255 
-0.1814536 -0.1385965 0.05829815 166 166 166 255 
-0.1811516 -0.1385695 0.05825185 166 166 166 255 
-0.1808517 -0.1385604 0.05823635 166 166 166 255 
-0.1948519 -0.1368389 0.05579473 166 166 166 255 
-0.1398519 -0.1368389 0.05579473 166 166 166 255 
-0.1398519 -0.1346449 0.05360076 166 166 166 255 
-0.1948519 -0.1346449 0.05360076 166 166 166 255 
-0.1808521 -0.1322033 0.05187927 166 166 166 255 
-0.1948519 -0.1321033 0.0518211 166 166 166 255 
-0.1811517 -0.1321878 0.0518701 166 166 166 255 
-0.1814532 -0.1321415 0.05184311 166 166 166 255 
-0.1817506 -0.132065 0.05179903 166 166 166 255 
-0.1820382 -0.1319588 0.05173856 166 166 166 255 
-0.1823109 -0.1318241 0.0516633 166 166 166 255 
-0.1825649 -0.1316652 0.05157645 166 166 166 255 
-0.182797 -0.1314868 0.05148133 166 166 166 255 
-0.1830038 -0.1312936 0.05138117 166 166 166 255 
-0.183191 -0.1310811 0.0512746 166 166 166 255 
-0.1833603 -0.1308477 0.05116159 166 166 166 255 
-0.1835083 -0.1305967 0.05104452 166 166 166 255 
-0.1948519 -0.1292912 0.05050983 166 166 166 255 
-0.1836319 -0.1303311 0.05092579 166 166 166 255 
-0.1837282 -0.1300543 0.05080779 166 166 166 255 
-0.183797 -0.1297709 0.05069257 166 166 166 255 
-0.1838382 -0.1294857 0.05058203 166 166 166 255 
-0.1838519 -0.1292033 0.05047807 166 166 166 255 
-0.1948519 -0.1262942 0.04970678 166 166 166 255 
-0.1838519 -0.1262482 0.04969872 166 166 166 255 
-0.1948519 -0.1232033 0.04943635 166 166 166 255 
-0.1838519 -0.1232033 0.04943635 166 166 166 255 
-0.1838519 -0.1201584 0.04969872 166 166 166 255 
-0.1948519 -0.1201123 0.04970678 166 166 166 255 
-0.1838519 -0.1172033 0.05047807 166 166 166 255 
-0.1948519 -0.1171153 0.05050983 166 166 166 255 
-0.1838382 -0.1169209 0.05058203 166 166 166 255 
-0.183797 -0.1166356 0.05069257 166 166 166 255 
-0.1837282 -0.1163522 0.05080779 166 166 166 255 
-0.1836319 -0.1160755 0.05092579 166 166 166 255 
-0.1835083 -0.1158099 0.05104452 166 166 166 255 
-0.1948519 -0.1143033 0.0518211 166 166 166 255 
-0.1833603 -0.1155588 0.05116159 166 166 166 255 
-0.183191 -0.1153255 0.0512746 166 166 166 255 
-0.1830038 -0.115113 0.05138117 166 166 166 255 
-0.182797 -0.1149197 0.05148133 166 166 166 255 
-0.1825649 -0.1147414 0.05157645 166 166 166 255 
-0.1823109 -0.1145825 0.0516633 166 166 166 255 
-0.1820382 -0.1144478 0.05173856 166 166 166 255 
-0.1817506 -0.1143415 0.05179903 166 166 166 255 
-0.1814532 -0.114265 0.05184311 166 166 166 255 
-0.1811517 -0.1142188 0.0518701 166 166 166 255 
-0.1808521 -0.1142033 0.05187927 166 166 166 255 
-0.1948519 -0.1117617 0.05360076 166 166 166 255 
-0.1398519 -0.1117617 0.05360076 166 166 166 255 
-0.1398519 -0.1095677 0.05579473 166 166 166 255 
-0.1948519 -0.1095677 0.05579473 166 166 166 255 
-0.1808519 -0.1078462 0.05823635 166 166 166 255 
-0.1948519 -0.107788 0.05833635 166 166 166 255 
-0.1811518 -0.107837 0.05825188 166 166 166 255 
-0.1814538 -0.10781 0.05829819 166 166 166 255 
-0.1817519 -0.1077658 0.05837491 166 166 166 255 
-0.18204 -0.107705 0.05848166 166 166 166 255 
-0.1823129 -0.1076296 0.05861676 166 166 166 255 
-0.1825668 -0.1075427 0.0587757 166 166 166 255 
-0.1827981 -0.1074478 0.05895361 166 166 166 255 
-0.1830042 -0.1073479 0.05914649 166 166 166 255 
-0.183192 -0.1072408 0.05935996 166 166 166 255 
-0.1833615 -0.1071276 0.05959375 166 166 166 255 
-0.1835094 -0.1070106 0.05984483 166 166 166 255 
-0.1948519 -0.1064767 0.06114839 166 166 166 255 
-0.1836325 -0.106892 0.0601102 166 166 166 255 
-0.1837285 -0.1067742 0.0603865 166 166 166 255 
-0.1837971 -0.1066592 0.06066934 166 166 166 255 
-0.1838382 -0.1065489 0.06095415 166 166 166 255 
-0.1838519 -0.106445 0.06123636 166 166 166 255 
-0.1948519 -0.1056737 0.06414542 166 166 166 255 
-0.1838519 -0.1056656 0.06419148 166 166 166 255 
-0.1948519 -0.1054033 0.06723636 166 166 166 255 
-0.1838519 -0.1054033 0.06723636 166 166 166 255 
-0.1398519 -0.107788 0.05833635 166 166 166 255 
-0.1805521 -0.107837 0.05825188 166 166 166 255 
-0.1802501 -0.10781 0.05829819 166 166 166 255 
-0.179952 -0.1077658 0.05837491 166 166 166 255 
-0.1796639 -0.107705 0.05848166 166 166 166 255 
-0.179391 -0.1076296 0.05861676 166 166 166 255 
-0.1791371 -0.1075427 0.0587757 166 166 166 255 
-0.1789057 -0.1074478 0.05895361 166 166 166 255 
-0.1786997 -0.1073479 0.05914649 166 166 166 255 
-0.1785119 -0.1072408 0.05935996 166 166 166 255 
-0.1783424 -0.1071276 0.05959375 166 166 166 255 
-0.1781945 -0.1070106 0.05984483 166 166 166 255 
-0.1398519 -0.1064767 0.06114839 166 166 166 255 
-0.1780713 -0.106892 0.0601102 166 166 166 255 
-0.1779753 -0.1067742 0.0603865 166 166 166 255 
-0.1779068 -0.1066592 0.06066934 166 166 166 255 
-0.1778656 -0.1065489 0.06095415 166 166 166 255 
-0.1778519 -0.106445 0.06123636 166 166 166 255 
-0.1398519 -0.1056737 0.06414542 166 166 166 255 
-0.1778519 -0.1056656 0.06419148 166 166 166 255 
-0.1398519 -0.1054033 0.06723636 166 166 166 255 
-0.1778519 -0.1054033 0.06723636 166 166 166 255 
-0.1778519 -0.1056656 0.07028124 166 166 166 255 
-0.1398519 -0.1056737 0.07032729 166 166 166 255 
-0.1778519 -0.106445 0.07323635 166 166 166 255 
-0.1398519 -0.1064767 0.07332432 166 166 166 255 
-0.1778656 -0.1065489 0.07351857 166 166 166 255 
-0.1779068 -0.1066592 0.07380339 166 166 166 255 
-0.1779753 -0.1067742 0.07408624 166 166 166 255 
-0.1780714 -0.106892 0.07436256 166 166 166 255 
-0.1781945 -0.1070106 0.07462794 166 166 166 255 
-0.1398519 -0.107788 0.07613635 166 166 166 255 
-0.1783424 -0.1071277 0.07487902 166 166 166 255 
-0.1785119 -0.1072409 0.07511281 166 166 166 255 
-0.1786998 -0.1073479 0.07532629 166 166 166 255 
-0.1789058 -0.1074478 0.07551917 166 166 166 255 
-0.1791372 -0.1075427 0.07569708 166 166 166 255 
-0.1793911 -0.1076296 0.07585602 166 166 166 255 
-0.179664 -0.1077051 0.07599111 166 166 166 255 
-0.1799522 -0.1077658 0.07609785 166 166 166 255 
-0.1802503 -0.10781 0.07617456 166 166 166 255 
-0.1805523 -0.107837 0.07622086 166 166 166 255 
-0.1398519 -0.1386185 0.07613635 166 166 166 255 
-0.1805521 -0.1385695 0.07622083 166 166 166 255 
-0.1802507 -0.1385965 0.07617461 166 166 166 255 
-0.1799533 -0.1386406 0.07609813 166 166 166 255 
-0.1796656 -0.1387011 0.07599183 166 166 166 255 
-0.179393 -0.1387763 0.07585714 166 166 166 255 
-0.1791389 -0.1388632 0.07569826 166 166 166 255 
-0.1789069 -0.1389583 0.07551991 166 166 166 255 
-0.1787001 -0.1390585 0.07532666 166 166 166 255 
-0.1785129 -0.139165 0.07511415 166 166 166 255 
-0.1783436 -0.139278 0.0748808 166 166 166 255 
-0.1781955 -0.1393951 0.07462975 166 166 166 255 
-0.1398519 -0.1399298 0.07332432 166 166 166 255 
-0.178072 -0.1395138 0.07436414 166 166 166 255 
-0.1779756 -0.1396318 0.0740874 166 166 166 255 
-0.1779069 -0.1397471 0.07380402 166 166 166 255 
-0.1778657 -0.1398576 0.07351875 166 166 166 255 
-0.1778519 -0.1399616 0.07323635 166 166 166 255 
-0.1398519 -0.1407329 0.07032729 166 166 166 255 
-0.1778519 -0.1407409 0.07028124 166 166 166 255 
-0.1398519 -0.1410033 0.06723636 166 166 166 255 
-0.1778519 -0.1410033 0.06723636 166 166 166 255 
-0.1778519 -0.1407409 0.06419148 166 166 166 255 
-0.1398519 -0.1407329 0.06414542 166 166 166 255 
-0.1778519 -0.1399616 0.06123636 166 166 166 255 
-0.1398519 -0.1399298 0.06114839 166 166 166 255 
-0.1778657 -0.1398576 0.06095396 166 166 166 255 
-0.1779069 -0.1397471 0.06066869 166 166 166 255 
-0.1779756 -0.1396318 0.06038531 166 166 166 255 
-0.178072 -0.1395138 0.06010857 166 166 166 255 
-0.1781955 -0.1393951 0.05984296 166 166 166 255 
-0.1398519 -0.1386185 0.05833635 166 166 166 255 
-0.1783436 -0.139278 0.05959191 166 166 166 255 
-0.1785129 -0.139165 0.05935856 166 166 166 255 
-0.1787001 -0.1390585 0.05914605 166 166 166 255 
-0.1789069 -0.1389583 0.05895279 166 166 166 255 
-0.1791389 -0.1388632 0.05877445 166 166 166 255 
-0.179393 -0.1387763 0.05861557 166 166 166 255 
-0.1796656 -0.1387011 0.05848087 166 166 166 255 
-0.1799533 -0.1386406 0.05837458 166 166 166 255 
-0.1802507 -0.1385965 0.0582981 166 166 166 255 
-0.1805521 -0.1385695 0.05825187 166 166 166 255 
-0.1778657 -0.1294857 0.08389068 166 166 166 255 
-0.1398519 -0.1292912 0.08396288 166 166 166 255 
-0.1778519 -0.1292033 0.08399463 166 166 166 255 
-0.1398519 -0.1262942 0.08476593 166 166 166 255 
-0.1778519 -0.1262482 0.08477399 166 166 166 255 
-0.1398519 -0.1232033 0.08503635 166 166 166 255 
-0.1778519 -0.1232033 0.08503635 166 166 166 255 
-0.1778519 -0.1201584 0.08477399 166 166 166 255 
-0.1398519 -0.1201123 0.08476593 166 166 166 255 
-0.1778519 -0.1172033 0.08399463 166 166 166 255 
-0.1398519 -0.1171153 0.08396288 166 166 166 255 
-0.1778657 -0.1169209 0.08389068 166 166 166 255 
-0.1779069 -0.1166356 0.08378014 166 166 166 255 
-0.1779756 -0.1163522 0.08366492 166 166 166 255 
-0.178072 -0.1160755 0.08354692 166 166 166 255 
-0.1781955 -0.1158099 0.08342819 166 166 166 255 
-0.1398519 -0.1143033 0.08265161 166 166 166 255 
-0.1783436 -0.1155588 0.08331112 166 166 166 255 
-0.1785129 -0.1153255 0.08319811 166 166 166 255 
-0.1787001 -0.115113 0.08309153 166 166 166 255 
-0.1789069 -0.1149197 0.08299138 166 166 166 255 
-0.1791389 -0.1147414 0.08289626 166 166 166 255 
-0.179393 -0.1145825 0.08280941 166 166 166 255 
-0.1796656 -0.1144478 0.08273415 166 166 166 255 
-0.1799533 -0.1143415 0.08267368 166 166 166 255 
-0.1802507 -0.114265 0.08262959 166 166 166 255 
-0.1805521 -0.1142188 0.08260261 166 166 166 255 
-0.1779069 -0.1297709 0.08378014 166 166 166 255 
-0.1779756 -0.1300543 0.08366492 166 166 166 255 
-0.178072 -0.1303311 0.08354692 166 166 166 255 
-0.1781955 -0.1305967 0.08342819 166 166 166 255 
-0.1398519 -0.1321033 0.08265161 166 166 166 255 
-0.1783436 -0.1308477 0.08331112 166 166 166 255 
-0.1785129 -0.1310811 0.08319811 166 166 166 255 
-0.1787001 -0.1312936 0.08309153 166 166 166 255 
-0.1789069 -0.1314868 0.08299138 166 166 166 255 
-0.1791389 -0.1316652 0.08289626 166 166 166 255 
-0.179393 -0.1318241 0.08280941 166 166 166 255 
-0.1796656 -0.1319588 0.08273415 166 166 166 255 
-0.1799533 -0.132065 0.08267368 166 166 166 255 
-0.1802507 -0.1321415 0.08262959 166 166 166 255 
-0.1805521 -0.1321878 0.08260261 166 166 166 255 
-0.1398519 -0.1262942 0.04970678 166 166 166 255 
-0.1778519 -0.1262482 0.04969872 166 166 166 255 
-0.1398519 -0.1232033 0.04943635 166 166 166 255 
-0.1778519 -0.1232033 0.04943635 166 166 166 255 
-0.1778519 -0.1201584 0.04969872 166 166 166 255 
-0.1778519 -0.1292033 0.05047807 166 166 166 255 
-0.1398519 -0.1292912 0.05050983 166 166 166 255 
-0.1778656 -0.1294855 0.05058196 166 166 166 255 
-0.1779068 -0.1297703 0.05069233 166 166 166 255 
-0.1779753 -0.1300532 0.05080733 166 166 166 255 
-0.1780714 -0.1303295 0.0509251 166 166 166 255 
-0.1781945 -0.1305948 0.05104368 166 166 166 255 
-0.1398519 -0.1321033 0.0518211 166 166 166 255 
-0.1783424 -0.1308459 0.05116075 166 166 166 255 
-0.1785119 -0.1310797 0.05127396 166 166 166 255 
-0.1786998 -0.1312932 0.05138099 166 166 166 255 
-0.1789058 -0.1314861 0.05148092 166 166 166 255 
-0.1791372 -0.131664 0.0515758 166 166 166 255 
-0.1793911 -0.1318229 0.05166268 166 166 166 255 
-0.179664 -0.131958 0.05173815 166 166 166 255 
-0.1799522 -0.1320648 0.05179888 166 166 166 255 
-0.1802503 -0.1321415 0.0518431 166 166 166 255 
-0.1805523 -0.1321878 0.05187012 166 166 166 255 
-0.1398519 -0.1143033 0.0518211 166 166 166 255 
-0.1805523 -0.1142188 0.05187012 166 166 166 255 
-0.1802503 -0.1142651 0.0518431 166 166 166 255 
-0.1799522 -0.1143418 0.05179888 166 166 166 255 
-0.179664 -0.1144485 0.05173815 166 166 166 255 
-0.1793911 -0.1145836 0.05166268 166 166 166 255 
-0.1791372 -0.1147425 0.0515758 166 166 166 255 
-0.1789058 -0.1149205 0.05148092 166 166 166 255 
-0.1786998 -0.1151133 0.05138099 166 166 166 255 
-0.1785119 -0.1153268 0.05127396 166 166 166 255 
-0.1783424 -0.1155606 0.05116075 166 166 166 255 
-0.1781945 -0.1158117 0.05104368 166 166 166 255 
-0.1398519 -0.1171153 0.05050983 166 166 166 255 
-0.1780714 -0.1160771 0.0509251 166 166 166 255 
-0.1779753 -0.1163534 0.05080733 166 166 166 255 
-0.1779068 -0.1166362 0.05069233 166 166 166 255 
-0.1778656 -0.1169211 0.05058196 166 166 166 255 
-0.1778519 -0.1172033 0.05047807 166 166 166 255 
-0.1398519 -0.1201123 0.04970678 166 166 166 255 
-0.1395046 -0.1201176 0.0497367 166 166 166 255 
-0.1395046 -0.1232033 0.04946674 166 166 166 255 
-0.1395046 -0.1262889 0.0497367 166 166 166 255 
-0.1395046 -0.1292808 0.05053838 166 166 166 255 
-0.1395046 -0.1320881 0.05184742 166 166 166 255 
-0.1395046 -0.1346254 0.05362404 166 166 166 255 
-0.1395046 -0.1368156 0.05581427 166 166 166 255 
-0.1395046 -0.1385922 0.05835155 166 166 166 255 
-0.1395046 -0.1399013 0.06115879 166 166 166 255 
-0.1395046 -0.1407029 0.06415069 166 166 166 255 
-0.1395046 -0.1409729 0.06723636 166 166 166 255 
-0.1395046 -0.1407029 0.07032201 166 166 166 255 
-0.1395046 -0.1399013 0.07331392 166 166 166 255 
-0.1395046 -0.1385922 0.07612116 166 166 166 255 
-0.1395046 -0.1368156 0.07865844 166 166 166 255 
-0.1395046 -0.1346254 0.08084867 166 166 166 255 
-0.1395046 -0.1320881 0.08262529 166 166 166 255 
-0.1395046 -0.1292808 0.08393433 166 166 166 255 
-0.1395046 -0.1262889 0.08473601 166 166 166 255 
-0.1395046 -0.1232033 0.08500597 166 166 166 255 
-0.1395046 -0.1201176 0.08473601 166 166 166 255 
-0.1395046 -0.1171257 0.08393433 166 166 166 255 
-0.1395046 -0.1143185 0.08262529 166 166 166 255 
-0.1395046 -0.1117812 0.08084867 166 166 166 255 
-0.1395046 -0.109591 0.07865844 166 166 166 255 
-0.1395046 -0.1078143 0.07612116 166 166 166 255 
-0.1395046 -0.1065053 0.07331392 166 166 166 255 
-0.1395046 -0.1057036 0.07032201 166 166 166 255 
-0.1395046 -0.1054337 0.06723636 166 166 166 255 
-0.1395046 -0.1057036 0.06415069 166 166 166 255 
-0.1395046 -0.1065053 0.06115879 166 166 166 255 
-0.1395046 -0.1078143 0.05835155 166 166 166 255 
-0.1395046 -0.109591 0.05581427 166 166 166 255 
-0.1395046 -0.1117812 0.05362404 166 166 166 255 
-0.1395046 -0.1143185 0.05184742 166 166 166 255 
-0.1395046 -0.1171257 0.05053838 166 166 166 255 
-0.1378823 -0.1073013 0.0644324 166 166 166 255 
-0.1378823 -0.107056 0.06723636 166 166 166 255 
-0.1378823 -0.1073013 0.0700403 166 166 166 255 
-0.1378823 -0.1080298 0.07275905 166 166 166 255 
-0.1378823 -0.1092193 0.07531 166 166 166 255 
-0.1378823 -0.1108337 0.07761563 166 166 166 255 
-0.1378823 -0.112824 0.0796059 166 166 166 255 
-0.1378823 -0.1151296 0.08122032 166 166 166 255 
-0.1378823 -0.1176806 0.08240985 166 166 166 255 
-0.1378823 -0.1203993 0.08313834 166 166 166 255 
-0.1378823 -0.1232033 0.08338365 166 166 166 255 
-0.1378823 -0.1260072 0.08313834 166 166 166 255 
-0.1378823 -0.128726 0.08240985 166 166 166 255 
-0.1378823 -0.1312769 0.08122032 166 166 166 255 
-0.1378823 -0.1335825 0.0796059 166 166 166 255 
-0.1378823 -0.1355728 0.07761563 166 166 166 255 
-0.1378823 -0.1371872 0.07531 166 166 166 255 
-0.1378823 -0.1383768 0.07275905 166 166 166 255 
-0.1378823 -0.1391053 0.0700403 166 166 166 255 
-0.1378823 -0.1393506 0.06723636 166 166 166 255 
-0.1378823 -0.1391053 0.0644324 166 166 166 255 
-0.1378823 -0.1383768 0.06171365 166 166 166 255 
-0.1378823 -0.1371872 0.05916271 166 166 166 255 
-0.1378823 -0.1355728 0.05685707 166 166 166 255 
-0.1378823 -0.1335825 0.05486681 166 166 166 255 
-0.1378823 -0.1312769 0.05325238 166 166 166 255 
-0.1378823 -0.128726 0.05206286 166 166 166 255 
-0.1378823 -0.1260072 0.05133437 166 166 166 255 
-0.1378823 -0.1232033 0.05108906 166 166 166 255 
-0.1378823 -0.1203993 0.05133437 166 166 166 255 
-0.1378823 -0.1176806 0.05206286 166 166 166 255 
-0.1378823 -0.1151296 0.05325238 166 166 166 255 
-0.1378823 -0.112824 0.05486681 166 166 166 255 
-0.1378823 -0.1108337 0.05685707 166 166 166 255 
-0.1378823 -0.1092193 0.05916271 166 166 166 255 
-0.1378823 -0.1080298 0.06171365 166 166 166 255 
-0.1391679 -0.1232033 0.04955697 166 166 166 255 
-0.1391679 -0.1262733 0.04982556 166 166 166 255 
-0.1391679 -0.12925 0.05062317 166 166 166 255 
-0.1391679 -0.132043 0.05192556 166 166 166 255 
-0.1391679 -0.1345674 0.05369316 166 166 166 255 
-0.1391679 -0.1367465 0.05587227 166 166 166 255 
-0.1391679 -0.1385141 0.05839666 166 166 166 255 
-0.1391679 -0.1398165 0.06118965 166 166 166 255 
-0.1391679 -0.1406141 0.06416636 166 166 166 255 
-0.1391679 -0.1408827 0.06723636 166 166 166 255 
-0.1391679 -0.1406141 0.07030635 166 166 166 255 
-0.1391679 -0.1398165 0.07328306 166 166 166 255 
-0.1391679 -0.1385141 0.07607605 166 166 166 255 
-0.1391679 -0.1367465 0.07860044 166 166 166 255 
-0.1391679 -0.1345674 0.08077955 166 166 166 255 
-0.1391679 -0.132043 0.08254715 166 166 166 255 
-0.1391679 -0.12925 0.08384954 166 166 166 255 
-0.1391679 -0.1262733 0.08464715 166 166 166 255 
-0.1391679 -0.1232033 0.08491574 166 166 166 255 
-0.1391679 -0.1201333 0.08464715 166 166 166 255 
-0.1391679 -0.1171566 0.08384954 166 166 166 255 
-0.1391679 -0.1143636 0.08254715 166 166 166 255 
-0.1391679 -0.1118392 0.08077955 166 166 166 255 
-0.1391679 -0.1096601 0.07860044 166 166 166 255 
-0.1391679 -0.1078925 0.07607605 166 166 166 255 
-0.1391679 -0.1065901 0.07328306 166 166 166 255 
-0.1391679 -0.1057925 0.07030635 166 166 166 255 
-0.1391679 -0.1055239 0.06723636 166 166 166 255 
-0.1391679 -0.1057925 0.06416636 166 166 166 255 
-0.1391679 -0.1065901 0.06118965 166 166 166 255 
-0.1391679 -0.1078925 0.05839666 166 166 166 255 
-0.1391679 -0.1096601 0.05587227 166 166 166 255 
-0.1391679 -0.1118392 0.05369316 166 166 166 255 
-0.1391679 -0.1143636 0.05192556 166 166 166 255 
-0.1391679 -0.1171566 0.05062317 166 166 166 255 
-0.1391679 -0.1201333 0.04982556 166 166 166 255 
-0.1388519 -0.1232033 0.0497043 166 166 166 255 
-0.1388519 -0.1262477 0.04997065 166 166 166 255 
-0.1388519 -0.1291996 0.05076161 166 166 166 255 
-0.1388519 -0.1319693 0.05205315 166 166 166 255 
-0.1388519 -0.1344727 0.05380602 166 166 166 255 
-0.1388519 -0.1366336 0.05596697 166 166 166 255 
-0.1388519 -0.1383865 0.05847033 166 166 166 255 
-0.1388519 -0.139678 0.06124004 166 166 166 255 
-0.1388519 -0.140469 0.06419194 166 166 166 255 
-0.1388519 -0.1407353 0.06723636 166 166 166 255 
-0.1388519 -0.140469 0.07028076 166 166 166 255 
-0.1388519 -0.139678 0.07323267 166 166 166 255 
-0.1388519 -0.1383865 0.07600238 166 166 166 255 
-0.1388519 -0.1366336 0.07850574 166 166 166 255 
-0.1388519 -0.1344727 0.08066668 166 166 166 255 
-0.1388519 -0.1319693 0.08241955 166 166 166 255 
-0.1388519 -0.1291996 0.0837111 166 166 166 255 
-0.1388519 -0.1262477 0.08450206 166 166 166 255 
-0.1388519 -0.1232033 0.08476841 166 166 166 255 
-0.1388519 -0.1201589 0.08450206 166 166 166 255 
-0.1388519 -0.117207 0.0837111 166 166 166 255 
-0.1388519 -0.1144372 0.08241955 166 166 166 255 
-0.1388519 -0.1119339 0.08066668 166 166 166 255 
-0.1388519 -0.1097729 0.07850574 166 166 166 255 
-0.1388519 -0.1080201 0.07600238 166 166 166 255 
-0.1388519 -0.1067285 0.07323267 166 166 166 255 
-0.1388519 -0.1059376 0.07028076 166 166 166 255 
-0.1388519 -0.1056712 0.06723636 166 166 166 255 
-0.1388519 -0.1059376 0.06419194 166 166 166 255 
-0.1388519 -0.1067285 0.06124004 166 166 166 255 
-0.1388519 -0.1080201 0.05847033 166 166 166 255 
-0.1388519 -0.1097729 0.05596697 166 166 166 255 
-0.1388519 -0.1119339 0.05380602 166 166 166 255 
-0.1388519 -0.1144372 0.05205315 166 166 166 255 
-0.1388519 -0.117207 0.05076161 166 166 166 255 
-0.1388519 -0.1201589 0.04997065 166 166 166 255 
-0.1385664 -0.1232033 0.04990426 166 166 166 255 
-0.1385664 -0.126213 0.05016758 166 166 166 255 
-0.1385664 -0.1291312 0.05094952 166 166 166 255 
-0.1385664 -0.1318693 0.05222632 166 166 166 255 
-0.1385664 -0.1343441 0.0539592 166 166 166 255 
-0.1385664 -0.1364804 0.0560955 166 166 166 255 
-0.1385664 -0.1382133 0.05857031 166 166 166 255 
-0.1385664 -0.1394901 0.06130843 166 166 166 255 
-0.1385664 -0.1402721 0.06422666 166 166 166 255 
-0.1385664 -0.1405354 0.06723636 166 166 166 255 
-0.1385664 -0.1402721 0.07024604 166 166 166 255 
-0.1385664 -0.1394901 0.07316428 166 166 166 255 
-0.1385664 -0.1382133 0.07590239 166 166 166 255 
-0.1385664 -0.1364804 0.0783772 166 166 166 255 
-0.1385664 -0.1343441 0.08051351 166 166 166 255 
-0.1385664 -0.1318693 0.08224639 166 166 166 255 
-0.1385664 -0.1291312 0.08352319 166 166 166 255 
-0.1385664 -0.126213 0.08430513 166 166 166 255 
-0.1385664 -0.1232033 0.08456844 166 166 166 255 
-0.1385664 -0.1201936 0.08430513 166 166 166 255 
-0.1385664 -0.1172753 0.08352319 166 166 166 255 
-0.1385664 -0.1145372 0.08224639 166 166 166 255 
-0.1385664 -0.1120624 0.08051351 166 166 166 255 
-0.1385664 -0.1099261 0.0783772 166 166 166 255 
-0.1385664 -0.1081932 0.07590239 166 166 166 255 
-0.1385664 -0.1069164 0.07316428 166 166 166 255 
-0.1385664 -0.1061345 0.07024604 166 166 166 255 
-0.1385664 -0.1058712 0.06723636 166 166 166 255 
-0.1385664 -0.1061345 0.06422666 166 166 166 255 
-0.1385664 -0.1069164 0.06130843 166 166 166 255 
-0.1385664 -0.1081932 0.05857031 166 166 166 255 
-0.1385664 -0.1099261 0.0560955 166 166 166 255 
-0.1385664 -0.1120624 0.0539592 166 166 166 255 
-0.1385664 -0.1145372 0.05222632 166 166 166 255 
-0.1385664 -0.1172753 0.05094952 166 166 166 255 
-0.1385664 -0.1201936 0.05016758 166 166 166 255 
-0.1383198 -0.1232033 0.05015078 166 166 166 255 
-0.1383198 -0.1261701 0.05041035 166 166 166 255 
-0.1383198 -0.1290469 0.05118116 166 166 166 255 
-0.1383198 -0.1317461 0.05243981 166 166 166 255 
-0.1383198 -0.1341857 0.05414804 166 166 166 255 
-0.1383198 -0.1362916 0.05625396 166 166 166 255 
-0.1383198 -0.1379998 0.05869357 166 166 166 255 
-0.1383198 -0.1392585 0.06139274 166 166 166 255 
-0.1383198 -0.1400293 0.06426948 166 166 166 255 
-0.1383198 -0.1402888 0.06723636 166 166 166 255 
-0.1383198 -0.1400293 0.07020323 166 166 166 255 
-0.1383198 -0.1392585 0.07307997 166 166 166 255 
-0.1383198 -0.1379998 0.07577914 166 166 166 255 
-0.1383198 -0.1362916 0.07821875 166 166 166 255 
-0.1383198 -0.1341857 0.08032466 166 166 166 255 
-0.1383198 -0.1317461 0.0820329 166 166 166 255 
-0.1383198 -0.1290469 0.08329155 166 166 166 255 
-0.1383198 -0.1261701 0.08406236 166 166 166 255 
-0.1383198 -0.1232033 0.08432193 166 166 166 255 
-0.1383198 -0.1202364 0.08406236 166 166 166 255 
-0.1383198 -0.1173597 0.08329155 166 166 166 255 
-0.1383198 -0.1146605 0.0820329 166 166 166 255 
-0.1383198 -0.1122209 0.08032466 166 166 166 255 
-0.1383198 -0.110115 0.07821875 166 166 166 255 
-0.1383198 -0.1084067 0.07577914 166 166 166 255 
-0.1383198 -0.1071481 0.07307997 166 166 166 255 
-0.1383198 -0.1063773 0.07020323 166 166 166 255 
-0.1383198 -0.1061177 0.06723636 166 166 166 255 
-0.1383198 -0.1063773 0.06426948 166 166 166 255 
-0.1383198 -0.1071481 0.06139274 166 166 166 255 
-0.1383198 -0.1084067 0.05869357 166 166 166 255 
-0.1383198 -0.110115 0.05625396 166 166 166 255 
-0.1383198 -0.1122209 0.05414804 166 166 166 255 
-0.1383198 -0.1146605 0.05243981 166 166 166 255 
-0.1383198 -0.1173597 0.05118116 166 166 166 255 
-0.1383198 -0.1202364 0.05041035 166 166 166 255 
-0.1381199 -0.1232033 0.05043636 166 166 166 255 
-0.1381199 -0.1261206 0.05069158 166 166 166 255 
-0.1381199 -0.1289492 0.05144952 166 166 166 255 
-0.1381199 -0.1316033 0.05268713 166 166 166 255 
-0.1381199 -0.1340021 0.05436681 166 166 166 255 
-0.1381199 -0.1360728 0.05643752 166 166 166 255 
-0.1381199 -0.1377525 0.05883635 166 166 166 255 
-0.1381199 -0.1389901 0.06149042 166 166 166 255 
-0.1381199 -0.139748 0.06431907 166 166 166 255 
-0.1381199 -0.1400033 0.06723636 166 166 166 255 
-0.1381199 -0.139748 0.07015365 166 166 166 255 
-0.1381199 -0.1389901 0.07298229 166 166 166 255 
-0.1381199 -0.1377525 0.07563636 166 166 166 255 
-0.1381199 -0.1360728 0.07803518 166 166 166 255 
-0.1381199 -0.1340021 0.0801059 166 166 166 255 
-0.1381199 -0.1316033 0.08178558 166 166 166 255 
-0.1381199 -0.1289492 0.08302319 166 166 166 255 
-0.1381199 -0.1261206 0.08378112 166 166 166 255 
-0.1381199 -0.1232033 0.08403635 166 166 166 255 
-0.1381199 -0.120286 0.08378112 166 166 166 255 
-0.1381199 -0.1174573 0.08302319 166 166 166 255 
-0.1381199 -0.1148033 0.08178558 166 166 166 255 
-0.1381199 -0.1124044 0.0801059 166 166 166 255 
-0.1381199 -0.1103337 0.07803518 166 166 166 255 
-0.1381199 -0.108654 0.07563636 166 166 166 255 
-0.1381199 -0.1074164 0.07298229 166 166 166 255 
-0.1381199 -0.1066585 0.07015365 166 166 166 255 
-0.1381199 -0.1064033 0.06723636 166 166 166 255 
-0.1381199 -0.1066585 0.06431907 166 166 166 255 
-0.1381199 -0.1074164 0.06149042 166 166 166 255 
-0.1381199 -0.108654 0.05883635 166 166 166 255 
-0.1381199 -0.1103337 0.05643752 166 166 166 255 
-0.1381199 -0.1124044 0.05436681 166 166 166 255 
-0.1381199 -0.1148033 0.05268713 166 166 166 255 
-0.1381199 -0.1174573 0.05144952 166 166 166 255 
-0.1381199 -0.120286 0.05069158 166 166 166 255 
-0.1379725 -0.1232033 0.05075231 166 166 166 255 
-0.1379725 -0.1260657 0.05100274 166 166 166 255 
-0.1379725 -0.1288411 0.05174642 166 166 166 255 
-0.1379725 -0.1314453 0.05296076 166 166 166 255 
-0.1379725 -0.133799 0.05460885 166 166 166 255 
-0.1379725 -0.1358308 0.05664062 166 166 166 255 
-0.1379725 -0.1374789 0.05899433 166 166 166 255 
-0.1379725 -0.1386932 0.06159848 166 166 166 255 
-0.1379725 -0.1394369 0.06437393 166 166 166 255 
-0.1379725 -0.1396873 0.06723636 166 166 166 255 
-0.1379725 -0.1394369 0.07009878 166 166 166 255 
-0.1379725 -0.1386932 0.07287423 166 166 166 255 
-0.1379725 -0.1374789 0.07547837 166 166 166 255 
-0.1379725 -0.1358308 0.07783209 166 166 166 255 
-0.1379725 -0.133799 0.07986386 166 166 166 255 
-0.1379725 -0.1314453 0.08151195 166 166 166 255 
-0.1379725 -0.1288411 0.08272628 166 166 166 255 
-0.1379725 -0.1260657 0.08346996 166 166 166 255 
-0.1379725 -0.1232033 0.08372039 166 166 166 255 
-0.1379725 -0.1203408 0.08346996 166 166 166 255 
-0.1379725 -0.1175654 0.08272628 166 166 166 255 
-0.1379725 -0.1149613 0.08151195 166 166 166 255 
-0.1379725 -0.1126075 0.07986386 166 166 166 255 
-0.1379725 -0.1105758 0.07783209 166 166 166 255 
-0.1379725 -0.1089277 0.07547837 166 166 166 255 
-0.1379725 -0.1077133 0.07287423 166 166 166 255 
-0.1379725 -0.1069697 0.07009878 166 166 166 255 
-0.1379725 -0.1067192 0.06723636 166 166 166 255 
-0.1379725 -0.1069697 0.06437393 166 166 166 255 
-0.1379725 -0.1077133 0.06159848 166 166 166 255 
-0.1379725 -0.1089277 0.05899433 166 166 166 255 
-0.1379725 -0.1105758 0.05664062 166 166 166 255 
-0.1379725 -0.1126075 0.05460885 166 166 166 255 
-0.1379725 -0.1149613 0.05296076 166 166 166 255 
-0.1379725 -0.1175654 0.05174642 166 166 166 255 
-0.1379725 -0.1203408 0.05100274 166 166 166 255 
-0.1386519 -0.1337098 0.07489227 166 166 166 255 
-0.1386519 -0.1323957 0.07642874 166 166 166 255 
-0.1386519 -0.1308592 0.07774287 166 166 166 255 
-0.1386519 -0.1291375 0.07880288 166 166 166 255 
-0.1386519 -0.1289848 0.0788659 166 166 166 255 
-0.1386519 -0.1288238 0.07890291 166 166 166 255 
-0.1386519 -0.1286588 0.0789129 166 166 166 255 
-0.1386519 -0.1284945 0.07889559 166 166 166 255 
-0.1386519 -0.1283353 0.07885146 166 166 166 255 
-0.1386519 -0.1281855 0.07878171 166 166 166 255 
-0.1386519 -0.1280492 0.07868825 166 166 166 255 
-0.1386519 -0.1279302 0.07857362 166 166 166 255 
-0.1386519 -0.1278317 0.07844096 166 166 166 255 
-0.1386519 -0.1277564 0.0782939 166 166 166 255 
-0.1386519 -0.1186502 0.0782939 166 166 166 255 
-0.1386519 -0.1185748 0.07844096 166 166 166 255 
-0.1386519 -0.1184763 0.07857362 166 166 166 255 
-0.1386519 -0.1183573 0.07868825 166 166 166 255 
-0.1386519 -0.1182211 0.07878171 166 166 166 255 
-0.1386519 -0.1180713 0.07885146 166 166 166 255 
-0.1386519 -0.117912 0.07889559 166 166 166 255 
-0.1386519 -0.1177477 0.0789129 166 166 166 255 
-0.1386519 -0.1175828 0.07890291 166 166 166 255 
-0.1386519 -0.1174217 0.0788659 166 166 166 255 
-0.1386519 -0.117269 0.07880288 166 166 166 255 
-0.1386519 -0.1155474 0.07774287 166 166 166 255 
-0.1386519 -0.1140109 0.07642874 166 166 166 255 
-0.1386519 -0.1126968 0.07489227 166 166 166 255 
-0.1386519 -0.1126968 0.05958044 166 166 166 255 
-0.1386519 -0.1140109 0.05804396 166 166 166 255 
-0.1386519 -0.1155474 0.05672983 166 166 166 255 
-0.1386519 -0.117269 0.05566983 166 166 166 255 
-0.1386519 -0.1174217 0.0556068 166 166 166 255 
-0.1386519 -0.1175828 0.0555698 166 166 166 255 
-0.1386519 -0.1177477 0.05555981 166 166 166 255 
-0.1386519 -0.117912 0.05557712 166 166 166 255 
-0.1386519 -0.1180713 0.05562125 166 166 166 255 
-0.1386519 -0.1182211 0.055691 166 166 166 255 
-0.1386519 -0.1183573 0.05578446 166 166 166 255 
-0.1386519 -0.1184763 0.05589909 166 166 166 255 
-0.1386519 -0.1185748 0.05603174 166 166 166 255 
-0.1386519 -0.1186502 0.05617881 166 166 166 255 
-0.1386519 -0.1277564 0.05617881 166 166 166 255 
-0.1386519 -0.1278317 0.05603174 166 166 166 255 
-0.1386519 -0.1279302 0.05589909 166 166 166 255 
-0.1386519 -0.1280492 0.05578446 166 166 166 255 
-0.1386519 -0.1281855 0.055691 166 166 166 255 
-0.1386519 -0.1283353 0.05562125 166 166 166 255 
-0.1386519 -0.1284945 0.05557712 166 166 166 255 
-0.1386519 -0.1286588 0.05555981 166 166 166 255 
-0.1386519 -0.1288238 0.0555698 166 166 166 255 
-0.1386519 -0.1289848 0.0556068 166 166 166 255 
-0.1386519 -0.1291375 0.05566983 166 166 166 255 
-0.1386519 -0.1308592 0.05672983 166 166 166 255 
-0.1386519 -0.1323957 0.05804396 166 166 166 255 
-0.1386519 -0.1337098 0.05958044 166 166 166 255 
-0.1386519 -0.1321596 0.0630648 166 166 166 255 
-0.1386519 -0.1321596 0.07140791 166 166 166 255 
-0.1386519 -0.1323026 0.07132751 166 166 166 255 
-0.1386519 -0.1324567 0.07127155 166 166 166 255 
-0.1386519 -0.132618 0.07124154 166 166 166 255 
-0.1386519 -0.1327819 0.07123828 166 166 166 255 
-0.1386519 -0.1329442 0.07126187 166 166 166 255 
-0.1386519 -0.1331005 0.07131167 166 166 166 255 
-0.1386519 -0.1320318 0.06296211 166 166 166 255 
-0.1386519 -0.1319224 0.06283991 166 166 166 255 
-0.1386519 -0.1318345 0.06270148 166 166 166 255 
-0.1386519 -0.1310551 0.06145616 166 166 166 255 
-0.1386519 -0.1300976 0.06034206 166 166 166 255 
-0.1386519 -0.1289835 0.05938448 166 166 166 255 
-0.1386519 -0.1174231 0.05938448 166 166 166 255 
-0.1386519 -0.116309 0.06034206 166 166 166 255 
-0.1386519 -0.1153514 0.06145616 166 166 166 255 
-0.1386519 -0.1145721 0.06270148 166 166 166 255 
-0.1386519 -0.1144842 0.06283991 166 166 166 255 
-0.1386519 -0.1143748 0.06296211 166 166 166 255 
-0.1386519 -0.1142469 0.0630648 166 166 166 255 
-0.1386519 -0.1142469 0.07140791 166 166 166 255 
-0.1386519 -0.114104 0.07132751 166 166 166 255 
-0.1386519 -0.1139498 0.07127155 166 166 166 255 
-0.1386519 -0.1137886 0.07124154 166 166 166 255 
-0.1386519 -0.1143748 0.07151059 166 166 166 255 
-0.1386519 -0.1144842 0.0716328 166 166 166 255 
-0.1386519 -0.1145721 0.07177123 166 166 166 255 
-0.1386519 -0.1153514 0.07301655 166 166 166 255 
-0.1386519 -0.116309 0.07413065 166 166 166 255 
-0.1386519 -0.1174231 0.07508823 166 166 166 255 
-0.1386519 -0.1289835 0.07508823 166 166 166 255 
-0.1386519 -0.1300976 0.07413065 166 166 166 255 
-0.1386519 -0.1310551 0.07301655 166 166 166 255 
-0.1386519 -0.1318345 0.07177123 166 166 166 255 
-0.1386519 -0.1319224 0.0716328 166 166 166 255 
-0.1386519 -0.1320318 0.07151059 166 166 166 255 
-0.1386519 -0.1323026 0.06314521 166 166 166 255 
-0.1386519 -0.1324567 0.06320116 166 166 166 255 
-0.1386519 -0.132618 0.06323117 166 166 166 255 
-0.1386519 -0.1327819 0.06323443 166 166 166 255 
-0.1386519 -0.1329442 0.06321084 166 166 166 255 
-0.1386519 -0.1331005 0.06316104 166 166 166 255 
-0.1386519 -0.1133061 0.07131167 166 166 166 255 
-0.1386519 -0.1134623 0.07126187 166 166 166 255 
-0.1386519 -0.1136246 0.07123828 166 166 166 255 
-0.1386519 -0.114104 0.06314521 166 166 166 255 
-0.1386519 -0.1139498 0.06320116 166 166 166 255 
-0.1386519 -0.1137886 0.06323117 166 166 166 255 
-0.1386519 -0.1136246 0.06323443 166 166 166 255 
-0.1386519 -0.1134623 0.06321084 166 166 166 255 
-0.1386519 -0.1133061 0.06316104 166 166 166 255 
3 0 1 2 152 152 152 255 
3 2 1 3 152 152 152 255 
3 2 3 4 152 152 152 255 
3 4 3 5 152 152 152 255 
3 4 5 6 152 152 152 255 
3 6 5 7 152 152 152 255 
3 6 7 8 152 152 152 255 
3 8 7 9 152 152 152 255 
3 8 9 10 152 152 152 255 
3 10 9 11 152 152 152 255 
3 10 11 12 152 152 152 255 
3 12 11 13 152 152 152 255 
3 12 13 14 152 152 152 255 
3 14 13 15 152 152 152 255 
3 14 15 16 152 152 152 255 
3 16 15 17 152 152 152 255 
3 16 17 18 152 152 152 255 
3 18 17 19 152 152 152 255 
3 18 19 20 152 152 152 255 
3 20 19 21 152 152 152 255 
3 20 21 22 152 152 152 255 
3 22 21 23 152 152 152 255 
3 22 23 24 152 152 152 255 
3 24 23 25 152 152 152 255 
3 24 25 26 152 152 152 255 
3 26 25 27 152 152 152 255 
3 26 27 28 152 152 152 255 
3 28 27 29 152 152 152 255 
3 28 29 30 152 152 152 255 
3 30 29 31 152 152 152 255 
3 30 31 32 152 152 152 255 
3 32 31 33 152 152 152 255 
3 32 33 34 152 152 152 255 
3 34 33 35 152 152 152 255 
3 34 35 36 152 152 152 255 
3 36 35 37 152 152 152 255 
3 36 37 38 152 152 152 255 
3 38 37 39 152 152 152 255 
3 38 39 40 152 152 152 255 
3 40 39 41 152 152 152 255 
3 40 41 42 152 152 152 255 
3 42 41 43 152 152 152 255 
3 42 43 44 152 152 152 255 
3 44 43 45 152 152 152 255 
3 44 45 46 152 152 152 255 
3 46 45 47 152 152 152 255 
3 46 47 48 152 152 152 255 
3 48 47 49 152 152 152 255 
3 48 49 50 152 152 152 255 
3 50 49 51 152 152 152 255 
3 50 51 52 152 152 152 255 
3 52 51 53 152 152 152 255 
3 52 53 54 152 152 152 255 
3 54 53 55 152 152 152 255 
3 54 55 56 152 152 152 255 
3 56 55 57 152 152 152 255 
3 56 57 58 152 152 152 255 
3 58 57 59 152 152 152 255 
3 58 59 60 152 152 152 255 
3 60 59 61 152 152 152 255 
3 60 61 62 152 152 152 255 
3 62 61 63 152 152 152 255 
3 62 63 64 152 152 152 255 
3 64 63 65 152 152 152 255 
3 64 65 66 152 152 152 255 
3 66 65 67 152 152 152 255 
3 66 67 68 152 152 152 255 
3 68 67 69 152 152 152 255 
3 68 69 70 152 152 152 255 
3 70 69 71 152 152 152 255 
3 70 71 0 152 152 152 255 
3 0 71 1 152 152 152 255 
3 72 5 73 152 152 152 255 
3 73 5 3 152 152 152 255 
3 73 3 74 152 152 152 255 
3 74 3 1 152 152 152 255 
3 74 1 75 152 152 152 255 
3 75 1 71 152 152 152 255 
3 75 71 76 152 152 152 255 
3 76 71 69 152 152 152 255 
3 76 69 77 152 152 152 255 
3 77 69 67 152 152 152 255 
3 77 67 78 152 152 152 255 
3 78 67 65 152 152 152 255 
3 78 65 79 152 152 152 255 
3 79 65 63 152 152 152 255 
3 79 63 80 152 152 152 255 
3 80 63 61 152 152 152 255 
3 80 61 81 152 152 152 255 
3 81 61 59 152 152 152 255 
3 81 59 82 152 152 152 255 
3 82 59 57 152 152 152 255 
3 82 57 83 152 152 152 255 
3 83 57 55 152 152 152 255 
3 83 55 84 152 152 152 255 
3 84 55 53 152 152 152 255 
3 84 53 85 152 152 152 255 
3 85 53 51 152 152 152 255 
3 85 51 86 152 152 152 255 
3 86 51 49 152 152 152 255 
3 86 49 87 152 152 152 255 
3 87 49 47 152 152 152 255 
3 87 47 88 152 152 152 255 
3 88 47 45 152 152 152 255 
3 88 45 89 152 152 152 255 
3 89 45 43 152 152 152 255 
3 89 43 90 152 152 152 255 
3 90 43 41 152 152 152 255 
3 90 41 91 152 152 152 255 
3 91 41 39 152 152 152 255 
3 91 39 92 152 152 152 255 
3 92 39 37 152 152 152 255 
3 92 37 93 152 152 152 255 
3 93 37 35 152 152 152 255 
3 93 35 94 152 152 152 255 
3 94 35 33 152 152 152 255 
3 94 33 95 152 152 152 255 
3 95 33 31 152 152 152 255 
3 95 31 96 152 152 152 255 
3 96 31 29 152 152 152 255 
3 96 29 97 152 152 152 255 
3 97 29 27 152 152 152 255 
3 97 27 98 152 152 152 255 
3 98 27 25 152 152 152 255 
3 98 25 99 152 152 152 255 
3 99 25 23 152 152 152 255 
3 99 23 100 152 152 152 255 
3 100 23 21 152 152 152 255 
3 100 21 101 152 152 152 255 
3 101 21 19 152 152 152 255 
3 101 19 102 152 152 152 255 
3 102 19 17 152 152 152 255 
3 102 17 103 152 152 152 255 
3 103 17 15 152 152 152 255 
3 103 15 104 152 152 152 255 
3 104 15 13 152 152 152 255 
3 104 13 105 152 152 152 255 
3 105 13 11 152 152 152 255 
3 105 11 106 152 152 152 255 
3 106 11 9 152 152 152 255 
3 106 9 107 152 152 152 255 
3 107 9 7 152 152 152 255 
3 107 7 72 152 152 152 255 
3 72 7 5 152 152 152 255 
3 108 109 110 184 184 184 255 
3 110 109 111 184 184 184 255 
3 110 111 112 184 184 184 255 
3 112 111 113 184 184 184 255 
3 112 113 114 184 184 184 255 
3 114 113 115 184 184 184 255 
3 114 115 116 184 184 184 255 
3 116 115 117 184 184 184 255 
3 116 117 118 184 184 184 255 
3 118 117 119 184 184 184 255 
3 118 119 120 184 184 184 255 
3 120 119 121 184 184 184 255 
3 120 121 122 184 184 184 255 
3 122 121 123 184 184 184 255 
3 122 123 124 184 184 184 255 
3 124 123 125 184 184 184 255 
3 124 125 126 184 184 184 255 
3 126 125 127 184 184 184 255 
3 126 127 128 184 184 184 255 
3 128 127 129 184 184 184 255 
3 128 129 130 184 184 184 255 
3 130 129 131 184 184 184 255 
3 130 131 132 184 184 184 255 
3 132 131 133 184 184 184 255 
3 132 133 134 184 184 184 255 
3 134 133 135 184 184 184 255 
3 134 135 136 184 184 184 255 
3 136 135 137 184 184 184 255 
3 136 137 138 184 184 184 255 
3 138 137 139 184 184 184 255 
3 138 139 140 184 184 184 255 
3 140 139 141 184 184 184 255 
3 140 141 142 184 184 184 255 
3 142 141 143 184 184 184 255 
3 142 143 144 184 184 184 255 
3 144 143 145 184 184 184 255 
3 144 145 146 184 184 184 255 
3 146 145 147 184 184 184 255 
3 146 147 148 184 184 184 255 
3 148 147 149 184 184 184 255 
3 148 149 150 184 184 184 255 
3 150 149 151 184 184 184 255 
3 150 151 152 184 184 184 255 
3 152 151 153 184 184 184 255 
3 152 153 154 184 184 184 255 
3 154 153 155 184 184 184 255 
3 154 155 156 184 184 184 255 
3 156 155 157 184 184 184 255 
3 156 157 158 184 184 184 255 
3 158 157 159 184 184 184 255 
3 158 159 160 184 184 184 255 
3 160 159 161 184 184 184 255 
3 160 161 162 184 184 184 255 
3 162 161 163 184 184 184 255 
3 162 163 164 184 184 184 255 
3 164 163 165 184 184 184 255 
3 164 165 166 184 184 184 255 
3 166 165 167 184 184 184 255 
3 166 167 168 184 184 184 255 
3 168 167 169 184 184 184 255 
3 168 169 170 184 184 184 255 
3 170 169 171 184 184 184 255 
3 170 171 172 184 184 184 255 
3 172 171 173 184 184 184 255 
3 172 173 174 184 184 184 255 
3 174 173 175 184 184 184 255 
3 174 175 176 184 184 184 255 
3 176 175 177 184 184 184 255 
3 176 177 178 184 184 184 255 
3 178 177 179 184 184 184 255 
3 178 179 108 184 184 184 255 
3 108 179 109 184 184 184 255 
3 0 2 110 152 152 152 255 
3 110 2 4 152 152 152 255 
3 110 4 108 152 152 152 255 
3 108 4 6 152 152 152 255 
3 108 6 178 152 152 152 255 
3 178 6 8 152 152 152 255 
3 178 8 176 152 152 152 255 
3 176 8 10 152 152 152 255 
3 176 10 174 152 152 152 255 
3 174 10 12 152 152 152 255 
3 174 12 172 152 152 152 255 
3 172 12 14 152 152 152 255 
3 172 14 170 152 152 152 255 
3 170 14 16 152 152 152 255 
3 170 16 168 152 152 152 255 
3 168 16 18 152 152 152 255 
3 168 18 166 152 152 152 255 
3 166 18 20 152 152 152 255 
3 166 20 164 152 152 152 255 
3 164 20 162 152 152 152 255 
3 162 20 22 152 152 152 255 
3 162 22 160 152 152 152 255 
3 160 22 24 152 152 152 255 
3 160 24 158 152 152 152 255 
3 158 24 26 152 152 152 255 
3 158 26 156 152 152 152 255 
3 156 26 28 152 152 152 255 
3 156 28 154 152 152 152 255 
3 154 28 30 152 152 152 255 
3 154 30 152 152 152 152 255 
3 152 30 32 152 152 152 255 
3 152 32 150 152 152 152 255 
3 150 32 34 152 152 152 255 
3 150 34 148 152 152 152 255 
3 148 34 36 152 152 152 255 
3 148 36 146 152 152 152 255 
3 146 36 38 152 152 152 255 
3 146 38 144 152 152 152 255 
3 144 38 40 152 152 152 255 
3 144 40 42 152 152 152 255 
3 144 42 142 152 152 152 255 
3 142 42 44 152 152 152 255 
3 142 44 140 152 152 152 255 
3 140 44 46 152 152 152 255 
3 140 46 138 152 152 152 255 
3 138 46 48 152 152 152 255 
3 138 48 136 152 152 152 255 
3 136 48 50 152 152 152 255 
3 136 50 134 152 152 152 255 
3 134 50 52 152 152 152 255 
3 134 52 132 152 152 152 255 
3 132 52 54 152 152 152 255 
3 132 54 130 152 152 152 255 
3 130 54 56 152 152 152 255 
3 130 56 128 152 152 152 255 
3 128 56 126 152 152 152 255 
3 126 56 58 152 152 152 255 
3 126 58 124 152 152 152 255 
3 124 58 60 152 152 152 255 
3 124 60 122 152 152 152 255 
3 122 60 62 152 152 152 255 
3 122 62 120 152 152 152 255 
3 120 62 64 152 152 152 255 
3 120 64 118 152 152 152 255 
3 118 64 66 152 152 152 255 
3 118 66 116 152 152 152 255 
3 116 66 68 152 152 152 255 
3 116 68 114 152 152 152 255 
3 114 68 70 152 152 152 255 
3 114 70 112 152 152 152 255 
3 112 70 0 152 152 152 255 
3 112 0 110 152 152 152 255 
3 180 181 182 184 184 184 255 
3 182 181 183 184 184 184 255 
3 182 183 184 184 184 184 255 
3 184 183 185 184 184 184 255 
3 184 185 186 184 184 184 255 
3 181 180 187 184 184 184 255 
3 187 180 188 184 184 184 255 
3 187 188 189 184 184 184 255 
3 189 188 190 184 184 184 255 
3 189 190 191 184 184 184 255 
3 191 190 192 184 184 184 255 
3 191 192 193 184 184 184 255 
3 193 192 194 184 184 184 255 
3 193 194 195 184 184 184 255 
3 195 194 196 184 184 184 255 
3 195 196 197 184 184 184 255 
3 198 149 197 184 184 184 255 
3 197 149 147 184 184 184 255 
3 197 147 145 184 184 184 255 
3 199 159 198 184 184 184 255 
3 198 159 157 184 184 184 255 
3 198 157 155 184 184 184 255 
3 200 171 199 184 184 184 255 
3 199 171 169 184 184 184 255 
3 199 169 167 184 184 184 255 
3 201 109 200 184 184 184 255 
3 200 109 179 184 184 184 255 
3 200 179 177 184 184 184 255 
3 202 203 201 184 184 184 255 
3 201 203 117 184 184 184 255 
3 201 117 115 184 184 184 255 
3 203 202 204 184 184 184 255 
3 204 202 205 184 184 184 255 
3 204 205 206 184 184 184 255 
3 206 205 207 184 184 184 255 
3 206 207 208 184 184 184 255 
3 208 207 209 184 184 184 255 
3 208 209 210 184 184 184 255 
3 210 209 211 184 184 184 255 
3 210 211 212 184 184 184 255 
3 212 211 213 184 184 184 255 
3 212 213 214 184 184 184 255 
3 214 213 215 184 184 184 255 
3 214 215 216 184 184 184 255 
3 216 215 217 184 184 184 255 
3 217 215 218 184 184 184 255 
3 217 218 219 184 184 184 255 
3 219 218 220 184 184 184 255 
3 219 220 221 184 184 184 255 
3 221 220 222 184 184 184 255 
3 221 222 223 184 184 184 255 
3 223 222 224 184 184 184 255 
3 223 224 225 184 184 184 255 
3 225 224 226 184 184 184 255 
3 225 226 227 184 184 184 255 
3 227 226 228 184 184 184 255 
3 227 228 229 184 184 184 255 
3 229 228 230 184 184 184 255 
3 229 230 231 184 184 184 255 
3 231 230 232 184 184 184 255 
3 231 232 233 184 184 184 255 
3 233 232 234 184 184 184 255 
3 233 234 235 184 184 184 255 
3 233 235 236 184 184 184 255 
3 236 235 237 184 184 184 255 
3 236 237 238 184 184 184 255 
3 238 237 239 184 184 184 255 
3 238 239 240 184 184 184 255 
3 240 239 241 184 184 184 255 
3 240 241 242 184 184 184 255 
3 242 241 243 184 184 184 255 
3 242 243 244 184 184 184 255 
3 244 243 245 184 184 184 255 
3 244 245 246 184 184 184 255 
3 246 245 247 184 184 184 255 
3 246 247 186 184 184 184 255 
3 186 247 184 184 184 184 255 
3 248 121 203 184 184 184 255 
3 203 121 119 184 184 184 255 
3 203 119 117 184 184 184 255 
3 249 127 248 184 184 184 255 
3 248 127 125 184 184 184 255 
3 248 125 123 184 184 184 255 
3 250 131 249 184 184 184 255 
3 249 131 129 184 184 184 255 
3 249 129 127 184 184 184 255 
3 251 137 250 184 184 184 255 
3 250 137 135 184 184 184 255 
3 250 135 133 184 184 184 255 
3 195 141 251 184 184 184 255 
3 251 141 139 184 184 184 255 
3 251 139 137 184 184 184 255 
3 113 111 201 184 184 184 255 
3 201 111 109 184 184 184 255 
3 177 175 200 184 184 184 255 
3 200 175 173 184 184 184 255 
3 200 173 171 184 184 184 255 
3 167 165 199 184 184 184 255 
3 199 165 163 184 184 184 255 
3 199 163 161 184 184 184 255 
3 161 159 199 184 184 184 255 
3 155 153 198 184 184 184 255 
3 198 153 151 184 184 184 255 
3 198 151 149 184 184 184 255 
3 145 143 197 184 184 184 255 
3 197 143 141 184 184 184 255 
3 197 141 195 184 184 184 255 
3 133 131 250 184 184 184 255 
3 123 121 248 184 184 184 255 
3 115 113 201 184 184 184 255 
3 252 253 254 152 152 152 255 
3 254 253 255 152 152 152 255 
3 254 255 256 152 152 152 255 
3 256 255 257 152 152 152 255 
3 256 257 258 152 152 152 255 
3 258 257 259 152 152 152 255 
3 258 259 260 152 152 152 255 
3 260 259 261 152 152 152 255 
3 260 261 262 152 152 152 255 
3 262 261 263 152 152 152 255 
3 262 263 264 152 152 152 255 
3 264 263 265 152 152 152 255 
3 264 265 266 152 152 152 255 
3 266 265 267 152 152 152 255 
3 266 267 268 152 152 152 255 
3 268 267 269 152 152 152 255 
3 268 269 270 152 152 152 255 
3 270 269 271 152 152 152 255 
3 270 271 272 152 152 152 255 
3 272 271 273 152 152 152 255 
3 272 273 274 152 152 152 255 
3 274 273 275 152 152 152 255 
3 274 275 276 152 152 152 255 
3 276 275 277 152 152 152 255 
3 276 277 278 152 152 152 255 
3 278 277 279 152 152 152 255 
3 278 279 280 152 152 152 255 
3 280 279 281 152 152 152 255 
3 280 281 282 152 152 152 255 
3 282 281 283 152 152 152 255 
3 282 283 284 152 152 152 255 
3 284 283 285 152 152 152 255 
3 284 285 286 152 152 152 255 
3 286 285 287 152 152 152 255 
3 286 287 288 152 152 152 255 
3 288 287 289 152 152 152 255 
3 288 289 290 152 152 152 255 
3 290 289 291 152 152 152 255 
3 290 291 292 152 152 152 255 
3 292 291 293 152 152 152 255 
3 292 293 294 152 152 152 255 
3 294 293 295 152 152 152 255 
3 294 295 296 152 152 152 255 
3 296 295 297 152 152 152 255 
3 296 297 298 152 152 152 255 
3 298 297 299 152 152 152 255 
3 298 299 300 152 152 152 255 
3 300 299 301 152 152 152 255 
3 300 301 302 152 152 152 255 
3 302 301 303 152 152 152 255 
3 302 303 304 152 152 152 255 
3 304 303 305 152 152 152 255 
3 304 305 306 152 152 152 255 
3 306 305 307 152 152 152 255 
3 306 307 308 152 152 152 255 
3 308 307 309 152 152 152 255 
3 308 309 310 152 152 152 255 
3 310 309 311 152 152 152 255 
3 310 311 312 152 152 152 255 
3 312 311 313 152 152 152 255 
3 312 313 314 152 152 152 255 
3 314 313 315 152 152 152 255 
3 314 315 316 152 152 152 255 
3 316 315 317 152 152 152 255 
3 316 317 318 152 152 152 255 
3 318 317 319 152 152 152 255 
3 318 319 320 152 152 152 255 
3 320 319 321 152 152 152 255 
3 320 321 322 152 152 152 255 
3 322 321 323 152 152 152 255 
3 322 323 252 152 152 152 255 
3 252 323 253 152 152 152 255 
3 324 325 326 152 152 152 255 
3 326 325 327 152 152 152 255 
3 326 327 328 152 152 152 255 
3 328 327 329 152 152 152 255 
3 328 329 330 152 152 152 255 
3 330 329 331 152 152 152 255 
3 330 331 332 152 152 152 255 
3 332 331 333 152 152 152 255 
3 332 333 334 152 152 152 255 
3 334 333 335 152 152 152 255 
3 334 335 336 152 152 152 255 
3 336 335 337 152 152 152 255 
3 336 337 338 152 152 152 255 
3 338 337 339 152 152 152 255 
3 338 339 340 152 152 152 255 
3 340 339 341 152 152 152 255 
3 340 341 342 152 152 152 255 
3 342 341 343 152 152 152 255 
3 342 343 344 152 152 152 255 
3 344 343 345 152 152 152 255 
3 344 345 346 152 152 152 255 
3 346 345 347 152 152 152 255 
3 346 347 348 152 152 152 255 
3 348 347 349 152 152 152 255 
3 348 349 350 152 152 152 255 
3 350 349 351 152 152 152 255 
3 350 351 352 152 152 152 255 
3 352 351 353 152 152 152 255 
3 352 353 354 152 152 152 255 
3 354 353 355 152 152 152 255 
3 354 355 356 152 152 152 255 
3 356 355 357 152 152 152 255 
3 356 357 358 152 152 152 255 
3 358 357 359 152 152 152 255 
3 358 359 360 152 152 152 255 
3 360 359 361 152 152 152 255 
3 360 361 362 152 152 152 255 
3 362 361 363 152 152 152 255 
3 362 363 364 152 152 152 255 
3 364 363 365 152 152 152 255 
3 364 365 366 152 152 152 255 
3 366 365 367 152 152 152 255 
3 366 367 368 152 152 152 255 
3 368 367 369 152 152 152 255 
3 368 369 370 152 152 152 255 
3 370 369 371 152 152 152 255 
3 370 371 372 152 152 152 255 
3 372 371 373 152 152 152 255 
3 372 373 374 152 152 152 255 
3 374 373 375 152 152 152 255 
3 374 375 376 152 152 152 255 
3 376 375 377 152 152 152 255 
3 376 377 378 152 152 152 255 
3 378 377 379 152 152 152 255 
3 378 379 380 152 152 152 255 
3 380 379 381 152 152 152 255 
3 380 381 382 152 152 152 255 
3 382 381 383 152 152 152 255 
3 382 383 384 152 152 152 255 
3 384 383 385 152 152 152 255 
3 384 385 386 152 152 152 255 
3 386 385 387 152 152 152 255 
3 386 387 388 152 152 152 255 
3 388 387 389 152 152 152 255 
3 388 389 390 152 152 152 255 
3 390 389 391 152 152 152 255 
3 390 391 392 152 152 152 255 
3 392 391 393 152 152 152 255 
3 392 393 394 152 152 152 255 
3 394 393 395 152 152 152 255 
3 394 395 324 152 152 152 255 
3 324 395 325 152 152 152 255 
3 273 396 275 152 152 152 255 
3 275 396 397 152 152 152 255 
3 275 397 277 152 152 152 255 
3 277 397 398 152 152 152 255 
3 277 398 279 152 152 152 255 
3 279 398 399 152 152 152 255 
3 279 399 281 152 152 152 255 
3 281 399 400 152 152 152 255 
3 281 400 283 152 152 152 255 
3 283 400 401 152 152 152 255 
3 283 401 285 152 152 152 255 
3 285 401 402 152 152 152 255 
3 285 402 287 152 152 152 255 
3 287 402 403 152 152 152 255 
3 287 403 289 152 152 152 255 
3 289 403 404 152 152 152 255 
3 289 404 291 152 152 152 255 
3 291 404 405 152 152 152 255 
3 291 405 293 152 152 152 255 
3 293 405 406 152 152 152 255 
3 293 406 295 152 152 152 255 
3 295 406 407 152 152 152 255 
3 295 407 297 152 152 152 255 
3 297 407 408 152 152 152 255 
3 297 408 299 152 152 152 255 
3 299 408 409 152 152 152 255 
3 299 409 301 152 152 152 255 
3 301 409 410 152 152 152 255 
3 301 410 303 152 152 152 255 
3 303 410 411 152 152 152 255 
3 303 411 305 152 152 152 255 
3 305 411 412 152 152 152 255 
3 305 412 307 152 152 152 255 
3 307 412 413 152 152 152 255 
3 307 413 309 152 152 152 255 
3 309 413 414 152 152 152 255 
3 309 414 311 152 152 152 255 
3 311 414 415 152 152 152 255 
3 311 415 313 152 152 152 255 
3 313 415 416 152 152 152 255 
3 313 416 315 152 152 152 255 
3 315 416 417 152 152 152 255 
3 315 417 317 152 152 152 255 
3 317 417 418 152 152 152 255 
3 317 418 319 152 152 152 255 
3 319 418 419 152 152 152 255 
3 319 419 321 152 152 152 255 
3 321 419 420 152 152 152 255 
3 321 420 323 152 152 152 255 
3 323 420 421 152 152 152 255 
3 323 421 253 152 152 152 255 
3 253 421 422 152 152 152 255 
3 253 422 255 152 152 152 255 
3 255 422 423 152 152 152 255 
3 255 423 257 152 152 152 255 
3 257 423 424 152 152 152 255 
3 257 424 259 152 152 152 255 
3 259 424 425 152 152 152 255 
3 259 425 261 152 152 152 255 
3 261 425 426 152 152 152 255 
3 261 426 263 152 152 152 255 
3 263 426 427 152 152 152 255 
3 263 427 265 152 152 152 255 
3 265 427 428 152 152 152 255 
3 265 428 267 152 152 152 255 
3 267 428 429 152 152 152 255 
3 267 429 269 152 152 152 255 
3 269 429 430 152 152 152 255 
3 269 430 271 152 152 152 255 
3 271 430 431 152 152 152 255 
3 271 431 273 152 152 152 255 
3 273 431 396 152 152 152 255 
3 396 432 397 152 152 152 255 
3 397 432 433 152 152 152 255 
3 397 433 398 152 152 152 255 
3 398 433 434 152 152 152 255 
3 398 434 399 152 152 152 255 
3 399 434 435 152 152 152 255 
3 399 435 400 152 152 152 255 
3 400 435 436 152 152 152 255 
3 400 436 401 152 152 152 255 
3 401 436 437 152 152 152 255 
3 401 437 402 152 152 152 255 
3 402 437 438 152 152 152 255 
3 402 438 403 152 152 152 255 
3 403 438 439 152 152 152 255 
3 403 439 404 152 152 152 255 
3 404 439 440 152 152 152 255 
3 404 440 405 152 152 152 255 
3 405 440 441 152 152 152 255 
3 405 441 406 152 152 152 255 
3 406 441 442 152 152 152 255 
3 406 442 407 152 152 152 255 
3 407 442 443 152 152 152 255 
3 407 443 408 152 152 152 255 
3 408 443 444 152 152 152 255 
3 408 444 409 152 152 152 255 
3 409 444 445 152 152 152 255 
3 409 445 410 152 152 152 255 
3 410 445 446 152 152 152 255 
3 410 446 411 152 152 152 255 
3 411 446 447 152 152 152 255 
3 411 447 412 152 152 152 255 
3 412 447 448 152 152 152 255 
3 412 448 413 152 152 152 255 
3 413 448 449 152 152 152 255 
3 413 449 414 152 152 152 255 
3 414 449 450 152 152 152 255 
3 414 450 415 152 152 152 255 
3 415 450 451 152 152 152 255 
3 415 451 416 152 152 152 255 
3 416 451 452 152 152 152 255 
3 416 452 417 152 152 152 255 
3 417 452 453 152 152 152 255 
3 417 453 418 152 152 152 255 
3 418 453 454 152 152 152 255 
3 418 454 419 152 152 152 255 
3 419 454 455 152 152 152 255 
3 419 455 420 152 152 152 255 
3 420 455 456 152 152 152 255 
3 420 456 421 152 152 152 255 
3 421 456 457 152 152 152 255 
3 421 457 422 152 152 152 255 
3 422 457 458 152 152 152 255 
3 422 458 423 152 152 152 255 
3 423 458 459 152 152 152 255 
3 423 459 424 152 152 152 255 
3 424 459 460 152 152 152 255 
3 424 460 425 152 152 152 255 
3 425 460 461 152 152 152 255 
3 425 461 426 152 152 152 255 
3 426 461 462 152 152 152 255 
3 426 462 427 152 152 152 255 
3 427 462 463 152 152 152 255 
3 427 463 428 152 152 152 255 
3 428 463 464 152 152 152 255 
3 428 464 429 152 152 152 255 
3 429 464 465 152 152 152 255 
3 429 465 430 152 152 152 255 
3 430 465 466 152 152 152 255 
3 430 466 431 152 152 152 255 
3 431 466 467 152 152 152 255 
3 431 467 396 152 152 152 255 
3 396 467 432 152 152 152 255 
3 432 468 433 152 152 152 255 
3 433 468 469 152 152 152 255 
3 433 469 434 152 152 152 255 
3 434 469 470 152 152 152 255 
3 434 470 435 152 152 152 255 
3 435 470 471 152 152 152 255 
3 435 471 436 152 152 152 255 
3 436 471 472 152 152 152 255 
3 436 472 437 152 152 152 255 
3 437 472 473 152 152 152 255 
3 437 473 438 152 152 152 255 
3 438 473 474 152 152 152 255 
3 438 474 439 152 152 152 255 
3 439 474 475 152 152 152 255 
3 439 475 440 152 152 152 255 
3 440 475 476 152 152 152 255 
3 440 476 441 152 152 152 255 
3 441 476 477 152 152 152 255 
3 441 477 442 152 152 152 255 
3 442 477 478 152 152 152 255 
3 442 478 443 152 152 152 255 
3 443 478 479 152 152 152 255 
3 443 479 444 152 152 152 255 
3 444 479 480 152 152 152 255 
3 444 480 445 152 152 152 255 
3 445 480 481 152 152 152 255 
3 445 481 446 152 152 152 255 
3 446 481 482 152 152 152 255 
3 446 482 447 152 152 152 255 
3 447 482 483 152 152 152 255 
3 447 483 448 152 152 152 255 
3 448 483 484 152 152 152 255 
3 448 484 449 152 152 152 255 
3 449 484 485 152 152 152 255 
3 449 485 450 152 152 152 255 
3 450 485 486 152 152 152 255 
3 450 486 451 152 152 152 255 
3 451 486 487 152 152 152 255 
3 451 487 452 152 152 152 255 
3 452 487 488 152 152 152 255 
3 452 488 453 152 152 152 255 
3 453 488 489 152 152 152 255 
3 453 489 454 152 152 152 255 
3 454 489 490 152 152 152 255 
3 454 490 455 152 152 152 255 
3 455 490 491 152 152 152 255 
3 455 491 456 152 152 152 255 
3 456 491 492 152 152 152 255 
3 456 492 457 152 152 152 255 
3 457 492 493 152 152 152 255 
3 457 493 458 152 152 152 255 
3 458 493 494 152 152 152 255 
3 458 494 459 152 152 152 255 
3 459 494 495 152 152 152 255 
3 459 495 460 152 152 152 255 
3 460 495 496 152 152 152 255 
3 460 496 461 152 152 152 255 
3 461 496 497 152 152 152 255 
3 461 497 462 152 152 152 255 
3 462 497 498 152 152 152 255 
3 462 498 463 152 152 152 255 
3 463 498 499 152 152 152 255 
3 463 499 464 152 152 152 255 
3 464 499 500 152 152 152 255 
3 464 500 465 152 152 152 255 
3 465 500 501 152 152 152 255 
3 465 501 466 152 152 152 255 
3 466 501 502 152 152 152 255 
3 466 502 467 152 152 152 255 
3 467 502 503 152 152 152 255 
3 467 503 432 152 152 152 255 
3 432 503 468 152 152 152 255 
3 468 504 469 152 152 152 255 
3 469 504 505 152 152 152 255 
3 469 505 470 152 152 152 255 
3 470 505 506 152 152 152 255 
3 470 506 471 152 152 152 255 
3 471 506 507 152 152 152 255 
3 471 507 472 152 152 152 255 
3 472 507 508 152 152 152 255 
3 472 508 473 152 152 152 255 
3 473 508 509 152 152 152 255 
3 473 509 474 152 152 152 255 
3 474 509 510 152 152 152 255 
3 474 510 475 152 152 152 255 
3 475 510 511 152 152 152 255 
3 475 511 476 152 152 152 255 
3 476 511 512 152 152 152 255 
3 476 512 477 152 152 152 255 
3 477 512 513 152 152 152 255 
3 477 513 478 152 152 152 255 
3 478 513 514 152 152 152 255 
3 478 514 479 152 152 152 255 
3 479 514 515 152 152 152 255 
3 479 515 480 152 152 152 255 
3 480 515 516 152 152 152 255 
3 480 516 481 152 152 152 255 
3 481 516 517 152 152 152 255 
3 481 517 482 152 152 152 255 
3 482 517 518 152 152 152 255 
3 482 518 483 152 152 152 255 
3 483 518 519 152 152 152 255 
3 483 519 484 152 152 152 255 
3 484 519 520 152 152 152 255 
3 484 520 485 152 152 152 255 
3 485 520 521 152 152 152 255 
3 485 521 486 152 152 152 255 
3 486 521 522 152 152 152 255 
3 486 522 487 152 152 152 255 
3 487 522 523 152 152 152 255 
3 487 523 488 152 152 152 255 
3 488 523 524 152 152 152 255 
3 488 524 489 152 152 152 255 
3 489 524 525 152 152 152 255 
3 489 525 490 152 152 152 255 
3 490 525 526 152 152 152 255 
3 490 526 491 152 152 152 255 
3 491 526 527 152 152 152 255 
3 491 527 492 152 152 152 255 
3 492 527 528 152 152 152 255 
3 492 528 493 152 152 152 255 
3 493 528 529 152 152 152 255 
3 493 529 494 152 152 152 255 
3 494 529 530 152 152 152 255 
3 494 530 495 152 152 152 255 
3 495 530 531 152 152 152 255 
3 495 531 496 152 152 152 255 
3 496 531 532 152 152 152 255 
3 496 532 497 152 152 152 255 
3 497 532 533 152 152 152 255 
3 497 533 498 152 152 152 255 
3 498 533 534 152 152 152 255 
3 498 534 499 152 152 152 255 
3 499 534 535 152 152 152 255 
3 499 535 500 152 152 152 255 
3 500 535 536 152 152 152 255 
3 500 536 501 152 152 152 255 
3 501 536 537 152 152 152 255 
3 501 537 502 152 152 152 255 
3 502 537 538 152 152 152 255 
3 502 538 503 152 152 152 255 
3 503 538 539 152 152 152 255 
3 503 539 468 152 152 152 255 
3 468 539 504 152 152 152 255 
3 504 540 505 152 152 152 255 
3 505 540 541 152 152 152 255 
3 505 541 506 152 152 152 255 
3 506 541 542 152 152 152 255 
3 506 542 507 152 152 152 255 
3 507 542 543 152 152 152 255 
3 507 543 508 152 152 152 255 
3 508 543 544 152 152 152 255 
3 508 544 509 152 152 152 255 
3 509 544 545 152 152 152 255 
3 509 545 510 152 152 152 255 
3 510 545 546 152 152 152 255 
3 510 546 511 152 152 152 255 
3 511 546 547 152 152 152 255 
3 511 547 512 152 152 152 255 
3 512 547 548 152 152 152 255 
3 512 548 513 152 152 152 255 
3 513 548 549 152 152 152 255 
3 513 549 514 152 152 152 255 
3 514 549 550 152 152 152 255 
3 514 550 515 152 152 152 255 
3 515 550 551 152 152 152 255 
3 515 551 516 152 152 152 255 
3 516 551 552 152 152 152 255 
3 516 552 517 152 152 152 255 
3 517 552 553 152 152 152 255 
3 517 553 518 152 152 152 255 
3 518 553 554 152 152 152 255 
3 518 554 519 152 152 152 255 
3 519 554 555 152 152 152 255 
3 519 555 520 152 152 152 255 
3 520 555 556 152 152 152 255 
3 520 556 521 152 152 152 255 
3 521 556 557 152 152 152 255 
3 521 557 522 152 152 152 255 
3 522 557 558 152 152 152 255 
3 522 558 523 152 152 152 255 
3 523 558 559 152 152 152 255 
3 523 559 524 152 152 152 255 
3 524 559 560 152 152 152 255 
3 524 560 525 152 152 152 255 
3 525 560 561 152 152 152 255 
3 525 561 526 152 152 152 255 
3 526 561 562 152 152 152 255 
3 526 562 527 152 152 152 255 
3 527 562 563 152 152 152 255 
3 527 563 528 152 152 152 255 
3 528 563 564 152 152 152 255 
3 528 564 529 152 152 152 255 
3 529 564 565 152 152 152 255 
3 529 565 530 152 152 152 255 
3 530 565 566 152 152 152 255 
3 530 566 531 152 152 152 255 
3 531 566 567 152 152 152 255 
3 531 567 532 152 152 152 255 
3 532 567 568 152 152 152 255 
3 532 568 533 152 152 152 255 
3 533 568 569 152 152 152 255 
3 533 569 534 152 152 152 255 
3 534 569 570 152 152 152 255 
3 534 570 535 152 152 152 255 
3 535 570 571 152 152 152 255 
3 535 571 536 152 152 152 255 
3 536 571 572 152 152 152 255 
3 536 572 537 152 152 152 255 
3 537 572 573 152 152 152 255 
3 537 573 538 152 152 152 255 
3 538 573 574 152 152 152 255 
3 538 574 539 152 152 152 255 
3 539 574 575 152 152 152 255 
3 539 575 504 152 152 152 255 
3 504 575 540 152 152 152 255 
3 540 576 541 152 152 152 255 
3 541 576 577 152 152 152 255 
3 541 577 542 152 152 152 255 
3 542 577 578 152 152 152 255 
3 542 578 543 152 152 152 255 
3 543 578 579 152 152 152 255 
3 543 579 544 152 152 152 255 
3 544 579 580 152 152 152 255 
3 544 580 545 152 152 152 255 
3 545 580 581 152 152 152 255 
3 545 581 546 152 152 152 255 
3 546 581 582 152 152 152 255 
3 546 582 547 152 152 152 255 
3 547 582 583 152 152 152 255 
3 547 583 548 152 152 152 255 
3 548 583 584 152 152 152 255 
3 548 584 549 152 152 152 255 
3 549 584 585 152 152 152 255 
3 549 585 550 152 152 152 255 
3 550 585 586 152 152 152 255 
3 550 586 551 152 152 152 255 
3 551 586 587 152 152 152 255 
3 551 587 552 152 152 152 255 
3 552 587 588 152 152 152 255 
3 552 588 553 152 152 152 255 
3 553 588 589 152 152 152 255 
3 553 589 554 152 152 152 255 
3 554 589 590 152 152 152 255 
3 554 590 555 152 152 152 255 
3 555 590 591 152 152 152 255 
3 555 591 556 152 152 152 255 
3 556 591 592 152 152 152 255 
3 556 592 557 152 152 152 255 
3 557 592 593 152 152 152 255 
3 557 593 558 152 152 152 255 
3 558 593 594 152 152 152 255 
3 558 594 559 152 152 152 255 
3 559 594 595 152 152 152 255 
3 559 595 560 152 152 152 255 
3 560 595 596 152 152 152 255 
3 560 596 561 152 152 152 255 
3 561 596 597 152 152 152 255 
3 561 597 562 152 152 152 255 
3 562 597 598 152 152 152 255 
3 562 598 563 152 152 152 255 
3 563 598 599 152 152 152 255 
3 563 599 564 152 152 152 255 
3 564 599 600 152 152 152 255 
3 564 600 565 152 152 152 255 
3 565 600 601 152 152 152 255 
3 565 601 566 152 152 152 255 
3 566 601 602 152 152 152 255 
3 566 602 567 152 152 152 255 
3 567 602 603 152 152 152 255 
3 567 603 568 152 152 152 255 
3 568 603 604 152 152 152 255 
3 568 604 569 152 152 152 255 
3 569 604 605 152 152 152 255 
3 569 605 570 152 152 152 255 
3 570 605 606 152 152 152 255 
3 570 606 571 152 152 152 255 
3 571 606 607 152 152 152 255 
3 571 607 572 152 152 152 255 
3 572 607 608 152 152 152 255 
3 572 608 573 152 152 152 255 
3 573 608 609 152 152 152 255 
3 573 609 574 152 152 152 255 
3 574 609 610 152 152 152 255 
3 574 610 575 152 152 152 255 
3 575 610 611 152 152 152 255 
3 575 611 540 152 152 152 255 
3 540 611 576 152 152 152 255 
3 576 381 577 152 152 152 255 
3 577 381 379 152 152 152 255 
3 577 379 578 152 152 152 255 
3 578 379 377 152 152 152 255 
3 578 377 579 152 152 152 255 
3 579 377 375 152 152 152 255 
3 579 375 580 152 152 152 255 
3 580 375 373 152 152 152 255 
3 580 373 581 152 152 152 255 
3 581 373 371 152 152 152 255 
3 581 371 582 152 152 152 255 
3 582 371 369 152 152 152 255 
3 582 369 583 152 152 152 255 
3 583 369 367 152 152 152 255 
3 583 367 584 152 152 152 255 
3 584 367 365 152 152 152 255 
3 584 365 585 152 152 152 255 
3 585 365 363 152 152 152 255 
3 585 363 586 152 152 152 255 
3 586 363 361 152 152 152 255 
3 586 361 587 152 152 152 255 
3 587 361 359 152 152 152 255 
3 587 359 588 152 152 152 255 
3 588 359 357 152 152 152 255 
3 588 357 589 152 152 152 255 
3 589 357 355 152 152 152 255 
3 589 355 590 152 152 152 255 
3 590 355 353 152 152 152 255 
3 590 353 591 152 152 152 255 
3 591 353 351 152 152 152 255 
3 591 351 592 152 152 152 255 
3 592 351 349 152 152 152 255 
3 592 349 593 152 152 152 255 
3 593 349 347 152 152 152 255 
3 593 347 594 152 152 152 255 
3 594 347 345 152 152 152 255 
3 594 345 595 152 152 152 255 
3 595 345 343 152 152 152 255 
3 595 343 596 152 152 152 255 
3 596 343 341 152 152 152 255 
3 596 341 597 152 152 152 255 
3 597 341 339 152 152 152 255 
3 597 339 598 152 152 152 255 
3 598 339 337 152 152 152 255 
3 598 337 599 152 152 152 255 
3 599 337 335 152 152 152 255 
3 599 335 600 152 152 152 255 
3 600 335 333 152 152 152 255 
3 600 333 601 152 152 152 255 
3 601 333 331 152 152 152 255 
3 601 331 602 152 152 152 255 
3 602 331 329 152 152 152 255 
3 602 329 603 152 152 152 255 
3 603 329 327 152 152 152 255 
3 603 327 604 152 152 152 255 
3 604 327 325 152 152 152 255 
3 604 325 605 152 152 152 255 
3 605 325 395 152 152 152 255 
3 605 395 606 152 152 152 255 
3 606 395 393 152 152 152 255 
3 606 393 607 152 152 152 255 
3 607 393 391 152 152 152 255 
3 607 391 608 152 152 152 255 
3 608 391 389 152 152 152 255 
3 608 389 609 152 152 152 255 
3 609 389 387 152 152 152 255 
3 609 387 610 152 152 152 255 
3 610 387 385 152 152 152 255 
3 610 385 611 152 152 152 255 
3 611 385 383 152 152 152 255 
3 611 383 576 152 152 152 255 
3 576 383 381 152 152 152 255 
3 612 252 613 184 184 184 255 
3 613 252 254 184 184 184 255 
3 613 254 614 184 184 184 255 
3 614 254 256 184 184 184 255 
3 614 256 615 184 184 184 255 
3 615 256 258 184 184 184 255 
3 615 258 616 184 184 184 255 
3 616 258 260 184 184 184 255 
3 616 260 617 184 184 184 255 
3 617 260 262 184 184 184 255 
3 617 262 618 184 184 184 255 
3 618 262 264 184 184 184 255 
3 618 264 619 184 184 184 255 
3 619 264 266 184 184 184 255 
3 619 266 620 184 184 184 255 
3 620 266 268 184 184 184 255 
3 620 268 621 184 184 184 255 
3 621 268 270 184 184 184 255 
3 621 270 622 184 184 184 255 
3 622 270 272 184 184 184 255 
3 622 272 623 184 184 184 255 
3 623 272 274 184 184 184 255 
3 623 274 624 184 184 184 255 
3 624 274 276 184 184 184 255 
3 624 276 625 184 184 184 255 
3 625 276 278 184 184 184 255 
3 625 278 626 184 184 184 255 
3 626 278 280 184 184 184 255 
3 626 280 627 184 184 184 255 
3 627 280 282 184 184 184 255 
3 627 282 628 184 184 184 255 
3 628 282 284 184 184 184 255 
3 628 284 629 184 184 184 255 
3 629 284 286 184 184 184 255 
3 629 286 630 184 184 184 255 
3 630 286 288 184 184 184 255 
3 630 288 631 184 184 184 255 
3 631 288 290 184 184 184 255 
3 631 290 632 184 184 184 255 
3 632 290 292 184 184 184 255 
3 632 292 633 184 184 184 255 
3 633 292 294 184 184 184 255 
3 633 294 634 184 184 184 255 
3 634 294 296 184 184 184 255 
3 634 296 635 184 184 184 255 
3 635 296 298 184 184 184 255 
3 635 298 636 184 184 184 255 
3 636 298 300 184 184 184 255 
3 636 300 637 184 184 184 255 
3 637 300 302 184 184 184 255 
3 637 302 638 184 184 184 255 
3 638 302 304 184 184 184 255 
3 638 304 639 184 184 184 255 
3 639 304 306 184 184 184 255 
3 639 306 640 184 184 184 255 
3 640 306 308 184 184 184 255 
3 640 308 641 184 184 184 255 
3 641 308 310 184 184 184 255 
3 641 310 642 184 184 184 255 
3 642 310 312 184 184 184 255 
3 642 312 643 184 184 184 255 
3 643 312 314 184 184 184 255 
3 643 314 644 184 184 184 255 
3 644 314 316 184 184 184 255 
3 644 316 645 184 184 184 255 
3 645 316 318 184 184 184 255 
3 645 318 646 184 184 184 255 
3 646 318 320 184 184 184 255 
3 646 320 647 184 184 184 255 
3 647 320 322 184 184 184 255 
3 647 322 612 184 184 184 255 
3 612 322 252 184 184 184 255 
3 648 324 649 184 184 184 255 
3 649 324 326 184 184 184 255 
3 649 326 328 184 184 184 255 
3 324 648 394 184 184 184 255 
3 394 648 650 184 184 184 255 
3 394 650 392 184 184 184 255 
3 392 650 651 184 184 184 255 
3 392 651 390 184 184 184 255 
3 390 651 652 184 184 184 255 
3 390 652 388 184 184 184 255 
3 388 652 653 184 184 184 255 
3 388 653 386 184 184 184 255 
3 386 653 654 184 184 184 255 
3 386 654 384 184 184 184 255 
3 384 654 655 184 184 184 255 
3 384 655 382 184 184 184 255 
3 382 655 656 184 184 184 255 
3 382 656 380 184 184 184 255 
3 380 656 657 184 184 184 255 
3 380 657 658 184 184 184 255 
3 380 658 378 184 184 184 255 
3 378 658 659 184 184 184 255 
3 378 659 376 184 184 184 255 
3 376 659 660 184 184 184 255 
3 376 660 374 184 184 184 255 
3 374 660 661 184 184 184 255 
3 374 661 372 184 184 184 255 
3 372 661 662 184 184 184 255 
3 372 662 370 184 184 184 255 
3 370 662 663 184 184 184 255 
3 370 663 368 184 184 184 255 
3 368 663 664 184 184 184 255 
3 368 664 366 184 184 184 255 
3 366 664 665 184 184 184 255 
3 366 665 364 184 184 184 255 
3 364 665 362 184 184 184 255 
3 362 665 666 184 184 184 255 
3 362 666 360 184 184 184 255 
3 360 666 667 184 184 184 255 
3 360 667 358 184 184 184 255 
3 358 667 668 184 184 184 255 
3 358 668 356 184 184 184 255 
3 356 668 669 184 184 184 255 
3 356 669 354 184 184 184 255 
3 354 669 670 184 184 184 255 
3 354 670 352 184 184 184 255 
3 352 670 671 184 184 184 255 
3 352 671 350 184 184 184 255 
3 350 671 672 184 184 184 255 
3 350 672 348 184 184 184 255 
3 348 672 673 184 184 184 255 
3 348 673 346 184 184 184 255 
3 346 673 674 184 184 184 255 
3 346 674 344 184 184 184 255 
3 344 674 675 184 184 184 255 
3 344 675 676 184 184 184 255 
3 344 676 342 184 184 184 255 
3 342 676 677 184 184 184 255 
3 342 677 340 184 184 184 255 
3 340 677 678 184 184 184 255 
3 340 678 338 184 184 184 255 
3 338 678 679 184 184 184 255 
3 338 679 336 184 184 184 255 
3 336 679 680 184 184 184 255 
3 336 680 334 184 184 184 255 
3 334 680 681 184 184 184 255 
3 334 681 332 184 184 184 255 
3 332 681 682 184 184 184 255 
3 332 682 330 184 184 184 255 
3 330 682 683 184 184 184 255 
3 330 683 328 184 184 184 255 
3 328 683 649 184 184 184 255 
3 684 685 686 152 152 152 255 
3 686 685 687 152 152 152 255 
3 686 687 688 152 152 152 255 
3 688 687 689 152 152 152 255 
3 688 689 690 152 152 152 255 
3 690 689 691 152 152 152 255 
3 690 691 692 152 152 152 255 
3 692 691 693 152 152 152 255 
3 692 693 694 152 152 152 255 
3 694 693 695 152 152 152 255 
3 694 695 696 152 152 152 255 
3 696 695 697 152 152 152 255 
3 696 697 698 152 152 152 255 
3 698 697 699 152 152 152 255 
3 698 699 700 152 152 152 255 
3 700 699 701 152 152 152 255 
3 700 701 702 152 152 152 255 
3 702 701 703 152 152 152 255 
3 702 703 704 152 152 152 255 
3 704 703 705 152 152 152 255 
3 704 705 706 152 152 152 255 
3 706 705 707 152 152 152 255 
3 706 707 708 152 152 152 255 
3 708 707 709 152 152 152 255 
3 708 709 710 152 152 152 255 
3 710 709 711 152 152 152 255 
3 710 711 712 152 152 152 255 
3 712 711 713 152 152 152 255 
3 712 713 714 152 152 152 255 
3 714 713 715 152 152 152 255 
3 714 715 716 152 152 152 255 
3 716 715 717 152 152 152 255 
3 716 717 718 152 152 152 255 
3 718 717 719 152 152 152 255 
3 718 719 720 152 152 152 255 
3 720 719 721 152 152 152 255 
3 720 721 722 152 152 152 255 
3 722 721 723 152 152 152 255 
3 722 723 724 152 152 152 255 
3 724 723 725 152 152 152 255 
3 724 725 726 152 152 152 255 
3 726 725 727 152 152 152 255 
3 726 727 728 152 152 152 255 
3 728 727 729 152 152 152 255 
3 728 729 730 152 152 152 255 
3 730 729 731 152 152 152 255 
3 730 731 732 152 152 152 255 
3 732 731 733 152 152 152 255 
3 732 733 734 152 152 152 255 
3 734 733 735 152 152 152 255 
3 734 735 736 152 152 152 255 
3 736 735 737 152 152 152 255 
3 736 737 738 152 152 152 255 
3 738 737 739 152 152 152 255 
3 738 739 740 152 152 152 255 
3 740 739 741 152 152 152 255 
3 740 741 742 152 152 152 255 
3 742 741 743 152 152 152 255 
3 742 743 744 152 152 152 255 
3 744 743 745 152 152 152 255 
3 744 745 746 152 152 152 255 
3 746 745 747 152 152 152 255 
3 746 747 748 152 152 152 255 
3 748 747 749 152 152 152 255 
3 748 749 750 152 152 152 255 
3 750 749 751 152 152 152 255 
3 750 751 752 152 152 152 255 
3 752 751 753 152 152 152 255 
3 752 753 754 152 152 152 255 
3 754 753 755 152 152 152 255 
3 754 755 684 152 152 152 255 
3 684 755 685 152 152 152 255 
3 684 686 613 152 152 152 255 
3 613 686 688 152 152 152 255 
3 613 688 612 152 152 152 255 
3 612 688 690 152 152 152 255 
3 612 690 647 152 152 152 255 
3 647 690 692 152 152 152 255 
3 647 692 646 152 152 152 255 
3 646 692 694 152 152 152 255 
3 646 694 645 152 152 152 255 
3 645 694 696 152 152 152 255 
3 645 696 644 152 152 152 255 
3 644 696 698 152 152 152 255 
3 644 698 643 152 152 152 255 
3 643 698 700 152 152 152 255 
3 643 700 642 152 152 152 255 
3 642 700 702 152 152 152 255 
3 642 702 641 152 152 152 255 
3 641 702 704 152 152 152 255 
3 641 704 640 152 152 152 255 
3 640 704 639 152 152 152 255 
3 639 704 706 152 152 152 255 
3 639 706 638 152 152 152 255 
3 638 706 708 152 152 152 255 
3 638 708 637 152 152 152 255 
3 637 708 710 152 152 152 255 
3 637 710 636 152 152 152 255 
3 636 710 712 152 152 152 255 
3 636 712 635 152 152 152 255 
3 635 712 714 152 152 152 255 
3 635 714 634 152 152 152 255 
3 634 714 716 152 152 152 255 
3 634 716 633 152 152 152 255 
3 633 716 718 152 152 152 255 
3 633 718 632 152 152 152 255 
3 632 718 720 152 152 152 255 
3 632 720 631 152 152 152 255 
3 631 720 722 152 152 152 255 
3 631 722 630 152 152 152 255 
3 630 722 724 152 152 152 255 
3 630 724 726 152 152 152 255 
3 630 726 629 152 152 152 255 
3 629 726 728 152 152 152 255 
3 629 728 628 152 152 152 255 
3 628 728 730 152 152 152 255 
3 628 730 627 152 152 152 255 
3 627 730 732 152 152 152 255 
3 627 732 626 152 152 152 255 
3 626 732 734 152 152 152 255 
3 626 734 625 152 152 152 255 
3 625 734 736 152 152 152 255 
3 625 736 624 152 152 152 255 
3 624 736 738 152 152 152 255 
3 624 738 623 152 152 152 255 
3 623 738 740 152 152 152 255 
3 623 740 622 152 152 152 255 
3 622 740 621 152 152 152 255 
3 621 740 742 152 152 152 255 
3 621 742 620 152 152 152 255 
3 620 742 744 152 152 152 255 
3 620 744 619 152 152 152 255 
3 619 744 746 152 152 152 255 
3 619 746 618 152 152 152 255 
3 618 746 748 152 152 152 255 
3 618 748 617 152 152 152 255 
3 617 748 750 152 152 152 255 
3 617 750 616 152 152 152 255 
3 616 750 752 152 152 152 255 
3 616 752 615 152 152 152 255 
3 615 752 754 152 152 152 255 
3 615 754 614 152 152 152 255 
3 614 754 684 152 152 152 255 
3 614 684 613 152 152 152 255 
3 74 90 73 152 152 152 255 
3 73 90 91 152 152 152 255 
3 73 91 72 152 152 152 255 
3 72 91 92 152 152 152 255 
3 72 92 107 152 152 152 255 
3 107 92 93 152 152 152 255 
3 107 93 106 152 152 152 255 
3 106 93 94 152 152 152 255 
3 106 94 105 152 152 152 255 
3 105 94 95 152 152 152 255 
3 105 95 104 152 152 152 255 
3 104 95 96 152 152 152 255 
3 104 96 103 152 152 152 255 
3 103 96 97 152 152 152 255 
3 103 97 102 152 152 152 255 
3 102 97 98 152 152 152 255 
3 102 98 101 152 152 152 255 
3 101 98 99 152 152 152 255 
3 101 99 100 152 152 152 255 
3 90 74 89 152 152 152 255 
3 89 74 75 152 152 152 255 
3 89 75 88 152 152 152 255 
3 88 75 76 152 152 152 255 
3 88 76 87 152 152 152 255 
3 87 76 77 152 152 152 255 
3 87 77 86 152 152 152 255 
3 86 77 78 152 152 152 255 
3 86 78 85 152 152 152 255 
3 85 78 79 152 152 152 255 
3 85 79 84 152 152 152 255 
3 84 79 80 152 152 152 255 
3 84 80 83 152 152 152 255 
3 83 80 81 152 152 152 255 
3 83 81 82 152 152 152 255 
3 756 757 758 152 152 152 255 
3 758 757 759 152 152 152 255 
3 758 759 760 152 152 152 255 
3 760 761 758 152 152 152 255 
3 758 761 762 152 152 152 255 
3 758 762 763 152 152 152 255 
3 763 764 758 152 152 152 255 
3 758 764 765 152 152 152 255 
3 758 765 766 152 152 152 255 
3 766 767 758 152 152 152 255 
3 758 767 768 152 152 152 255 
3 768 767 769 152 152 152 255 
3 768 769 770 152 152 152 255 
3 769 767 771 152 152 152 255 
3 771 767 772 152 152 152 255 
3 771 772 773 152 152 152 255 
3 773 772 774 152 152 152 255 
3 774 772 775 152 152 152 255 
3 774 775 776 152 152 152 255 
3 776 775 777 152 152 152 255 
3 776 777 778 152 152 152 255 
3 777 775 779 152 152 152 255 
3 779 775 780 152 152 152 255 
3 779 780 781 152 152 152 255 
3 781 780 782 152 152 152 255 
3 782 780 783 152 152 152 255 
3 783 780 784 152 152 152 255 
3 784 780 785 152 152 152 255 
3 785 780 786 152 152 152 255 
3 785 786 787 152 152 152 255 
3 787 786 788 152 152 152 255 
3 787 788 789 152 152 152 255 
3 778 790 776 152 152 152 255 
3 776 790 791 152 152 152 255 
3 776 791 792 152 152 152 255 
3 792 793 776 152 152 152 255 
3 776 793 794 152 152 152 255 
3 776 794 795 152 152 152 255 
3 795 796 776 152 152 152 255 
3 770 797 768 152 152 152 255 
3 768 797 798 152 152 152 255 
3 768 798 799 152 152 152 255 
3 799 800 768 152 152 152 255 
3 768 800 801 152 152 152 255 
3 801 800 802 152 152 152 255 
3 801 802 803 152 152 152 255 
3 804 805 806 152 152 152 255 
3 806 805 807 152 152 152 255 
3 806 807 808 152 152 152 255 
3 808 807 809 152 152 152 255 
3 808 809 810 152 152 152 255 
3 804 811 805 152 152 152 255 
3 805 811 812 152 152 152 255 
3 805 812 813 152 152 152 255 
3 813 814 805 152 152 152 255 
3 805 814 815 152 152 152 255 
3 805 815 816 152 152 152 255 
3 816 817 805 152 152 152 255 
3 805 817 818 152 152 152 255 
3 809 807 819 152 152 152 255 
3 819 807 820 152 152 152 255 
3 819 820 821 152 152 152 255 
3 821 820 822 152 152 152 255 
3 822 820 823 152 152 152 255 
3 822 823 824 152 152 152 255 
3 824 823 825 152 152 152 255 
3 824 825 826 152 152 152 255 
3 826 825 827 152 152 152 255 
3 827 825 828 152 152 152 255 
3 828 825 829 152 152 152 255 
3 829 825 830 152 152 152 255 
3 830 825 831 152 152 152 255 
3 831 825 832 152 152 152 255 
3 832 825 833 152 152 152 255 
3 825 823 834 152 152 152 255 
3 834 823 835 152 152 152 255 
3 834 835 836 152 152 152 255 
3 836 835 837 152 152 152 255 
3 837 835 838 152 152 152 255 
3 838 835 839 152 152 152 255 
3 839 835 840 152 152 152 255 
3 840 835 841 152 152 152 255 
3 840 841 842 152 152 152 255 
3 842 841 843 152 152 152 255 
3 842 843 844 152 152 152 255 
3 810 845 808 152 152 152 255 
3 808 845 846 152 152 152 255 
3 808 846 847 152 152 152 255 
3 847 848 808 152 152 152 255 
3 808 848 849 152 152 152 255 
3 849 848 850 152 152 152 255 
3 849 850 851 152 152 152 255 
3 852 853 854 152 152 152 255 
3 854 853 855 152 152 152 255 
3 854 855 856 152 152 152 255 
3 856 855 857 152 152 152 255 
3 856 857 858 152 152 152 255 
3 858 857 859 152 152 152 255 
3 859 857 860 152 152 152 255 
3 859 860 861 152 152 152 255 
3 861 860 862 152 152 152 255 
3 861 862 863 152 152 152 255 
3 863 862 864 152 152 152 255 
3 864 862 865 152 152 152 255 
3 865 862 866 152 152 152 255 
3 866 862 867 152 152 152 255 
3 867 862 868 152 152 152 255 
3 867 868 869 152 152 152 255 
3 869 868 870 152 152 152 255 
3 852 871 853 152 152 152 255 
3 853 871 872 152 152 152 255 
3 853 872 873 152 152 152 255 
3 873 874 853 152 152 152 255 
3 853 874 875 152 152 152 255 
3 853 875 876 152 152 152 255 
3 876 877 853 152 152 152 255 
3 853 878 855 152 152 152 255 
3 855 878 879 152 152 152 255 
3 879 878 880 152 152 152 255 
3 879 880 881 152 152 152 255 
3 881 882 879 152 152 152 255 
3 879 882 883 152 152 152 255 
3 879 883 884 152 152 152 255 
3 879 884 885 152 152 152 255 
3 885 884 886 152 152 152 255 
3 885 886 887 152 152 152 255 
3 887 886 888 152 152 152 255 
3 862 860 889 152 152 152 255 
3 889 860 890 152 152 152 255 
3 889 890 891 152 152 152 255 
3 891 890 892 152 152 152 255 
3 892 890 893 152 152 152 255 
3 893 890 894 152 152 152 255 
3 894 890 895 152 152 152 255 
3 895 890 896 152 152 152 255 
3 896 890 897 152 152 152 255 
3 897 890 898 152 152 152 255 
3 898 890 899 152 152 152 255 
3 900 901 902 152 152 152 255 
3 902 901 903 152 152 152 255 
3 902 903 904 152 152 152 255 
3 904 903 905 152 152 152 255 
3 904 905 906 152 152 152 255 
3 906 905 907 152 152 152 255 
3 906 907 908 152 152 152 255 
3 908 907 909 152 152 152 255 
3 908 909 910 152 152 152 255 
3 910 909 911 152 152 152 255 
3 910 911 912 152 152 152 255 
3 912 911 913 152 152 152 255 
3 912 913 914 152 152 152 255 
3 914 913 915 152 152 152 255 
3 914 915 916 152 152 152 255 
3 916 915 917 152 152 152 255 
3 916 917 918 152 152 152 255 
3 918 917 919 152 152 152 255 
3 918 919 920 152 152 152 255 
3 901 900 921 152 152 152 255 
3 921 900 922 152 152 152 255 
3 921 922 923 152 152 152 255 
3 923 922 924 152 152 152 255 
3 923 924 925 152 152 152 255 
3 925 924 926 152 152 152 255 
3 925 926 927 152 152 152 255 
3 927 926 928 152 152 152 255 
3 927 928 929 152 152 152 255 
3 929 928 930 152 152 152 255 
3 929 930 931 152 152 152 255 
3 931 930 932 152 152 152 255 
3 931 932 933 152 152 152 255 
3 933 932 934 152 152 152 255 
3 933 934 935 152 152 152 255 
3 936 937 938 152 152 152 255 
3 938 937 939 152 152 152 255 
3 938 939 940 152 152 152 255 
3 940 939 941 152 152 152 255 
3 940 941 942 152 152 152 255 
3 942 941 943 152 152 152 255 
3 942 943 944 152 152 152 255 
3 944 943 945 152 152 152 255 
3 944 945 946 152 152 152 255 
3 946 945 947 152 152 152 255 
3 946 947 948 152 152 152 255 
3 948 947 949 152 152 152 255 
3 948 949 950 152 152 152 255 
3 950 949 951 152 152 152 255 
3 950 951 952 152 152 152 255 
3 952 951 953 152 152 152 255 
3 952 953 954 152 152 152 255 
3 954 953 955 152 152 152 255 
3 954 955 956 152 152 152 255 
3 937 936 957 152 152 152 255 
3 957 936 958 152 152 152 255 
3 957 958 959 152 152 152 255 
3 959 958 960 152 152 152 255 
3 959 960 961 152 152 152 255 
3 961 960 962 152 152 152 255 
3 961 962 963 152 152 152 255 
3 963 962 964 152 152 152 255 
3 963 964 965 152 152 152 255 
3 965 964 966 152 152 152 255 
3 965 966 967 152 152 152 255 
3 967 966 968 152 152 152 255 
3 967 968 969 152 152 152 255 
3 969 968 970 152 152 152 255 
3 969 970 971 152 152 152 255 
3 972 973 974 152 152 152 255 
3 974 973 975 152 152 152 255 
3 974 975 976 152 152 152 255 
3 976 977 974 152 152 152 255 
3 974 977 978 152 152 152 255 
3 974 978 979 152 152 152 255 
3 979 980 974 152 152 152 255 
3 974 980 981 152 152 152 255 
3 974 981 982 152 152 152 255 
3 982 981 983 152 152 152 255 
3 982 983 984 152 152 152 255 
3 984 983 985 152 152 152 255 
3 984 985 986 152 152 152 255 
3 986 987 984 152 152 152 255 
3 984 987 988 152 152 152 255 
3 984 988 989 152 152 152 255 
3 984 989 990 152 152 152 255 
3 990 989 991 152 152 152 255 
3 990 991 992 152 152 152 255 
3 992 991 993 152 152 152 255 
3 974 982 994 152 152 152 255 
3 994 982 995 152 152 152 255 
3 994 995 996 152 152 152 255 
3 996 995 997 152 152 152 255 
3 997 995 998 152 152 152 255 
3 997 998 999 152 152 152 255 
3 999 998 1000 152 152 152 255 
3 999 1000 1001 152 152 152 255 
3 1001 1000 1002 152 152 152 255 
3 1002 1000 1003 152 152 152 255 
3 1003 1000 1004 152 152 152 255 
3 1004 1000 1005 152 152 152 255 
3 1005 1000 1006 152 152 152 255 
3 1005 1006 1007 152 152 152 255 
3 1007 1006 1008 152 152 152 255 
3 1000 998 1009 152 152 152 255 
3 1009 998 1010 152 152 152 255 
3 1009 1010 1011 152 152 152 255 
3 1011 1012 1009 152 152 152 255 
3 1009 1012 1013 152 152 152 255 
3 1009 1013 1014 152 152 152 255 
3 1014 1015 1009 152 152 152 255 
3 1009 1015 1016 152 152 152 255 
3 1009 1016 1017 152 152 152 255 
3 1017 1018 1009 152 152 152 255 
3 1009 1018 1019 152 152 152 255 
3 683 180 649 184 184 184 255 
3 649 180 182 184 184 184 255 
3 649 182 648 184 184 184 255 
3 648 182 184 184 184 184 255 
3 648 184 650 184 184 184 255 
3 650 184 247 184 184 184 255 
3 650 247 651 184 184 184 255 
3 651 247 245 184 184 184 255 
3 651 245 652 184 184 184 255 
3 652 245 243 184 184 184 255 
3 652 243 653 184 184 184 255 
3 653 243 241 184 184 184 255 
3 653 241 654 184 184 184 255 
3 654 241 239 184 184 184 255 
3 654 239 655 184 184 184 255 
3 655 239 237 184 184 184 255 
3 655 237 656 184 184 184 255 
3 656 237 235 184 184 184 255 
3 656 235 657 184 184 184 255 
3 657 235 234 184 184 184 255 
3 657 234 658 184 184 184 255 
3 658 234 232 184 184 184 255 
3 658 232 659 184 184 184 255 
3 659 232 230 184 184 184 255 
3 659 230 660 184 184 184 255 
3 660 230 228 184 184 184 255 
3 660 228 661 184 184 184 255 
3 661 228 226 184 184 184 255 
3 661 226 662 184 184 184 255 
3 662 226 224 184 184 184 255 
3 662 224 663 184 184 184 255 
3 663 224 222 184 184 184 255 
3 663 222 664 184 184 184 255 
3 664 222 220 184 184 184 255 
3 664 220 665 184 184 184 255 
3 665 220 218 184 184 184 255 
3 665 218 666 184 184 184 255 
3 666 218 215 184 184 184 255 
3 666 215 667 184 184 184 255 
3 667 215 213 184 184 184 255 
3 667 213 668 184 184 184 255 
3 668 213 211 184 184 184 255 
3 668 211 669 184 184 184 255 
3 669 211 209 184 184 184 255 
3 669 209 670 184 184 184 255 
3 670 209 207 184 184 184 255 
3 670 207 671 184 184 184 255 
3 671 207 205 184 184 184 255 
3 671 205 672 184 184 184 255 
3 672 205 202 184 184 184 255 
3 672 202 673 184 184 184 255 
3 673 202 201 184 184 184 255 
3 673 201 674 184 184 184 255 
3 674 201 200 184 184 184 255 
3 674 200 675 184 184 184 255 
3 675 200 199 184 184 184 255 
3 675 199 676 184 184 184 255 
3 676 199 198 184 184 184 255 
3 676 198 677 184 184 184 255 
3 677 198 197 184 184 184 255 
3 677 197 678 184 184 184 255 
3 678 197 196 184 184 184 255 
3 678 196 679 184 184 184 255 
3 679 196 194 184 184 184 255 
3 679 194 680 184 184 184 255 
3 680 194 192 184 184 184 255 
3 680 192 681 184 184 184 255 
3 681 192 190 184 184 184 255 
3 681 190 682 184 184 184 255 
3 682 190 188 184 184 184 255 
3 682 188 683 184 184 184 255 
3 683 188 180 184 184 184 255 
3 685 725 687 152 152 152 255 
3 687 725 723 152 152 152 255 
3 687 723 689 152 152 152 255 
3 689 723 721 152 152 152 255 
3 689 721 691 152 152 152 255 
3 691 721 719 152 152 152 255 
3 691 719 693 152 152 152 255 
3 693 719 717 152 152 152 255 
3 693 717 695 152 152 152 255 
3 695 717 715 152 152 152 255 
3 695 715 697 152 152 152 255 
3 697 715 713 152 152 152 255 
3 697 713 699 152 152 152 255 
3 699 713 711 152 152 152 255 
3 699 711 701 152 152 152 255 
3 701 711 709 152 152 152 255 
3 701 709 703 152 152 152 255 
3 703 709 707 152 152 152 255 
3 703 707 705 152 152 152 255 
3 725 685 727 152 152 152 255 
3 727 685 755 152 152 152 255 
3 727 755 729 152 152 152 255 
3 729 755 753 152 152 152 255 
3 729 753 731 152 152 152 255 
3 731 753 751 152 152 152 255 
3 731 751 733 152 152 152 255 
3 733 751 749 152 152 152 255 
3 733 749 735 152 152 152 255 
3 735 749 747 152 152 152 255 
3 735 747 737 152 152 152 255 
3 737 747 745 152 152 152 255 
3 737 745 739 152 152 152 255 
3 739 745 743 152 152 152 255 
3 739 743 741 152 152 152 255 
3 1020 1021 1022 152 152 152 255 
3 1022 1021 1023 152 152 152 255 
3 1022 1023 1024 152 152 152 255 
3 1024 1023 1025 152 152 152 255 
3 1024 1025 1026 152 152 152 255 
3 1026 1025 1027 152 152 152 255 
3 1026 1027 1028 152 152 152 255 
3 1028 1027 1029 152 152 152 255 
3 1028 1029 1030 152 152 152 255 
3 1030 1029 1031 152 152 152 255 
3 1030 1031 1032 152 152 152 255 
3 1032 1031 1033 152 152 152 255 
3 1032 1033 1034 152 152 152 255 
3 1034 1033 1035 152 152 152 255 
3 1034 1035 1036 152 152 152 255 
3 1036 1035 1037 152 152 152 255 
3 1036 1037 1038 152 152 152 255 
3 1038 1037 1039 152 152 152 255 
3 1038 1039 1040 152 152 152 255 
3 1040 1039 1041 152 152 152 255 
3 1040 1041 1042 152 152 152 255 
3 1042 1041 1043 152 152 152 255 
3 1042 1043 1044 152 152 152 255 
3 1044 1043 1045 152 152 152 255 
3 1044 1045 1046 152 152 152 255 
3 1046 1045 1047 152 152 152 255 
3 1046 1047 1048 152 152 152 255 
3 1048 1047 1049 152 152 152 255 
3 1048 1049 1050 152 152 152 255 
3 1050 1049 1051 152 152 152 255 
3 1050 1051 1052 152 152 152 255 
3 1052 1051 1053 152 152 152 255 
3 1052 1053 1054 152 152 152 255 
3 1054 1053 1055 152 152 152 255 
3 1054 1055 1056 152 152 152 255 
3 1056 1055 1057 152 152 152 255 
3 1056 1057 1058 152 152 152 255 
3 1058 1057 1059 152 152 152 255 
3 1058 1059 1060 152 152 152 255 
3 1060 1059 1061 152 152 152 255 
3 1060 1061 1062 152 152 152 255 
3 1062 1061 1063 152 152 152 255 
3 1062 1063 1064 152 152 152 255 
3 1064 1063 1065 152 152 152 255 
3 1064 1065 1066 152 152 152 255 
3 1066 1065 1067 152 152 152 255 
3 1066 1067 1068 152 152 152 255 
3 1068 1067 1069 152 152 152 255 
3 1068 1069 1070 152 152 152 255 
3 1070 1069 1071 152 152 152 255 
3 1070 1071 1072 152 152 152 255 
3 1072 1071 1073 152 152 152 255 
3 1072 1073 1074 152 152 152 255 
3 1074 1073 1075 152 152 152 255 
3 1074 1075 1076 152 152 152 255 
3 1076 1075 1077 152 152 152 255 
3 1076 1077 1078 152 152 152 255 
3 1078 1077 1079 152 152 152 255 
3 1078 1079 1080 152 152 152 255 
3 1080 1079 1081 152 152 152 255 
3 1080 1081 1082 152 152 152 255 
3 1082 1081 1083 152 152 152 255 
3 1082 1083 1084 152 152 152 255 
3 1084 1083 1085 152 152 152 255 
3 1084 1085 1086 152 152 152 255 
3 1086 1085 1087 152 152 152 255 
3 1086 1087 1088 152 152 152 255 
3 1088 1087 1089 152 152 152 255 
3 1088 1089 1090 152 152 152 255 
3 1090 1089 1091 152 152 152 255 
3 1090 1091 1020 152 152 152 255 
3 1020 1091 1021 152 152 152 255 
3 1092 1093 1094 152 152 152 255 
3 1094 1093 1095 152 152 152 255 
3 1094 1095 1096 152 152 152 255 
3 1096 1095 1097 152 152 152 255 
3 1096 1097 1098 152 152 152 255 
3 1098 1097 1099 152 152 152 255 
3 1098 1099 1100 152 152 152 255 
3 1100 1099 1101 152 152 152 255 
3 1100 1101 1102 152 152 152 255 
3 1102 1101 1103 152 152 152 255 
3 1102 1103 1104 152 152 152 255 
3 1104 1103 1105 152 152 152 255 
3 1104 1105 1106 152 152 152 255 
3 1106 1105 1107 152 152 152 255 
3 1106 1107 1108 152 152 152 255 
3 1108 1107 1109 152 152 152 255 
3 1108 1109 1110 152 152 152 255 
3 1110 1109 1111 152 152 152 255 
3 1110 1111 1112 152 152 152 255 
3 1112 1111 1113 152 152 152 255 
3 1112 1113 1114 152 152 152 255 
3 1114 1113 1115 152 152 152 255 
3 1114 1115 1116 152 152 152 255 
3 1116 1115 1117 152 152 152 255 
3 1116 1117 1118 152 152 152 255 
3 1118 1117 1119 152 152 152 255 
3 1118 1119 1120 152 152 152 255 
3 1120 1119 1121 152 152 152 255 
3 1120 1121 1122 152 152 152 255 
3 1122 1121 1123 152 152 152 255 
3 1122 1123 1124 152 152 152 255 
3 1124 1123 1125 152 152 152 255 
3 1124 1125 1126 152 152 152 255 
3 1126 1125 1127 152 152 152 255 
3 1126 1127 1128 152 152 152 255 
3 1128 1127 1129 152 152 152 255 
3 1128 1129 1130 152 152 152 255 
3 1130 1129 1131 152 152 152 255 
3 1130 1131 1132 152 152 152 255 
3 1132 1131 1133 152 152 152 255 
3 1132 1133 1134 152 152 152 255 
3 1134 1133 1135 152 152 152 255 
3 1134 1135 1136 152 152 152 255 
3 1136 1135 1137 152 152 152 255 
3 1136 1137 1138 152 152 152 255 
3 1138 1137 1139 152 152 152 255 
3 1138 1139 1140 152 152 152 255 
3 1140 1139 1141 152 152 152 255 
3 1140 1141 1142 152 152 152 255 
3 1142 1141 1143 152 152 152 255 
3 1142 1143 1144 152 152 152 255 
3 1144 1143 1145 152 152 152 255 
3 1144 1145 1146 152 152 152 255 
3 1146 1145 1147 152 152 152 255 
3 1146 1147 1148 152 152 152 255 
3 1148 1147 1149 152 152 152 255 
3 1148 1149 1150 152 152 152 255 
3 1150 1149 1151 152 152 152 255 
3 1150 1151 1152 152 152 152 255 
3 1152 1151 1153 152 152 152 255 
3 1152 1153 1154 152 152 152 255 
3 1154 1153 1155 152 152 152 255 
3 1154 1155 1156 152 152 152 255 
3 1156 1155 1157 152 152 152 255 
3 1156 1157 1158 152 152 152 255 
3 1158 1157 1159 152 152 152 255 
3 1158 1159 1160 152 152 152 255 
3 1160 1159 1161 152 152 152 255 
3 1160 1161 1162 152 152 152 255 
3 1162 1161 1163 152 152 152 255 
3 1162 1163 1092 152 152 152 255 
3 1092 1163 1093 152 152 152 255 
3 1091 1164 1021 152 152 152 255 
3 1021 1164 1165 152 152 152 255 
3 1021 1165 1023 152 152 152 255 
3 1023 1165 1166 152 152 152 255 
3 1023 1166 1025 152 152 152 255 
3 1025 1166 1167 152 152 152 255 
3 1025 1167 1027 152 152 152 255 
3 1027 1167 1168 152 152 152 255 
3 1027 1168 1029 152 152 152 255 
3 1029 1168 1169 152 152 152 255 
3 1029 1169 1031 152 152 152 255 
3 1031 1169 1170 152 152 152 255 
3 1031 1170 1033 152 152 152 255 
3 1033 1170 1171 152 152 152 255 
3 1033 1171 1035 152 152 152 255 
3 1035 1171 1172 152 152 152 255 
3 1035 1172 1037 152 152 152 255 
3 1037 1172 1173 152 152 152 255 
3 1037 1173 1039 152 152 152 255 
3 1039 1173 1174 152 152 152 255 
3 1039 1174 1041 152 152 152 255 
3 1041 1174 1175 152 152 152 255 
3 1041 1175 1043 152 152 152 255 
3 1043 1175 1176 152 152 152 255 
3 1043 1176 1045 152 152 152 255 
3 1045 1176 1177 152 152 152 255 
3 1045 1177 1047 152 152 152 255 
3 1047 1177 1178 152 152 152 255 
3 1047 1178 1049 152 152 152 255 
3 1049 1178 1179 152 152 152 255 
3 1049 1179 1051 152 152 152 255 
3 1051 1179 1180 152 152 152 255 
3 1051 1180 1053 152 152 152 255 
3 1053 1180 1181 152 152 152 255 
3 1053 1181 1055 152 152 152 255 
3 1055 1181 1182 152 152 152 255 
3 1055 1182 1057 152 152 152 255 
3 1057 1182 1183 152 152 152 255 
3 1057 1183 1059 152 152 152 255 
3 1059 1183 1184 152 152 152 255 
3 1059 1184 1061 152 152 152 255 
3 1061 1184 1185 152 152 152 255 
3 1061 1185 1063 152 152 152 255 
3 1063 1185 1186 152 152 152 255 
3 1063 1186 1065 152 152 152 255 
3 1065 1186 1187 152 152 152 255 
3 1065 1187 1067 152 152 152 255 
3 1067 1187 1188 152 152 152 255 
3 1067 1188 1069 152 152 152 255 
3 1069 1188 1189 152 152 152 255 
3 1069 1189 1071 152 152 152 255 
3 1071 1189 1190 152 152 152 255 
3 1071 1190 1073 152 152 152 255 
3 1073 1190 1191 152 152 152 255 
3 1073 1191 1075 152 152 152 255 
3 1075 1191 1192 152 152 152 255 
3 1075 1192 1077 152 152 152 255 
3 1077 1192 1193 152 152 152 255 
3 1077 1193 1079 152 152 152 255 
3 1079 1193 1194 152 152 152 255 
3 1079 1194 1081 152 152 152 255 
3 1081 1194 1195 152 152 152 255 
3 1081 1195 1083 152 152 152 255 
3 1083 1195 1196 152 152 152 255 
3 1083 1196 1085 152 152 152 255 
3 1085 1196 1197 152 152 152 255 
3 1085 1197 1087 152 152 152 255 
3 1087 1197 1198 152 152 152 255 
3 1087 1198 1089 152 152 152 255 
3 1089 1198 1199 152 152 152 255 
3 1089 1199 1091 152 152 152 255 
3 1091 1199 1164 152 152 152 255 
3 1164 1200 1165 152 152 152 255 
3 1165 1200 1201 152 152 152 255 
3 1165 1201 1166 152 152 152 255 
3 1166 1201 1202 152 152 152 255 
3 1166 1202 1167 152 152 152 255 
3 1167 1202 1203 152 152 152 255 
3 1167 1203 1168 152 152 152 255 
3 1168 1203 1204 152 152 152 255 
3 1168 1204 1169 152 152 152 255 
3 1169 1204 1205 152 152 152 255 
3 1169 1205 1170 152 152 152 255 
3 1170 1205 1206 152 152 152 255 
3 1170 1206 1171 152 152 152 255 
3 1171 1206 1207 152 152 152 255 
3 1171 1207 1172 152 152 152 255 
3 1172 1207 1208 152 152 152 255 
3 1172 1208 1173 152 152 152 255 
3 1173 1208 1209 152 152 152 255 
3 1173 1209 1174 152 152 152 255 
3 1174 1209 1210 152 152 152 255 
3 1174 1210 1175 152 152 152 255 
3 1175 1210 1211 152 152 152 255 
3 1175 1211 1176 152 152 152 255 
3 1176 1211 1212 152 152 152 255 
3 1176 1212 1177 152 152 152 255 
3 1177 1212 1213 152 152 152 255 
3 1177 1213 1178 152 152 152 255 
3 1178 1213 1214 152 152 152 255 
3 1178 1214 1179 152 152 152 255 
3 1179 1214 1215 152 152 152 255 
3 1179 1215 1180 152 152 152 255 
3 1180 1215 1216 152 152 152 255 
3 1180 1216 1181 152 152 152 255 
3 1181 1216 1217 152 152 152 255 
3 1181 1217 1182 152 152 152 255 
3 1182 1217 1218 152 152 152 255 
3 1182 1218 1183 152 152 152 255 
3 1183 1218 1219 152 152 152 255 
3 1183 1219 1184 152 152 152 255 
3 1184 1219 1220 152 152 152 255 
3 1184 1220 1185 152 152 152 255 
3 1185 1220 1221 152 152 152 255 
3 1185 1221 1186 152 152 152 255 
3 1186 1221 1222 152 152 152 255 
3 1186 1222 1187 152 152 152 255 
3 1187 1222 1223 152 152 152 255 
3 1187 1223 1188 152 152 152 255 
3 1188 1223 1224 152 152 152 255 
3 1188 1224 1189 152 152 152 255 
3 1189 1224 1225 152 152 152 255 
3 1189 1225 1190 152 152 152 255 
3 1190 1225 1226 152 152 152 255 
3 1190 1226 1191 152 152 152 255 
3 1191 1226 1227 152 152 152 255 
3 1191 1227 1192 152 152 152 255 
3 1192 1227 1228 152 152 152 255 
3 1192 1228 1193 152 152 152 255 
3 1193 1228 1229 152 152 152 255 
3 1193 1229 1194 152 152 152 255 
3 1194 1229 1230 152 152 152 255 
3 1194 1230 1195 152 152 152 255 
3 1195 1230 1231 152 152 152 255 
3 1195 1231 1196 152 152 152 255 
3 1196 1231 1232 152 152 152 255 
3 1196 1232 1197 152 152 152 255 
3 1197 1232 1233 152 152 152 255 
3 1197 1233 1198 152 152 152 255 
3 1198 1233 1234 152 152 152 255 
3 1198 1234 1199 152 152 152 255 
3 1199 1234 1235 152 152 152 255 
3 1199 1235 1164 152 152 152 255 
3 1164 1235 1200 152 152 152 255 
3 1200 1236 1201 152 152 152 255 
3 1201 1236 1237 152 152 152 255 
3 1201 1237 1202 152 152 152 255 
3 1202 1237 1238 152 152 152 255 
3 1202 1238 1203 152 152 152 255 
3 1203 1238 1239 152 152 152 255 
3 1203 1239 1204 152 152 152 255 
3 1204 1239 1240 152 152 152 255 
3 1204 1240 1205 152 152 152 255 
3 1205 1240 1241 152 152 152 255 
3 1205 1241 1206 152 152 152 255 
3 1206 1241 1242 152 152 152 255 
3 1206 1242 1207 152 152 152 255 
3 1207 1242 1243 152 152 152 255 
3 1207 1243 1208 152 152 152 255 
3 1208 1243 1244 152 152 152 255 
3 1208 1244 1209 152 152 152 255 
3 1209 1244 1245 152 152 152 255 
3 1209 1245 1210 152 152 152 255 
3 1210 1245 1246 152 152 152 255 
3 1210 1246 1211 152 152 152 255 
3 1211 1246 1247 152 152 152 255 
3 1211 1247 1212 152 152 152 255 
3 1212 1247 1248 152 152 152 255 
3 1212 1248 1213 152 152 152 255 
3 1213 1248 1249 152 152 152 255 
3 1213 1249 1214 152 152 152 255 
3 1214 1249 1250 152 152 152 255 
3 1214 1250 1215 152 152 152 255 
3 1215 1250 1251 152 152 152 255 
3 1215 1251 1216 152 152 152 255 
3 1216 1251 1252 152 152 152 255 
3 1216 1252 1217 152 152 152 255 
3 1217 1252 1253 152 152 152 255 
3 1217 1253 1218 152 152 152 255 
3 1218 1253 1254 152 152 152 255 
3 1218 1254 1219 152 152 152 255 
3 1219 1254 1255 152 152 152 255 
3 1219 1255 1220 152 152 152 255 
3 1220 1255 1256 152 152 152 255 
3 1220 1256 1221 152 152 152 255 
3 1221 1256 1257 152 152 152 255 
3 1221 1257 1222 152 152 152 255 
3 1222 1257 1258 152 152 152 255 
3 1222 1258 1223 152 152 152 255 
3 1223 1258 1259 152 152 152 255 
3 1223 1259 1224 152 152 152 255 
3 1224 1259 1260 152 152 152 255 
3 1224 1260 1225 152 152 152 255 
3 1225 1260 1261 152 152 152 255 
3 1225 1261 1226 152 152 152 255 
3 1226 1261 1262 152 152 152 255 
3 1226 1262 1227 152 152 152 255 
3 1227 1262 1263 152 152 152 255 
3 1227 1263 1228 152 152 152 255 
3 1228 1263 1264 152 152 152 255 
3 1228 1264 1229 152 152 152 255 
3 1229 1264 1265 152 152 152 255 
3 1229 1265 1230 152 152 152 255 
3 1230 1265 1266 152 152 152 255 
3 1230 1266 1231 152 152 152 255 
3 1231 1266 1267 152 152 152 255 
3 1231 1267 1232 152 152 152 255 
3 1232 1267 1268 152 152 152 255 
3 1232 1268 1233 152 152 152 255 
3 1233 1268 1269 152 152 152 255 
3 1233 1269 1234 152 152 152 255 
3 1234 1269 1270 152 152 152 255 
3 1234 1270 1235 152 152 152 255 
3 1235 1270 1271 152 152 152 255 
3 1235 1271 1200 152 152 152 255 
3 1200 1271 1236 152 152 152 255 
3 1236 1272 1237 152 152 152 255 
3 1237 1272 1273 152 152 152 255 
3 1237 1273 1238 152 152 152 255 
3 1238 1273 1274 152 152 152 255 
3 1238 1274 1239 152 152 152 255 
3 1239 1274 1275 152 152 152 255 
3 1239 1275 1240 152 152 152 255 
3 1240 1275 1276 152 152 152 255 
3 1240 1276 1241 152 152 152 255 
3 1241 1276 1277 152 152 152 255 
3 1241 1277 1242 152 152 152 255 
3 1242 1277 1278 152 152 152 255 
3 1242 1278 1243 152 152 152 255 
3 1243 1278 1279 152 152 152 255 
3 1243 1279 1244 152 152 152 255 
3 1244 1279 1280 152 152 152 255 
3 1244 1280 1245 152 152 152 255 
3 1245 1280 1281 152 152 152 255 
3 1245 1281 1246 152 152 152 255 
3 1246 1281 1282 152 152 152 255 
3 1246 1282 1247 152 152 152 255 
3 1247 1282 1283 152 152 152 255 
3 1247 1283 1248 152 152 152 255 
3 1248 1283 1284 152 152 152 255 
3 1248 1284 1249 152 152 152 255 
3 1249 1284 1285 152 152 152 255 
3 1249 1285 1250 152 152 152 255 
3 1250 1285 1286 152 152 152 255 
3 1250 1286 1251 152 152 152 255 
3 1251 1286 1287 152 152 152 255 
3 1251 1287 1252 152 152 152 255 
3 1252 1287 1288 152 152 152 255 
3 1252 1288 1253 152 152 152 255 
3 1253 1288 1289 152 152 152 255 
3 1253 1289 1254 152 152 152 255 
3 1254 1289 1290 152 152 152 255 
3 1254 1290 1255 152 152 152 255 
3 1255 1290 1291 152 152 152 255 
3 1255 1291 1256 152 152 152 255 
3 1256 1291 1292 152 152 152 255 
3 1256 1292 1257 152 152 152 255 
3 1257 1292 1293 152 152 152 255 
3 1257 1293 1258 152 152 152 255 
3 1258 1293 1294 152 152 152 255 
3 1258 1294 1259 152 152 152 255 
3 1259 1294 1295 152 152 152 255 
3 1259 1295 1260 152 152 152 255 
3 1260 1295 1296 152 152 152 255 
3 1260 1296 1261 152 152 152 255 
3 1261 1296 1297 152 152 152 255 
3 1261 1297 1262 152 152 152 255 
3 1262 1297 1298 152 152 152 255 
3 1262 1298 1263 152 152 152 255 
3 1263 1298 1299 152 152 152 255 
3 1263 1299 1264 152 152 152 255 
3 1264 1299 1300 152 152 152 255 
3 1264 1300 1265 152 152 152 255 
3 1265 1300 1301 152 152 152 255 
3 1265 1301 1266 152 152 152 255 
3 1266 1301 1302 152 152 152 255 
3 1266 1302 1267 152 152 152 255 
3 1267 1302 1303 152 152 152 255 
3 1267 1303 1268 152 152 152 255 
3 1268 1303 1304 152 152 152 255 
3 1268 1304 1269 152 152 152 255 
3 1269 1304 1305 152 152 152 255 
3 1269 1305 1270 152 152 152 255 
3 1270 1305 1306 152 152 152 255 
3 1270 1306 1271 152 152 152 255 
3 1271 1306 1307 152 152 152 255 
3 1271 1307 1236 152 152 152 255 
3 1236 1307 1272 152 152 152 255 
3 1272 1095 1273 152 152 152 255 
3 1273 1095 1093 152 152 152 255 
3 1273 1093 1274 152 152 152 255 
3 1274 1093 1163 152 152 152 255 
3 1274 1163 1275 152 152 152 255 
3 1275 1163 1161 152 152 152 255 
3 1275 1161 1276 152 152 152 255 
3 1276 1161 1159 152 152 152 255 
3 1276 1159 1277 152 152 152 255 
3 1277 1159 1157 152 152 152 255 
3 1277 1157 1278 152 152 152 255 
3 1278 1157 1155 152 152 152 255 
3 1278 1155 1279 152 152 152 255 
3 1279 1155 1153 152 152 152 255 
3 1279 1153 1280 152 152 152 255 
3 1280 1153 1151 152 152 152 255 
3 1280 1151 1281 152 152 152 255 
3 1281 1151 1149 152 152 152 255 
3 1281 1149 1282 152 152 152 255 
3 1282 1149 1147 152 152 152 255 
3 1282 1147 1283 152 152 152 255 
3 1283 1147 1145 152 152 152 255 
3 1283 1145 1284 152 152 152 255 
3 1284 1145 1143 152 152 152 255 
3 1284 1143 1285 152 152 152 255 
3 1285 1143 1141 152 152 152 255 
3 1285 1141 1286 152 152 152 255 
3 1286 1141 1139 152 152 152 255 
3 1286 1139 1287 152 152 152 255 
3 1287 1139 1137 152 152 152 255 
3 1287 1137 1288 152 152 152 255 
3 1288 1137 1135 152 152 152 255 
3 1288 1135 1289 152 152 152 255 
3 1289 1135 1133 152 152 152 255 
3 1289 1133 1290 152 152 152 255 
3 1290 1133 1131 152 152 152 255 
3 1290 1131 1291 152 152 152 255 
3 1291 1131 1129 152 152 152 255 
3 1291 1129 1292 152 152 152 255 
3 1292 1129 1127 152 152 152 255 
3 1292 1127 1293 152 152 152 255 
3 1293 1127 1125 152 152 152 255 
3 1293 1125 1294 152 152 152 255 
3 1294 1125 1123 152 152 152 255 
3 1294 1123 1295 152 152 152 255 
3 1295 1123 1121 152 152 152 255 
3 1295 1121 1296 152 152 152 255 
3 1296 1121 1119 152 152 152 255 
3 1296 1119 1297 152 152 152 255 
3 1297 1119 1117 152 152 152 255 
3 1297 1117 1298 152 152 152 255 
3 1298 1117 1115 152 152 152 255 
3 1298 1115 1299 152 152 152 255 
3 1299 1115 1113 152 152 152 255 
3 1299 1113 1300 152 152 152 255 
3 1300 1113 1111 152 152 152 255 
3 1300 1111 1301 152 152 152 255 
3 1301 1111 1109 152 152 152 255 
3 1301 1109 1302 152 152 152 255 
3 1302 1109 1107 152 152 152 255 
3 1302 1107 1303 152 152 152 255 
3 1303 1107 1105 152 152 152 255 
3 1303 1105 1304 152 152 152 255 
3 1304 1105 1103 152 152 152 255 
3 1304 1103 1305 152 152 152 255 
3 1305 1103 1101 152 152 152 255 
3 1305 1101 1306 152 152 152 255 
3 1306 1101 1099 152 152 152 255 
3 1306 1099 1307 152 152 152 255 
3 1307 1099 1097 152 152 152 255 
3 1307 1097 1272 152 152 152 255 
3 1272 1097 1095 152 152 152 255 
3 1308 1309 1310 152 152 152 255 
3 1310 1309 1311 152 152 152 255 
3 1310 1311 1312 152 152 152 255 
3 1309 1308 1313 152 152 152 255 
3 1313 1308 1314 152 152 152 255 
3 1313 1314 1315 152 152 152 255 
3 1315 1314 1316 152 152 152 255 
3 1315 1316 1317 152 152 152 255 
3 1317 1316 1318 152 152 152 255 
3 1315 1317 1319 152 152 152 255 
3 1319 1317 1320 152 152 152 255 
3 1319 1320 1321 152 152 152 255 
3 1321 1320 1322 152 152 152 255 
3 1321 1323 1319 152 152 152 255 
3 1319 1323 1324 152 152 152 255 
3 1319 1324 1325 152 152 152 255 
3 1325 1324 1326 152 152 152 255 
3 1326 1324 1327 152 152 152 255 
3 1326 1327 1328 152 152 152 255 
3 1328 1327 1329 152 152 152 255 
3 1328 1329 1330 152 152 152 255 
3 1330 1329 1331 152 152 152 255 
3 1330 1331 1332 152 152 152 255 
3 1332 1331 1333 152 152 152 255 
3 1332 1333 1334 152 152 152 255 
3 1334 1333 1335 152 152 152 255 
3 1334 1335 1336 152 152 152 255 
3 1336 1335 1337 152 152 152 255 
3 1336 1337 1338 152 152 152 255 
3 1338 1337 1339 152 152 152 255 
3 1338 1339 1340 152 152 152 255 
3 1340 1339 1341 152 152 152 255 
3 1340 1341 1342 152 152 152 255 
3 1342 1341 1343 152 152 152 255 
3 1342 1343 1344 152 152 152 255 
3 1344 1343 1345 152 152 152 255 
3 1344 1345 1346 152 152 152 255 
3 1346 1345 1347 152 152 152 255 
3 1346 1347 1348 152 152 152 255 
3 1348 1347 1349 152 152 152 255 
3 1348 1349 1350 152 152 152 255 
3 1350 1349 1351 152 152 152 255 
3 1350 1351 1352 152 152 152 255 
3 1352 1351 1353 152 152 152 255 
3 1352 1353 1354 152 152 152 255 
3 1354 1353 1355 152 152 152 255 
3 1354 1355 1356 152 152 152 255 
3 1356 1355 1357 152 152 152 255 
3 1356 1357 1358 152 152 152 255 
3 1358 1357 1359 152 152 152 255 
3 1358 1359 1360 152 152 152 255 
3 1360 1359 1361 152 152 152 255 
3 1360 1361 1362 152 152 152 255 
3 1362 1361 1363 152 152 152 255 
3 1362 1363 1364 152 152 152 255 
3 1364 1363 1365 152 152 152 255 
3 1364 1365 1366 152 152 152 255 
3 1366 1365 1367 152 152 152 255 
3 1366 1367 1368 152 152 152 255 
3 1368 1367 1369 152 152 152 255 
3 1368 1369 1370 152 152 152 255 
3 1370 1369 1371 152 152 152 255 
3 1370 1371 1372 152 152 152 255 
3 1372 1371 1373 152 152 152 255 
3 1372 1373 1374 152 152 152 255 
3 1374 1373 1375 152 152 152 255 
3 1374 1375 1376 152 152 152 255 
3 1376 1375 1377 152 152 152 255 
3 1376 1377 1378 152 152 152 255 
3 1378 1377 1379 152 152 152 255 
3 1378 1379 1380 152 152 152 255 
3 1380 1379 1381 152 152 152 255 
3 1380 1381 1382 152 152 152 255 
3 1382 1381 1383 152 152 152 255 
3 1382 1383 1384 152 152 152 255 
3 1384 1383 1385 152 152 152 255 
3 1384 1385 1386 152 152 152 255 
3 1386 1385 1387 152 152 152 255 
3 1386 1387 1388 152 152 152 255 
3 1388 1387 1309 152 152 152 255 
3 1388 1309 1389 152 152 152 255 
3 1389 1309 1313 152 152 152 255 
3 1389 1313 1390 152 152 152 255 
3 1390 1313 1315 152 152 152 255 
3 1390 1315 1391 152 152 152 255 
3 1391 1315 1319 152 152 152 255 
3 1391 1319 1325 152 152 152 255 
3 1323 1392 1324 152 152 152 255 
3 1324 1392 1327 152 152 152 255 
3 1392 1393 1327 152 152 152 255 
3 1327 1393 1394 152 152 152 255 
3 1327 1394 1329 152 152 152 255 
3 1329 1394 1395 152 152 152 255 
3 1329 1395 1396 152 152 152 255 
3 1396 1395 1397 152 152 152 255 
3 1393 1398 1394 152 152 152 255 
3 1396 1399 1329 152 152 152 255 
3 1329 1399 1331 152 152 152 255 
3 1399 1400 1331 152 152 152 255 
3 1331 1400 1333 152 152 152 255 
3 1400 1401 1333 152 152 152 255 
3 1333 1401 1402 152 152 152 255 
3 1333 1402 1335 152 152 152 255 
3 1335 1402 1403 152 152 152 255 
3 1335 1403 1404 152 152 152 255 
3 1404 1403 1405 152 152 152 255 
3 1401 1406 1402 152 152 152 255 
3 1404 1407 1335 152 152 152 255 
3 1335 1407 1337 152 152 152 255 
3 1407 1408 1337 152 152 152 255 
3 1337 1408 1339 152 152 152 255 
3 1408 1409 1339 152 152 152 255 
3 1339 1409 1410 152 152 152 255 
3 1339 1410 1341 152 152 152 255 
3 1341 1410 1411 152 152 152 255 
3 1341 1411 1412 152 152 152 255 
3 1412 1411 1413 152 152 152 255 
3 1409 1414 1410 152 152 152 255 
3 1412 1415 1341 152 152 152 255 
3 1341 1415 1343 152 152 152 255 
3 1415 1416 1343 152 152 152 255 
3 1343 1416 1345 152 152 152 255 
3 1416 1417 1345 152 152 152 255 
3 1345 1417 1418 152 152 152 255 
3 1345 1418 1347 152 152 152 255 
3 1347 1418 1419 152 152 152 255 
3 1347 1419 1420 152 152 152 255 
3 1420 1419 1421 152 152 152 255 
3 1417 1422 1418 152 152 152 255 
3 1420 1423 1347 152 152 152 255 
3 1347 1423 1349 152 152 152 255 
3 1423 1424 1349 152 152 152 255 
3 1349 1424 1351 152 152 152 255 
3 1424 1425 1351 152 152 152 255 
3 1351 1425 1426 152 152 152 255 
3 1351 1426 1353 152 152 152 255 
3 1353 1426 1427 152 152 152 255 
3 1353 1427 1428 152 152 152 255 
3 1428 1427 1429 152 152 152 255 
3 1425 1430 1426 152 152 152 255 
3 1428 1431 1353 152 152 152 255 
3 1353 1431 1355 152 152 152 255 
3 1431 1432 1355 152 152 152 255 
3 1355 1432 1357 152 152 152 255 
3 1432 1433 1357 152 152 152 255 
3 1357 1433 1434 152 152 152 255 
3 1357 1434 1359 152 152 152 255 
3 1359 1434 1435 152 152 152 255 
3 1359 1435 1436 152 152 152 255 
3 1436 1435 1437 152 152 152 255 
3 1433 1438 1434 152 152 152 255 
3 1436 1439 1359 152 152 152 255 
3 1359 1439 1361 152 152 152 255 
3 1439 1440 1361 152 152 152 255 
3 1361 1440 1363 152 152 152 255 
3 1440 1441 1363 152 152 152 255 
3 1363 1441 1442 152 152 152 255 
3 1363 1442 1365 152 152 152 255 
3 1365 1442 1443 152 152 152 255 
3 1365 1443 1444 152 152 152 255 
3 1444 1443 1445 152 152 152 255 
3 1441 1446 1442 152 152 152 255 
3 1444 1447 1365 152 152 152 255 
3 1365 1447 1367 152 152 152 255 
3 1447 1448 1367 152 152 152 255 
3 1367 1448 1369 152 152 152 255 
3 1448 1449 1369 152 152 152 255 
3 1369 1449 1450 152 152 152 255 
3 1369 1450 1371 152 152 152 255 
3 1371 1450 1451 152 152 152 255 
3 1371 1451 1452 152 152 152 255 
3 1452 1451 1453 152 152 152 255 
3 1449 1454 1450 152 152 152 255 
3 1452 1455 1371 152 152 152 255 
3 1371 1455 1373 152 152 152 255 
3 1455 1456 1373 152 152 152 255 
3 1373 1456 1375 152 152 152 255 
3 1456 1457 1375 152 152 152 255 
3 1375 1457 1458 152 152 152 255 
3 1375 1458 1377 152 152 152 255 
3 1377 1458 1459 152 152 152 255 
3 1377 1459 1460 152 152 152 255 
3 1460 1459 1461 152 152 152 255 
3 1457 1462 1458 152 152 152 255 
3 1460 1463 1377 152 152 152 255 
3 1377 1463 1379 152 152 152 255 
3 1463 1464 1379 152 152 152 255 
3 1379 1464 1381 152 152 152 255 
3 1464 1465 1381 152 152 152 255 
3 1381 1465 1466 152 152 152 255 
3 1381 1466 1383 152 152 152 255 
3 1383 1466 1467 152 152 152 255 
3 1383 1467 1468 152 152 152 255 
3 1468 1467 1469 152 152 152 255 
3 1465 1470 1466 152 152 152 255 
3 1468 1471 1383 152 152 152 255 
3 1383 1471 1385 152 152 152 255 
3 1471 1472 1385 152 152 152 255 
3 1385 1472 1387 152 152 152 255 
3 1472 1473 1387 152 152 152 255 
3 1387 1473 1474 152 152 152 255 
3 1387 1474 1309 152 152 152 255 
3 1309 1474 1311 152 152 152 255 
3 1473 1475 1474 152 152 152 255 
3 1476 1477 1478 152 152 152 255 
3 1478 1477 1479 152 152 152 255 
3 1478 1479 1480 152 152 152 255 
3 1480 1479 1481 152 152 152 255 
3 1480 1481 1482 152 152 152 255 
3 1482 1481 1483 152 152 152 255 
3 1482 1483 1484 152 152 152 255 
3 1484 1483 1485 152 152 152 255 
3 1484 1485 1486 152 152 152 255 
3 1486 1485 1487 152 152 152 255 
3 1486 1487 1488 152 152 152 255 
3 1488 1487 1489 152 152 152 255 
3 1488 1489 1490 152 152 152 255 
3 1490 1489 1491 152 152 152 255 
3 1490 1491 1492 152 152 152 255 
3 1492 1491 1493 152 152 152 255 
3 1492 1493 1494 152 152 152 255 
3 1494 1493 1495 152 152 152 255 
3 1494 1495 1496 152 152 152 255 
3 1496 1495 1497 152 152 152 255 
3 1496 1497 1498 152 152 152 255 
3 1498 1497 1499 152 152 152 255 
3 1498 1499 1500 152 152 152 255 
3 1500 1499 1501 152 152 152 255 
3 1500 1501 1502 152 152 152 255 
3 1502 1501 1503 152 152 152 255 
3 1502 1503 1504 152 152 152 255 
3 1504 1503 1505 152 152 152 255 
3 1504 1505 1506 152 152 152 255 
3 1506 1505 1507 152 152 152 255 
3 1506 1507 1508 152 152 152 255 
3 1508 1507 1509 152 152 152 255 
3 1508 1509 1510 152 152 152 255 
3 1510 1509 1511 152 152 152 255 
3 1510 1511 1512 152 152 152 255 
3 1512 1511 1513 152 152 152 255 
3 1512 1513 1514 152 152 152 255 
3 1514 1513 1515 152 152 152 255 
3 1514 1515 1516 152 152 152 255 
3 1516 1515 1517 152 152 152 255 
3 1516 1517 1518 152 152 152 255 
3 1518 1517 1519 152 152 152 255 
3 1518 1519 1520 152 152 152 255 
3 1520 1519 1521 152 152 152 255 
3 1520 1521 1522 152 152 152 255 
3 1522 1521 1523 152 152 152 255 
3 1522 1523 1524 152 152 152 255 
3 1524 1523 1525 152 152 152 255 
3 1524 1525 1526 152 152 152 255 
3 1526 1525 1527 152 152 152 255 
3 1526 1527 1528 152 152 152 255 
3 1528 1527 1529 152 152 152 255 
3 1528 1529 1530 152 152 152 255 
3 1530 1529 1531 152 152 152 255 
3 1530 1531 1532 152 152 152 255 
3 1532 1531 1533 152 152 152 255 
3 1532 1533 1534 152 152 152 255 
3 1534 1533 1535 152 152 152 255 
3 1534 1535 1536 152 152 152 255 
3 1536 1535 1537 152 152 152 255 
3 1536 1537 1538 152 152 152 255 
3 1538 1537 1539 152 152 152 255 
3 1538 1539 1540 152 152 152 255 
3 1540 1539 1541 152 152 152 255 
3 1540 1541 1542 152 152 152 255 
3 1542 1541 1543 152 152 152 255 
3 1542 1543 1544 152 152 152 255 
3 1544 1543 1545 152 152 152 255 
3 1544 1545 1546 152 152 152 255 
3 1546 1545 1547 152 152 152 255 
3 1546 1547 1476 152 152 152 255 
3 1476 1547 1477 152 152 152 255 
3 1548 1476 1549 152 152 152 255 
3 1549 1476 1478 152 152 152 255 
3 1549 1478 1550 152 152 152 255 
3 1550 1478 1480 152 152 152 255 
3 1550 1480 1551 152 152 152 255 
3 1551 1480 1482 152 152 152 255 
3 1551 1482 1552 152 152 152 255 
3 1552 1482 1484 152 152 152 255 
3 1552 1484 1553 152 152 152 255 
3 1553 1484 1486 152 152 152 255 
3 1553 1486 1554 152 152 152 255 
3 1554 1486 1488 152 152 152 255 
3 1554 1488 1555 152 152 152 255 
3 1555 1488 1490 152 152 152 255 
3 1555 1490 1556 152 152 152 255 
3 1556 1490 1492 152 152 152 255 
3 1556 1492 1557 152 152 152 255 
3 1557 1492 1494 152 152 152 255 
3 1557 1494 1558 152 152 152 255 
3 1558 1494 1496 152 152 152 255 
3 1558 1496 1559 152 152 152 255 
3 1559 1496 1498 152 152 152 255 
3 1559 1498 1560 152 152 152 255 
3 1560 1498 1500 152 152 152 255 
3 1560 1500 1561 152 152 152 255 
3 1561 1500 1502 152 152 152 255 
3 1561 1502 1562 152 152 152 255 
3 1562 1502 1504 152 152 152 255 
3 1562 1504 1563 152 152 152 255 
3 1563 1504 1506 152 152 152 255 
3 1563 1506 1564 152 152 152 255 
3 1564 1506 1508 152 152 152 255 
3 1564 1508 1565 152 152 152 255 
3 1565 1508 1510 152 152 152 255 
3 1565 1510 1566 152 152 152 255 
3 1566 1510 1512 152 152 152 255 
3 1566 1512 1567 152 152 152 255 
3 1567 1512 1514 152 152 152 255 
3 1567 1514 1568 152 152 152 255 
3 1568 1514 1516 152 152 152 255 
3 1568 1516 1569 152 152 152 255 
3 1569 1516 1518 152 152 152 255 
3 1569 1518 1570 152 152 152 255 
3 1570 1518 1520 152 152 152 255 
3 1570 1520 1571 152 152 152 255 
3 1571 1520 1522 152 152 152 255 
3 1571 1522 1572 152 152 152 255 
3 1572 1522 1524 152 152 152 255 
3 1572 1524 1573 152 152 152 255 
3 1573 1524 1526 152 152 152 255 
3 1573 1526 1574 152 152 152 255 
3 1574 1526 1528 152 152 152 255 
3 1574 1528 1575 152 152 152 255 
3 1575 1528 1530 152 152 152 255 
3 1575 1530 1576 152 152 152 255 
3 1576 1530 1532 152 152 152 255 
3 1576 1532 1577 152 152 152 255 
3 1577 1532 1534 152 152 152 255 
3 1577 1534 1578 152 152 152 255 
3 1578 1534 1536 152 152 152 255 
3 1578 1536 1579 152 152 152 255 
3 1579 1536 1538 152 152 152 255 
3 1579 1538 1580 152 152 152 255 
3 1580 1538 1540 152 152 152 255 
3 1580 1540 1581 152 152 152 255 
3 1581 1540 1542 152 152 152 255 
3 1581 1542 1582 152 152 152 255 
3 1582 1542 1544 152 152 152 255 
3 1582 1544 1583 152 152 152 255 
3 1583 1544 1546 152 152 152 255 
3 1583 1546 1548 152 152 152 255 
3 1548 1546 1476 152 152 152 255 
3 1550 1566 1549 152 152 152 255 
3 1549 1566 1567 152 152 152 255 
3 1549 1567 1548 152 152 152 255 
3 1548 1567 1568 152 152 152 255 
3 1548 1568 1583 152 152 152 255 
3 1583 1568 1569 152 152 152 255 
3 1583 1569 1582 152 152 152 255 
3 1582 1569 1570 152 152 152 255 
3 1582 1570 1581 152 152 152 255 
3 1581 1570 1571 152 152 152 255 
3 1581 1571 1580 152 152 152 255 
3 1580 1571 1572 152 152 152 255 
3 1580 1572 1579 152 152 152 255 
3 1579 1572 1573 152 152 152 255 
3 1579 1573 1578 152 152 152 255 
3 1578 1573 1574 152 152 152 255 
3 1578 1574 1577 152 152 152 255 
3 1577 1574 1575 152 152 152 255 
3 1577 1575 1576 152 152 152 255 
3 1566 1550 1565 152 152 152 255 
3 1565 1550 1551 152 152 152 255 
3 1565 1551 1564 152 152 152 255 
3 1564 1551 1552 152 152 152 255 
3 1564 1552 1563 152 152 152 255 
3 1563 1552 1553 152 152 152 255 
3 1563 1553 1562 152 152 152 255 
3 1562 1553 1554 152 152 152 255 
3 1562 1554 1561 152 152 152 255 
3 1561 1554 1555 152 152 152 255 
3 1561 1555 1560 152 152 152 255 
3 1560 1555 1556 152 152 152 255 
3 1560 1556 1559 152 152 152 255 
3 1559 1556 1557 152 152 152 255 
3 1559 1557 1558 152 152 152 255 
3 1433 1432 1584 152 152 152 255 
3 1584 1432 1431 152 152 152 255 
3 1584 1431 1585 152 152 152 255 
3 1585 1431 1428 152 152 152 255 
3 1428 1429 1585 152 152 152 255 
3 1585 1429 1586 152 152 152 255 
3 1438 1433 1587 152 152 152 255 
3 1587 1433 1584 152 152 152 255 
3 1585 1586 1584 152 152 152 255 
3 1584 1586 1587 152 152 152 255 
3 1427 1088 1429 152 152 152 255 
3 1429 1088 1090 152 152 152 255 
3 1429 1090 1438 152 152 152 255 
3 1438 1090 1020 152 152 152 255 
3 1438 1020 1434 152 152 152 255 
3 1434 1020 1022 152 152 152 255 
3 1434 1022 1435 152 152 152 255 
3 1435 1022 1437 152 152 152 255 
3 1437 1022 1024 152 152 152 255 
3 1437 1024 1446 152 152 152 255 
3 1446 1024 1026 152 152 152 255 
3 1446 1026 1442 152 152 152 255 
3 1442 1026 1028 152 152 152 255 
3 1442 1028 1443 152 152 152 255 
3 1443 1028 1445 152 152 152 255 
3 1445 1028 1030 152 152 152 255 
3 1445 1030 1454 152 152 152 255 
3 1454 1030 1032 152 152 152 255 
3 1454 1032 1450 152 152 152 255 
3 1450 1032 1034 152 152 152 255 
3 1450 1034 1451 152 152 152 255 
3 1451 1034 1453 152 152 152 255 
3 1453 1034 1036 152 152 152 255 
3 1453 1036 1462 152 152 152 255 
3 1462 1036 1038 152 152 152 255 
3 1462 1038 1458 152 152 152 255 
3 1458 1038 1040 152 152 152 255 
3 1458 1040 1459 152 152 152 255 
3 1459 1040 1461 152 152 152 255 
3 1461 1040 1042 152 152 152 255 
3 1461 1042 1470 152 152 152 255 
3 1470 1042 1044 152 152 152 255 
3 1470 1044 1466 152 152 152 255 
3 1466 1044 1046 152 152 152 255 
3 1466 1046 1467 152 152 152 255 
3 1467 1046 1469 152 152 152 255 
3 1469 1046 1048 152 152 152 255 
3 1469 1048 1475 152 152 152 255 
3 1475 1048 1050 152 152 152 255 
3 1475 1050 1474 152 152 152 255 
3 1474 1050 1052 152 152 152 255 
3 1474 1052 1311 152 152 152 255 
3 1311 1052 1312 152 152 152 255 
3 1312 1052 1054 152 152 152 255 
3 1312 1054 1318 152 152 152 255 
3 1318 1054 1056 152 152 152 255 
3 1318 1056 1317 152 152 152 255 
3 1317 1056 1058 152 152 152 255 
3 1317 1058 1320 152 152 152 255 
3 1320 1058 1322 152 152 152 255 
3 1322 1058 1060 152 152 152 255 
3 1322 1060 1398 152 152 152 255 
3 1398 1060 1062 152 152 152 255 
3 1398 1062 1394 152 152 152 255 
3 1394 1062 1064 152 152 152 255 
3 1394 1064 1395 152 152 152 255 
3 1395 1064 1397 152 152 152 255 
3 1397 1064 1066 152 152 152 255 
3 1397 1066 1406 152 152 152 255 
3 1406 1066 1068 152 152 152 255 
3 1406 1068 1402 152 152 152 255 
3 1402 1068 1070 152 152 152 255 
3 1402 1070 1403 152 152 152 255 
3 1403 1070 1405 152 152 152 255 
3 1405 1070 1072 152 152 152 255 
3 1405 1072 1414 152 152 152 255 
3 1414 1072 1074 152 152 152 255 
3 1414 1074 1410 152 152 152 255 
3 1410 1074 1076 152 152 152 255 
3 1410 1076 1411 152 152 152 255 
3 1411 1076 1413 152 152 152 255 
3 1413 1076 1078 152 152 152 255 
3 1413 1078 1422 152 152 152 255 
3 1422 1078 1080 152 152 152 255 
3 1422 1080 1418 152 152 152 255 
3 1418 1080 1082 152 152 152 255 
3 1418 1082 1419 152 152 152 255 
3 1419 1082 1421 152 152 152 255 
3 1421 1082 1084 152 152 152 255 
3 1421 1084 1430 152 152 152 255 
3 1430 1084 1086 152 152 152 255 
3 1430 1086 1426 152 152 152 255 
3 1426 1086 1088 152 152 152 255 
3 1426 1088 1427 152 152 152 255 
3 1430 1588 1421 152 152 152 255 
3 1421 1588 1589 152 152 152 255 
3 1422 1590 1413 152 152 152 255 
3 1413 1590 1591 152 152 152 255 
3 1414 1592 1405 152 152 152 255 
3 1405 1592 1593 152 152 152 255 
3 1594 1595 1406 152 152 152 255 
3 1406 1595 1397 152 152 152 255 
3 1596 1597 1398 152 152 152 255 
3 1398 1597 1322 152 152 152 255 
3 1598 1599 1318 152 152 152 255 
3 1318 1599 1312 152 152 152 255 
3 1600 1601 1475 152 152 152 255 
3 1475 1601 1469 152 152 152 255 
3 1470 1602 1461 152 152 152 255 
3 1461 1602 1603 152 152 152 255 
3 1462 1604 1453 152 152 152 255 
3 1453 1604 1605 152 152 152 255 
3 1606 1607 1454 152 152 152 255 
3 1454 1607 1445 152 152 152 255 
3 1608 1609 1446 152 152 152 255 
3 1446 1609 1437 152 152 152 255 
3 1587 1586 1438 152 152 152 255 
3 1438 1586 1429 152 152 152 255 
3 1441 1440 1610 152 152 152 255 
3 1610 1440 1439 152 152 152 255 
3 1610 1439 1611 152 152 152 255 
3 1611 1439 1436 152 152 152 255 
3 1436 1437 1611 152 152 152 255 
3 1611 1437 1609 152 152 152 255 
3 1446 1441 1608 152 152 152 255 
3 1608 1441 1610 152 152 152 255 
3 1611 1609 1610 152 152 152 255 
3 1610 1609 1608 152 152 152 255 
3 1449 1448 1612 152 152 152 255 
3 1612 1448 1447 152 152 152 255 
3 1612 1447 1613 152 152 152 255 
3 1613 1447 1444 152 152 152 255 
3 1444 1445 1613 152 152 152 255 
3 1613 1445 1607 152 152 152 255 
3 1454 1449 1606 152 152 152 255 
3 1606 1449 1612 152 152 152 255 
3 1613 1607 1612 152 152 152 255 
3 1612 1607 1606 152 152 152 255 
3 1460 1461 1614 152 152 152 255 
3 1614 1461 1603 152 152 152 255 
3 1465 1464 1615 152 152 152 255 
3 1615 1464 1463 152 152 152 255 
3 1615 1463 1614 152 152 152 255 
3 1614 1463 1460 152 152 152 255 
3 1470 1465 1602 152 152 152 255 
3 1602 1465 1615 152 152 152 255 
3 1614 1603 1615 152 152 152 255 
3 1615 1603 1602 152 152 152 255 
3 1457 1456 1616 152 152 152 255 
3 1616 1456 1455 152 152 152 255 
3 1616 1455 1617 152 152 152 255 
3 1617 1455 1452 152 152 152 255 
3 1452 1453 1617 152 152 152 255 
3 1617 1453 1605 152 152 152 255 
3 1462 1457 1604 152 152 152 255 
3 1604 1457 1616 152 152 152 255 
3 1617 1605 1616 152 152 152 255 
3 1616 1605 1604 152 152 152 255 
3 1473 1472 1618 152 152 152 255 
3 1618 1472 1471 152 152 152 255 
3 1618 1471 1619 152 152 152 255 
3 1619 1471 1468 152 152 152 255 
3 1468 1469 1619 152 152 152 255 
3 1619 1469 1601 152 152 152 255 
3 1475 1473 1600 152 152 152 255 
3 1600 1473 1618 152 152 152 255 
3 1619 1601 1618 152 152 152 255 
3 1618 1601 1600 152 152 152 255 
3 1316 1314 1620 152 152 152 255 
3 1620 1314 1308 152 152 152 255 
3 1620 1308 1621 152 152 152 255 
3 1621 1308 1310 152 152 152 255 
3 1310 1312 1621 152 152 152 255 
3 1621 1312 1599 152 152 152 255 
3 1318 1316 1598 152 152 152 255 
3 1598 1316 1620 152 152 152 255 
3 1621 1599 1620 152 152 152 255 
3 1620 1599 1598 152 152 152 255 
3 1425 1424 1622 152 152 152 255 
3 1622 1424 1423 152 152 152 255 
3 1622 1423 1623 152 152 152 255 
3 1623 1423 1420 152 152 152 255 
3 1420 1421 1623 152 152 152 255 
3 1623 1421 1589 152 152 152 255 
3 1430 1425 1588 152 152 152 255 
3 1588 1425 1622 152 152 152 255 
3 1623 1589 1622 152 152 152 255 
3 1622 1589 1588 152 152 152 255 
3 1393 1392 1624 152 152 152 255 
3 1624 1392 1323 152 152 152 255 
3 1624 1323 1625 152 152 152 255 
3 1625 1323 1321 152 152 152 255 
3 1321 1322 1625 152 152 152 255 
3 1625 1322 1597 152 152 152 255 
3 1398 1393 1596 152 152 152 255 
3 1596 1393 1624 152 152 152 255 
3 1625 1597 1624 152 152 152 255 
3 1624 1597 1596 152 152 152 255 
3 1390 1517 1389 152 152 152 255 
3 1389 1517 1515 152 152 152 255 
3 1389 1515 1388 152 152 152 255 
3 1388 1515 1513 152 152 152 255 
3 1388 1513 1511 152 152 152 255 
3 1517 1390 1519 152 152 152 255 
3 1519 1390 1391 152 152 152 255 
3 1519 1391 1521 152 152 152 255 
3 1521 1391 1325 152 152 152 255 
3 1521 1325 1523 152 152 152 255 
3 1523 1325 1326 152 152 152 255 
3 1523 1326 1525 152 152 152 255 
3 1525 1326 1328 152 152 152 255 
3 1525 1328 1527 152 152 152 255 
3 1527 1328 1330 152 152 152 255 
3 1527 1330 1529 152 152 152 255 
3 1529 1330 1332 152 152 152 255 
3 1529 1332 1531 152 152 152 255 
3 1531 1332 1334 152 152 152 255 
3 1531 1334 1533 152 152 152 255 
3 1533 1334 1336 152 152 152 255 
3 1533 1336 1338 152 152 152 255 
3 1533 1338 1535 152 152 152 255 
3 1535 1338 1340 152 152 152 255 
3 1535 1340 1537 152 152 152 255 
3 1537 1340 1342 152 152 152 255 
3 1537 1342 1539 152 152 152 255 
3 1539 1342 1344 152 152 152 255 
3 1539 1344 1541 152 152 152 255 
3 1541 1344 1346 152 152 152 255 
3 1541 1346 1543 152 152 152 255 
3 1543 1346 1348 152 152 152 255 
3 1543 1348 1545 152 152 152 255 
3 1545 1348 1350 152 152 152 255 
3 1545 1350 1547 152 152 152 255 
3 1547 1350 1352 152 152 152 255 
3 1547 1352 1477 152 152 152 255 
3 1477 1352 1354 152 152 152 255 
3 1477 1354 1479 152 152 152 255 
3 1479 1354 1481 152 152 152 255 
3 1481 1354 1356 152 152 152 255 
3 1481 1356 1483 152 152 152 255 
3 1483 1356 1358 152 152 152 255 
3 1483 1358 1485 152 152 152 255 
3 1485 1358 1360 152 152 152 255 
3 1485 1360 1487 152 152 152 255 
3 1487 1360 1362 152 152 152 255 
3 1487 1362 1489 152 152 152 255 
3 1489 1362 1364 152 152 152 255 
3 1489 1364 1491 152 152 152 255 
3 1491 1364 1366 152 152 152 255 
3 1491 1366 1493 152 152 152 255 
3 1493 1366 1368 152 152 152 255 
3 1493 1368 1495 152 152 152 255 
3 1495 1368 1370 152 152 152 255 
3 1495 1370 1497 152 152 152 255 
3 1497 1370 1372 152 152 152 255 
3 1497 1372 1374 152 152 152 255 
3 1497 1374 1499 152 152 152 255 
3 1499 1374 1376 152 152 152 255 
3 1499 1376 1501 152 152 152 255 
3 1501 1376 1378 152 152 152 255 
3 1501 1378 1503 152 152 152 255 
3 1503 1378 1380 152 152 152 255 
3 1503 1380 1505 152 152 152 255 
3 1505 1380 1382 152 152 152 255 
3 1505 1382 1507 152 152 152 255 
3 1507 1382 1384 152 152 152 255 
3 1507 1384 1509 152 152 152 255 
3 1509 1384 1386 152 152 152 255 
3 1509 1386 1511 152 152 152 255 
3 1511 1386 1388 152 152 152 255 
3 1404 1405 1626 152 152 152 255 
3 1626 1405 1593 152 152 152 255 
3 1396 1397 1627 152 152 152 255 
3 1627 1397 1595 152 152 152 255 
3 1401 1400 1628 152 152 152 255 
3 1628 1400 1399 152 152 152 255 
3 1628 1399 1627 152 152 152 255 
3 1627 1399 1396 152 152 152 255 
3 1417 1416 1629 152 152 152 255 
3 1629 1416 1415 152 152 152 255 
3 1629 1415 1412 152 152 152 255 
3 1412 1630 1629 152 152 152 255 
3 1412 1413 1630 152 152 152 255 
3 1630 1413 1591 152 152 152 255 
3 1414 1409 1592 152 152 152 255 
3 1592 1409 1631 152 152 152 255 
3 1626 1593 1631 152 152 152 255 
3 1631 1593 1592 152 152 152 255 
3 1406 1401 1594 152 152 152 255 
3 1594 1401 1628 152 152 152 255 
3 1422 1417 1590 152 152 152 255 
3 1590 1417 1629 152 152 152 255 
3 1630 1591 1629 152 152 152 255 
3 1629 1591 1590 152 152 152 255 
3 1631 1409 1626 152 152 152 255 
3 1626 1409 1408 152 152 152 255 
3 1626 1408 1407 152 152 152 255 
3 1407 1404 1626 152 152 152 255 
3 1627 1595 1628 152 152 152 255 
3 1628 1595 1594 152 152 152 255 
3 1010 1632 1011 152 152 152 255 
3 1011 1632 1633 152 152 152 255 
3 1011 1633 1012 152 152 152 255 
3 1012 1633 1634 152 152 152 255 
3 1012 1634 1013 152 152 152 255 
3 1013 1634 1635 152 152 152 255 
3 1013 1635 1014 152 152 152 255 
3 1014 1635 1636 152 152 152 255 
3 1014 1636 1015 152 152 152 255 
3 1015 1636 1637 152 152 152 255 
3 1015 1637 1016 152 152 152 255 
3 1016 1637 1638 152 152 152 255 
3 1016 1638 1017 152 152 152 255 
3 1017 1638 1639 152 152 152 255 
3 1017 1639 1018 152 152 152 255 
3 1018 1639 1640 152 152 152 255 
3 1018 1640 1019 152 152 152 255 
3 1019 1640 1641 152 152 152 255 
3 1019 1641 1009 152 152 152 255 
3 1009 1641 1642 152 152 152 255 
3 1643 981 1644 152 152 152 255 
3 1644 981 980 152 152 152 255 
3 1644 980 1645 152 152 152 255 
3 1645 980 979 152 152 152 255 
3 1645 979 1646 152 152 152 255 
3 1646 979 978 152 152 152 255 
3 1646 978 1647 152 152 152 255 
3 1647 978 977 152 152 152 255 
3 1647 977 1648 152 152 152 255 
3 1648 977 976 152 152 152 255 
3 1648 976 1649 152 152 152 255 
3 1649 976 975 152 152 152 255 
3 1649 975 1650 152 152 152 255 
3 1650 975 973 152 152 152 255 
3 1650 973 1651 152 152 152 255 
3 1651 973 972 152 152 152 255 
3 1651 972 1652 152 152 152 255 
3 1652 972 974 152 152 152 255 
3 940 1653 938 152 152 152 255 
3 938 1653 1654 152 152 152 255 
3 938 1654 936 152 152 152 255 
3 936 1654 1655 152 152 152 255 
3 936 1655 958 152 152 152 255 
3 958 1655 1656 152 152 152 255 
3 958 1656 960 152 152 152 255 
3 960 1656 1657 152 152 152 255 
3 960 1657 962 152 152 152 255 
3 962 1657 1658 152 152 152 255 
3 962 1658 964 152 152 152 255 
3 964 1658 1659 152 152 152 255 
3 964 1659 966 152 152 152 255 
3 966 1659 1660 152 152 152 255 
3 966 1660 968 152 152 152 255 
3 968 1660 1661 152 152 152 255 
3 968 1661 970 152 152 152 255 
3 970 1661 1662 152 152 152 255 
3 970 1662 971 152 152 152 255 
3 971 1662 1663 152 152 152 255 
3 971 1663 969 152 152 152 255 
3 969 1663 1664 152 152 152 255 
3 969 1664 967 152 152 152 255 
3 967 1664 1665 152 152 152 255 
3 967 1665 965 152 152 152 255 
3 965 1665 1666 152 152 152 255 
3 965 1666 963 152 152 152 255 
3 963 1666 1667 152 152 152 255 
3 963 1667 961 152 152 152 255 
3 961 1667 1668 152 152 152 255 
3 961 1668 959 152 152 152 255 
3 959 1668 1669 152 152 152 255 
3 959 1669 957 152 152 152 255 
3 957 1669 1670 152 152 152 255 
3 957 1670 937 152 152 152 255 
3 937 1670 1671 152 152 152 255 
3 937 1671 939 152 152 152 255 
3 939 1671 1672 152 152 152 255 
3 939 1672 941 152 152 152 255 
3 941 1672 1673 152 152 152 255 
3 941 1673 943 152 152 152 255 
3 943 1673 1674 152 152 152 255 
3 943 1674 945 152 152 152 255 
3 945 1674 1675 152 152 152 255 
3 945 1675 947 152 152 152 255 
3 947 1675 1676 152 152 152 255 
3 947 1676 949 152 152 152 255 
3 949 1676 1677 152 152 152 255 
3 949 1677 951 152 152 152 255 
3 951 1677 1678 152 152 152 255 
3 951 1678 953 152 152 152 255 
3 953 1678 1679 152 152 152 255 
3 953 1679 955 152 152 152 255 
3 955 1679 1680 152 152 152 255 
3 955 1680 956 152 152 152 255 
3 956 1680 1681 152 152 152 255 
3 956 1681 954 152 152 152 255 
3 954 1681 1682 152 152 152 255 
3 954 1682 952 152 152 152 255 
3 952 1682 1683 152 152 152 255 
3 952 1683 950 152 152 152 255 
3 950 1683 1684 152 152 152 255 
3 950 1684 948 152 152 152 255 
3 948 1684 1685 152 152 152 255 
3 948 1685 946 152 152 152 255 
3 946 1685 1686 152 152 152 255 
3 946 1686 944 152 152 152 255 
3 944 1686 1687 152 152 152 255 
3 944 1687 942 152 152 152 255 
3 942 1687 1688 152 152 152 255 
3 942 1688 940 152 152 152 255 
3 940 1688 1653 152 152 152 255 
3 904 1689 902 152 152 152 255 
3 902 1689 1690 152 152 152 255 
3 902 1690 900 152 152 152 255 
3 900 1690 1691 152 152 152 255 
3 900 1691 922 152 152 152 255 
3 922 1691 1692 152 152 152 255 
3 922 1692 924 152 152 152 255 
3 924 1692 1693 152 152 152 255 
3 924 1693 926 152 152 152 255 
3 926 1693 1694 152 152 152 255 
3 926 1694 928 152 152 152 255 
3 928 1694 1695 152 152 152 255 
3 928 1695 930 152 152 152 255 
3 930 1695 1696 152 152 152 255 
3 930 1696 932 152 152 152 255 
3 932 1696 1697 152 152 152 255 
3 932 1697 934 152 152 152 255 
3 934 1697 1698 152 152 152 255 
3 934 1698 935 152 152 152 255 
3 935 1698 1699 152 152 152 255 
3 935 1699 933 152 152 152 255 
3 933 1699 1700 152 152 152 255 
3 933 1700 931 152 152 152 255 
3 931 1700 1701 152 152 152 255 
3 931 1701 929 152 152 152 255 
3 929 1701 1702 152 152 152 255 
3 929 1702 927 152 152 152 255 
3 927 1702 1703 152 152 152 255 
3 927 1703 925 152 152 152 255 
3 925 1703 1704 152 152 152 255 
3 925 1704 923 152 152 152 255 
3 923 1704 1705 152 152 152 255 
3 923 1705 921 152 152 152 255 
3 921 1705 1706 152 152 152 255 
3 921 1706 901 152 152 152 255 
3 901 1706 1707 152 152 152 255 
3 901 1707 903 152 152 152 255 
3 903 1707 1708 152 152 152 255 
3 903 1708 905 152 152 152 255 
3 905 1708 1709 152 152 152 255 
3 905 1709 907 152 152 152 255 
3 907 1709 1710 152 152 152 255 
3 907 1710 909 152 152 152 255 
3 909 1710 1711 152 152 152 255 
3 909 1711 911 152 152 152 255 
3 911 1711 1712 152 152 152 255 
3 911 1712 913 152 152 152 255 
3 913 1712 1713 152 152 152 255 
3 913 1713 915 152 152 152 255 
3 915 1713 1714 152 152 152 255 
3 915 1714 917 152 152 152 255 
3 917 1714 1715 152 152 152 255 
3 917 1715 919 152 152 152 255 
3 919 1715 1716 152 152 152 255 
3 919 1716 920 152 152 152 255 
3 920 1716 1717 152 152 152 255 
3 920 1717 918 152 152 152 255 
3 918 1717 1718 152 152 152 255 
3 918 1718 916 152 152 152 255 
3 916 1718 1719 152 152 152 255 
3 916 1719 914 152 152 152 255 
3 914 1719 1720 152 152 152 255 
3 914 1720 912 152 152 152 255 
3 912 1720 1721 152 152 152 255 
3 912 1721 910 152 152 152 255 
3 910 1721 1722 152 152 152 255 
3 910 1722 908 152 152 152 255 
3 908 1722 1723 152 152 152 255 
3 908 1723 906 152 152 152 255 
3 906 1723 1724 152 152 152 255 
3 906 1724 904 152 152 152 255 
3 904 1724 1689 152 152 152 255 
3 1725 889 1726 152 152 152 255 
3 1726 889 891 152 152 152 255 
3 1726 891 1727 152 152 152 255 
3 1727 891 892 152 152 152 255 
3 1727 892 1728 152 152 152 255 
3 1728 892 893 152 152 152 255 
3 1728 893 1729 152 152 152 255 
3 1729 893 894 152 152 152 255 
3 1729 894 1730 152 152 152 255 
3 1730 894 895 152 152 152 255 
3 1730 895 1731 152 152 152 255 
3 1731 895 896 152 152 152 255 
3 1731 896 1732 152 152 152 255 
3 1732 896 897 152 152 152 255 
3 1732 897 1733 152 152 152 255 
3 1733 897 898 152 152 152 255 
3 1733 898 1734 152 152 152 255 
3 1734 898 899 152 152 152 255 
3 1734 899 1735 152 152 152 255 
3 1735 899 890 152 152 152 255 
3 854 1736 852 152 152 152 255 
3 852 1736 1737 152 152 152 255 
3 852 1737 871 152 152 152 255 
3 871 1737 1738 152 152 152 255 
3 871 1738 872 152 152 152 255 
3 872 1738 1739 152 152 152 255 
3 872 1739 873 152 152 152 255 
3 873 1739 1740 152 152 152 255 
3 873 1740 874 152 152 152 255 
3 874 1740 1741 152 152 152 255 
3 874 1741 875 152 152 152 255 
3 875 1741 1742 152 152 152 255 
3 875 1742 876 152 152 152 255 
3 876 1742 1743 152 152 152 255 
3 876 1743 877 152 152 152 255 
3 877 1743 1744 152 152 152 255 
3 877 1744 853 152 152 152 255 
3 853 1744 1745 152 152 152 255 
3 1746 824 1747 152 152 152 255 
3 1747 824 826 152 152 152 255 
3 1747 826 1748 152 152 152 255 
3 1748 826 827 152 152 152 255 
3 1748 827 1749 152 152 152 255 
3 1749 827 828 152 152 152 255 
3 1749 828 1750 152 152 152 255 
3 1750 828 829 152 152 152 255 
3 1750 829 1751 152 152 152 255 
3 1751 829 830 152 152 152 255 
3 1751 830 1752 152 152 152 255 
3 1752 830 831 152 152 152 255 
3 1752 831 1753 152 152 152 255 
3 1753 831 832 152 152 152 255 
3 1753 832 1754 152 152 152 255 
3 1754 832 833 152 152 152 255 
3 1754 833 1755 152 152 152 255 
3 1755 833 825 152 152 152 255 
3 806 1756 804 152 152 152 255 
3 804 1756 1757 152 152 152 255 
3 804 1757 811 152 152 152 255 
3 811 1757 1758 152 152 152 255 
3 811 1758 812 152 152 152 255 
3 812 1758 1759 152 152 152 255 
3 812 1759 813 152 152 152 255 
3 813 1759 1760 152 152 152 255 
3 813 1760 814 152 152 152 255 
3 814 1760 1761 152 152 152 255 
3 814 1761 815 152 152 152 255 
3 815 1761 1762 152 152 152 255 
3 815 1762 816 152 152 152 255 
3 816 1762 1763 152 152 152 255 
3 816 1763 817 152 152 152 255 
3 817 1763 1764 152 152 152 255 
3 817 1764 818 152 152 152 255 
3 818 1764 1765 152 152 152 255 
3 818 1765 805 152 152 152 255 
3 805 1765 1766 152 152 152 255 
3 777 1767 778 152 152 152 255 
3 778 1767 1768 152 152 152 255 
3 778 1768 790 152 152 152 255 
3 790 1768 1769 152 152 152 255 
3 790 1769 791 152 152 152 255 
3 791 1769 1770 152 152 152 255 
3 791 1770 792 152 152 152 255 
3 792 1770 1771 152 152 152 255 
3 792 1771 793 152 152 152 255 
3 793 1771 1772 152 152 152 255 
3 793 1772 794 152 152 152 255 
3 794 1772 1773 152 152 152 255 
3 794 1773 795 152 152 152 255 
3 795 1773 1774 152 152 152 255 
3 795 1774 796 152 152 152 255 
3 796 1774 1775 152 152 152 255 
3 796 1775 776 152 152 152 255 
3 776 1775 1776 152 152 152 255 
3 1777 766 1778 152 152 152 255 
3 1778 766 765 152 152 152 255 
3 1778 765 1779 152 152 152 255 
3 1779 765 764 152 152 152 255 
3 1779 764 1780 152 152 152 255 
3 1780 764 763 152 152 152 255 
3 1780 763 1781 152 152 152 255 
3 1781 763 762 152 152 152 255 
3 1781 762 1782 152 152 152 255 
3 1782 762 761 152 152 152 255 
3 1782 761 1783 152 152 152 255 
3 1783 761 760 152 152 152 255 
3 1783 760 1784 152 152 152 255 
3 1784 760 759 152 152 152 255 
3 1784 759 1785 152 152 152 255 
3 1785 759 757 152 152 152 255 
3 1785 757 1786 152 152 152 255 
3 1786 757 756 152 152 152 255 
3 1786 756 1787 152 152 152 255 
3 1787 756 758 152 152 152 255 
3 1788 1789 1790 152 152 152 255 
3 1790 1789 1791 152 152 152 255 
3 1790 1791 1792 152 152 152 255 
3 1792 1791 1793 152 152 152 255 
3 1792 1793 1794 152 152 152 255 
3 1794 1793 1795 152 152 152 255 
3 1794 1795 1796 152 152 152 255 
3 1796 1795 1797 152 152 152 255 
3 1796 1797 1798 152 152 152 255 
3 1798 1797 1799 152 152 152 255 
3 1798 1799 1800 152 152 152 255 
3 1800 1801 1798 152 152 152 255 
3 1798 1801 1802 152 152 152 255 
3 1798 1802 1803 152 152 152 255 
3 1798 1803 1804 152 152 152 255 
3 1804 1803 1805 152 152 152 255 
3 1804 1805 1806 152 152 152 255 
3 1806 1807 1804 152 152 152 255 
3 1804 1807 1808 152 152 152 255 
3 1804 1808 1809 152 152 152 255 
3 1809 1810 1804 152 152 152 255 
3 1804 1810 1811 152 152 152 255 
3 1804 1811 1812 152 152 152 255 
3 1812 1813 1804 152 152 152 255 
3 1804 1813 1814 152 152 152 255 
3 1804 1814 1815 152 152 152 255 
3 1815 1816 1804 152 152 152 255 
3 1804 1816 1817 152 152 152 255 
3 1817 1816 1818 152 152 152 255 
3 1817 1818 1819 152 152 152 255 
3 1819 1818 1820 152 152 152 255 
3 1819 1820 1821 152 152 152 255 
3 1821 1820 1822 152 152 152 255 
3 1822 1820 1823 152 152 152 255 
3 1822 1823 1824 152 152 152 255 
3 1824 1823 1825 152 152 152 255 
3 1825 1823 1826 152 152 152 255 
3 1826 1823 1827 152 152 152 255 
3 1827 1823 1828 152 152 152 255 
3 1828 1823 1829 152 152 152 255 
3 1829 1823 1830 152 152 152 255 
3 1830 1823 1831 152 152 152 255 
3 1831 1823 1832 152 152 152 255 
3 1832 1823 1833 152 152 152 255 
3 1833 1823 1834 152 152 152 255 
3 1834 1823 1835 152 152 152 255 
3 1834 1835 1836 152 152 152 255 
3 1836 1835 1837 152 152 152 255 
3 1837 1835 1838 152 152 152 255 
3 1838 1835 1839 152 152 152 255 
3 1839 1835 1840 152 152 152 255 
3 1840 1835 1841 152 152 152 255 
3 1840 1841 1842 152 152 152 255 
3 1842 1841 1843 152 152 152 255 
3 1842 1843 1844 152 152 152 255 
3 1844 1843 1845 152 152 152 255 
3 1844 1845 1846 152 152 152 255 
3 1846 1845 1847 152 152 152 255 
3 1846 1847 1848 152 152 152 255 
3 1848 1847 1849 152 152 152 255 
3 1849 1847 1850 152 152 152 255 
3 1850 1847 1851 152 152 152 255 
3 1851 1847 1852 152 152 152 255 
3 1852 1847 1853 152 152 152 255 
3 1852 1853 1854 152 152 152 255 
3 1854 1853 1855 152 152 152 255 
3 1855 1853 1856 152 152 152 255 
3 1856 1853 1857 152 152 152 255 
3 1857 1853 1858 152 152 152 255 
3 1858 1853 1859 152 152 152 255 
3 1859 1853 1860 152 152 152 255 
3 1860 1853 1861 152 152 152 255 
3 1861 1853 1862 152 152 152 255 
3 1862 1853 1863 152 152 152 255 
3 1863 1853 1864 152 152 152 255 
3 1864 1853 1865 152 152 152 255 
3 1865 1853 1866 152 152 152 255 
3 1865 1866 1867 152 152 152 255 
3 1867 1866 1868 152 152 152 255 
3 1868 1866 1869 152 152 152 255 
3 1868 1869 1870 152 152 152 255 
3 1870 1869 1871 152 152 152 255 
3 1871 1869 1872 152 152 152 255 
3 1871 1872 1873 152 152 152 255 
3 1873 1872 1874 152 152 152 255 
3 1874 1872 1875 152 152 152 255 
3 1875 1872 1876 152 152 152 255 
3 1876 1872 1877 152 152 152 255 
3 1877 1872 1878 152 152 152 255 
3 1878 1872 1879 152 152 152 255 
3 1879 1872 1880 152 152 152 255 
3 1880 1872 1881 152 152 152 255 
3 1881 1872 1882 152 152 152 255 
3 1882 1872 1883 152 152 152 255 
3 1883 1872 1884 152 152 152 255 
3 1883 1884 1885 152 152 152 255 
3 1885 1884 1886 152 152 152 255 
3 1886 1884 1887 152 152 152 255 
3 1887 1884 1888 152 152 152 255 
3 1888 1884 1889 152 152 152 255 
3 1889 1884 1890 152 152 152 255 
3 1889 1890 1891 152 152 152 255 
3 1891 1890 1892 152 152 152 255 
3 1891 1892 1893 152 152 152 255 
3 1893 1892 1894 152 152 152 255 
3 1893 1894 1895 152 152 152 255 
3 1895 1894 1896 152 152 152 255 
3 1895 1896 1897 152 152 152 255 
3 1897 1896 1898 152 152 152 255 
3 1898 1896 1899 152 152 152 255 
3 1899 1896 1900 152 152 152 255 
3 1900 1896 1901 152 152 152 255 
3 1901 1896 1902 152 152 152 255 
3 1901 1902 1903 152 152 152 255 
3 1903 1902 1904 152 152 152 255 
3 1904 1902 1905 152 152 152 255 
3 1905 1902 1906 152 152 152 255 
3 1906 1902 1907 152 152 152 255 
3 1907 1902 1908 152 152 152 255 
3 1908 1902 1909 152 152 152 255 
3 1909 1902 1910 152 152 152 255 
3 1910 1902 1911 152 152 152 255 
3 1911 1902 1912 152 152 152 255 
3 1912 1902 1913 152 152 152 255 
3 1913 1902 1914 152 152 152 255 
3 1914 1902 1915 152 152 152 255 
3 1914 1915 1916 152 152 152 255 
3 1916 1915 1917 152 152 152 255 
3 1917 1915 1918 152 152 152 255 
3 1917 1918 1919 152 152 152 255 
3 1919 1918 1920 152 152 152 255 
3 1920 1918 1921 152 152 152 255 
3 1920 1921 1922 152 152 152 255 
3 1922 1921 1923 152 152 152 255 
3 1923 1921 1924 152 152 152 255 
3 1924 1921 1925 152 152 152 255 
3 1925 1921 1926 152 152 152 255 
3 1926 1921 1927 152 152 152 255 
3 1927 1921 1928 152 152 152 255 
3 1928 1921 1929 152 152 152 255 
3 1929 1921 1930 152 152 152 255 
3 1930 1921 1931 152 152 152 255 
3 1931 1921 1932 152 152 152 255 
3 1932 1921 1933 152 152 152 255 
3 1932 1933 1934 152 152 152 255 
3 1934 1933 1935 152 152 152 255 
3 1935 1933 1936 152 152 152 255 
3 1936 1933 1937 152 152 152 255 
3 1937 1933 1938 152 152 152 255 
3 1938 1933 1939 152 152 152 255 
3 1938 1939 1940 152 152 152 255 
3 1940 1939 1941 152 152 152 255 
3 1940 1941 1942 152 152 152 255 
3 1942 1941 1943 152 152 152 255 
3 1942 1943 1944 152 152 152 255 
3 1944 1943 1945 152 152 152 255 
3 1944 1945 1946 152 152 152 255 
3 1946 1945 1947 152 152 152 255 
3 1947 1945 1948 152 152 152 255 
3 1948 1945 1949 152 152 152 255 
3 1949 1945 1950 152 152 152 255 
3 1950 1945 1951 152 152 152 255 
3 1950 1951 1952 152 152 152 255 
3 1952 1951 1953 152 152 152 255 
3 1953 1951 1954 152 152 152 255 
3 1954 1951 1955 152 152 152 255 
3 1955 1951 1956 152 152 152 255 
3 1956 1951 1957 152 152 152 255 
3 1957 1951 1958 152 152 152 255 
3 1958 1951 1959 152 152 152 255 
3 1959 1951 1960 152 152 152 255 
3 1960 1951 1961 152 152 152 255 
3 1961 1951 1962 152 152 152 255 
3 1962 1951 1963 152 152 152 255 
3 1963 1951 1964 152 152 152 255 
3 1963 1964 1965 152 152 152 255 
3 1965 1964 1966 152 152 152 255 
3 1966 1964 1967 152 152 152 255 
3 1966 1967 1968 152 152 152 255 
3 1968 1967 1969 152 152 152 255 
3 1969 1967 1970 152 152 152 255 
3 1969 1970 1971 152 152 152 255 
3 1971 1970 1972 152 152 152 255 
3 1972 1970 1973 152 152 152 255 
3 1973 1970 1974 152 152 152 255 
3 1974 1970 1975 152 152 152 255 
3 1975 1970 1976 152 152 152 255 
3 1976 1970 1977 152 152 152 255 
3 1977 1970 1978 152 152 152 255 
3 1978 1970 1979 152 152 152 255 
3 1979 1970 1980 152 152 152 255 
3 1980 1970 1981 152 152 152 255 
3 1981 1970 1982 152 152 152 255 
3 1981 1982 1983 152 152 152 255 
3 1983 1982 1984 152 152 152 255 
3 1984 1982 1985 152 152 152 255 
3 1985 1982 1986 152 152 152 255 
3 1986 1982 1987 152 152 152 255 
3 1987 1982 1988 152 152 152 255 
3 1987 1988 1989 152 152 152 255 
3 1989 1988 1990 152 152 152 255 
3 1989 1990 1991 152 152 152 255 
3 1991 1990 1992 152 152 152 255 
3 1991 1992 1993 152 152 152 255 
3 1993 1992 1994 152 152 152 255 
3 1993 1994 1995 152 152 152 255 
3 1995 1994 1996 152 152 152 255 
3 1996 1994 1997 152 152 152 255 
3 1997 1994 1998 152 152 152 255 
3 1998 1994 1999 152 152 152 255 
3 1999 1994 2000 152 152 152 255 
3 1999 2000 2001 152 152 152 255 
3 2001 2000 2002 152 152 152 255 
3 2002 2000 2003 152 152 152 255 
3 2003 2000 2004 152 152 152 255 
3 2004 2000 2005 152 152 152 255 
3 2005 2000 2006 152 152 152 255 
3 2006 2000 2007 152 152 152 255 
3 2007 2000 2008 152 152 152 255 
3 2008 2000 2009 152 152 152 255 
3 2009 2000 2010 152 152 152 255 
3 2010 2000 2011 152 152 152 255 
3 2011 2000 1816 152 152 152 255 
3 1816 2000 1818 152 152 152 255 
3 1968 2012 1966 152 152 152 255 
3 1966 2012 2013 152 152 152 255 
3 2013 2012 2014 152 152 152 255 
3 2013 2014 2015 152 152 152 255 
3 2015 2016 2013 152 152 152 255 
3 2013 2016 2017 152 152 152 255 
3 2013 2017 2018 152 152 152 255 
3 2018 2019 2013 152 152 152 255 
3 2013 2019 2020 152 152 152 255 
3 2013 2020 2021 152 152 152 255 
3 2021 2022 2013 152 152 152 255 
3 2013 2022 2023 152 152 152 255 
3 2013 2023 2024 152 152 152 255 
3 2013 2024 1790 152 152 152 255 
3 1790 2024 2025 152 152 152 255 
3 1790 2025 2026 152 152 152 255 
3 2026 1788 1790 152 152 152 255 
3 2027 2028 2029 152 152 152 255 
3 2029 2028 2030 152 152 152 255 
3 2029 2030 2031 152 152 152 255 
3 2031 2030 2032 152 152 152 255 
3 2031 2032 2033 152 152 152 255 
3 2033 2032 2034 152 152 152 255 
3 2033 2034 2035 152 152 152 255 
3 2028 2027 2036 152 152 152 255 
3 2036 2027 2037 152 152 152 255 
3 2036 2037 2038 152 152 152 255 
3 2038 2037 2039 152 152 152 255 
3 2039 2037 2040 152 152 152 255 
3 2040 2037 2041 152 152 152 255 
3 2041 2037 2042 152 152 152 255 
3 2042 2037 2043 152 152 152 255 
3 2042 2043 2044 152 152 152 255 
3 2044 2043 2045 152 152 152 255 
3 2045 2043 2046 152 152 152 255 
3 2046 2043 2047 152 152 152 255 
3 2047 2043 2048 152 152 152 255 
3 2048 2043 2049 152 152 152 255 
3 2049 2043 2050 152 152 152 255 
3 2050 2043 2051 152 152 152 255 
3 2051 2043 2052 152 152 152 255 
3 2052 2043 2053 152 152 152 255 
3 2053 2043 2054 152 152 152 255 
3 2054 2043 1819 152 152 152 255 
3 2054 1819 1821 152 152 152 255 
3 1965 2055 1963 152 152 152 255 
3 1963 2055 2056 152 152 152 255 
3 2056 2055 2057 152 152 152 255 
3 2057 2055 2058 152 152 152 255 
3 2058 2055 2059 152 152 152 255 
3 2059 2055 2060 152 152 152 255 
3 2060 2055 2061 152 152 152 255 
3 2061 2055 2062 152 152 152 255 
3 2062 2055 2063 152 152 152 255 
3 2063 2055 2064 152 152 152 255 
3 2064 2055 2065 152 152 152 255 
3 2065 2055 2066 152 152 152 255 
3 2066 2055 2067 152 152 152 255 
3 2067 2055 2068 152 152 152 255 
3 2067 2068 2069 152 152 152 255 
3 2069 2068 2070 152 152 152 255 
3 2070 2068 2071 152 152 152 255 
3 2071 2068 2072 152 152 152 255 
3 2072 2068 2073 152 152 152 255 
3 2073 2068 2074 152 152 152 255 
3 2073 2074 2075 152 152 152 255 
3 2075 2074 2076 152 152 152 255 
3 2075 2076 2077 152 152 152 255 
3 2077 2076 2078 152 152 152 255 
3 2077 2078 2079 152 152 152 255 
3 2079 2078 2080 152 152 152 255 
3 2079 2080 2081 152 152 152 255 
3 2081 2080 2082 152 152 152 255 
3 2082 2080 2083 152 152 152 255 
3 2083 2080 2084 152 152 152 255 
3 2084 2080 2085 152 152 152 255 
3 2085 2080 2086 152 152 152 255 
3 2085 2086 2087 152 152 152 255 
3 2087 2086 2088 152 152 152 255 
3 2088 2086 2089 152 152 152 255 
3 2089 2086 2090 152 152 152 255 
3 2090 2086 2091 152 152 152 255 
3 2091 2086 2092 152 152 152 255 
3 2092 2086 2093 152 152 152 255 
3 2093 2086 2094 152 152 152 255 
3 2094 2086 2095 152 152 152 255 
3 2095 2086 2096 152 152 152 255 
3 2096 2086 2097 152 152 152 255 
3 2097 2086 1917 152 152 152 255 
3 2097 1917 1919 152 152 152 255 
3 1916 2098 1914 152 152 152 255 
3 1914 2098 2099 152 152 152 255 
3 2099 2098 2100 152 152 152 255 
3 2100 2098 2101 152 152 152 255 
3 2101 2098 2102 152 152 152 255 
3 2102 2098 2103 152 152 152 255 
3 2103 2098 2104 152 152 152 255 
3 2104 2098 2105 152 152 152 255 
3 2105 2098 2106 152 152 152 255 
3 2106 2098 2107 152 152 152 255 
3 2107 2098 2108 152 152 152 255 
3 2108 2098 2109 152 152 152 255 
3 2109 2098 2110 152 152 152 255 
3 2110 2098 2111 152 152 152 255 
3 2110 2111 2112 152 152 152 255 
3 2112 2111 2113 152 152 152 255 
3 2113 2111 2114 152 152 152 255 
3 2114 2111 2115 152 152 152 255 
3 2115 2111 2116 152 152 152 255 
3 2116 2111 2117 152 152 152 255 
3 2116 2117 2118 152 152 152 255 
3 2118 2117 2119 152 152 152 255 
3 2118 2119 2120 152 152 152 255 
3 2120 2119 2121 152 152 152 255 
3 2120 2121 2122 152 152 152 255 
3 2122 2121 2123 152 152 152 255 
3 2122 2123 2124 152 152 152 255 
3 2124 2123 2125 152 152 152 255 
3 2125 2123 2126 152 152 152 255 
3 2126 2123 2127 152 152 152 255 
3 2127 2123 2128 152 152 152 255 
3 2128 2123 2129 152 152 152 255 
3 2128 2129 2130 152 152 152 255 
3 2130 2129 2131 152 152 152 255 
3 2131 2129 2132 152 152 152 255 
3 2132 2129 2133 152 152 152 255 
3 2133 2129 2134 152 152 152 255 
3 2134 2129 2135 152 152 152 255 
3 2135 2129 2136 152 152 152 255 
3 2136 2129 2137 152 152 152 255 
3 2137 2129 2138 152 152 152 255 
3 2138 2129 2139 152 152 152 255 
3 2139 2129 2140 152 152 152 255 
3 2140 2129 1868 152 152 152 255 
3 2140 1868 1870 152 152 152 255 
3 1867 2141 1865 152 152 152 255 
3 1865 2141 2142 152 152 152 255 
3 2142 2141 2143 152 152 152 255 
3 2143 2141 2144 152 152 152 255 
3 2144 2141 2145 152 152 152 255 
3 2145 2141 2146 152 152 152 255 
3 2146 2141 2147 152 152 152 255 
3 2147 2141 2148 152 152 152 255 
3 2148 2141 2149 152 152 152 255 
3 2149 2141 2150 152 152 152 255 
3 2150 2141 2151 152 152 152 255 
3 2151 2141 2152 152 152 152 255 
3 2152 2141 2153 152 152 152 255 
3 2153 2141 2033 152 152 152 255 
3 2153 2033 2154 152 152 152 255 
3 2154 2033 2155 152 152 152 255 
3 2155 2033 2035 152 152 152 255 
3 2031 2156 2029 152 152 152 255 
3 2029 2156 2157 152 152 152 255 
3 2029 2157 2027 152 152 152 255 
3 2027 2157 2158 152 152 152 255 
3 2027 2158 2037 152 152 152 255 
3 2037 2158 2159 152 152 152 255 
3 2037 2159 2043 152 152 152 255 
3 2043 2159 2160 152 152 152 255 
3 2043 2160 1819 152 152 152 255 
3 1819 2160 2161 152 152 152 255 
3 1819 2161 1817 152 152 152 255 
3 1817 2161 2162 152 152 152 255 
3 1817 2162 1804 152 152 152 255 
3 1804 2162 2163 152 152 152 255 
3 1804 2163 1798 152 152 152 255 
3 1798 2163 2164 152 152 152 255 
3 1798 2164 1796 152 152 152 255 
3 1796 2164 2165 152 152 152 255 
3 1796 2165 1794 152 152 152 255 
3 1794 2165 2166 152 152 152 255 
3 1794 2166 1792 152 152 152 255 
3 1792 2166 2167 152 152 152 255 
3 1792 2167 1790 152 152 152 255 
3 1790 2167 2168 152 152 152 255 
3 1790 2168 2013 152 152 152 255 
3 2013 2168 2169 152 152 152 255 
3 2013 2169 1966 152 152 152 255 
3 1966 2169 2170 152 152 152 255 
3 1966 2170 1965 152 152 152 255 
3 1965 2170 2171 152 152 152 255 
3 1965 2171 2055 152 152 152 255 
3 2055 2171 2172 152 152 152 255 
3 2055 2172 2068 152 152 152 255 
3 2068 2172 2173 152 152 152 255 
3 2068 2173 2074 152 152 152 255 
3 2074 2173 2174 152 152 152 255 
3 2074 2174 2076 152 152 152 255 
3 2076 2174 2175 152 152 152 255 
3 2076 2175 2078 152 152 152 255 
3 2078 2175 2176 152 152 152 255 
3 2078 2176 2080 152 152 152 255 
3 2080 2176 2177 152 152 152 255 
3 2080 2177 2086 152 152 152 255 
3 2086 2177 2178 152 152 152 255 
3 2086 2178 1917 152 152 152 255 
3 1917 2178 2179 152 152 152 255 
3 1917 2179 1916 152 152 152 255 
3 1916 2179 2180 152 152 152 255 
3 1916 2180 2098 152 152 152 255 
3 2098 2180 2181 152 152 152 255 
3 2098 2181 2111 152 152 152 255 
3 2111 2181 2182 152 152 152 255 
3 2111 2182 2117 152 152 152 255 
3 2117 2182 2183 152 152 152 255 
3 2117 2183 2119 152 152 152 255 
3 2119 2183 2184 152 152 152 255 
3 2119 2184 2121 152 152 152 255 
3 2121 2184 2185 152 152 152 255 
3 2121 2185 2123 152 152 152 255 
3 2123 2185 2186 152 152 152 255 
3 2123 2186 2129 152 152 152 255 
3 2129 2186 2187 152 152 152 255 
3 2129 2187 1868 152 152 152 255 
3 1868 2187 2188 152 152 152 255 
3 1868 2188 1867 152 152 152 255 
3 1867 2188 2189 152 152 152 255 
3 1867 2189 2141 152 152 152 255 
3 2141 2189 2190 152 152 152 255 
3 2141 2190 2033 152 152 152 255 
3 2033 2190 2191 152 152 152 255 
3 2033 2191 2031 152 152 152 255 
3 2031 2191 2156 152 152 152 255 
3 2192 2193 2194 152 152 152 255 
3 2194 2193 2195 152 152 152 255 
3 2194 2195 2196 152 152 152 255 
3 2196 2195 2197 152 152 152 255 
3 2196 2197 2198 152 152 152 255 
3 2198 2197 2199 152 152 152 255 
3 2198 2199 2200 152 152 152 255 
3 2200 2199 2201 152 152 152 255 
3 2200 2201 2202 152 152 152 255 
3 2202 2201 2203 152 152 152 255 
3 2202 2203 2204 152 152 152 255 
3 2204 2203 2205 152 152 152 255 
3 2204 2205 2206 152 152 152 255 
3 2206 2205 2207 152 152 152 255 
3 2206 2207 2208 152 152 152 255 
3 2208 2207 2209 152 152 152 255 
3 2208 2209 2210 152 152 152 255 
3 2210 2209 2211 152 152 152 255 
3 2210 2211 2212 152 152 152 255 
3 2212 2211 2213 152 152 152 255 
3 2212 2213 2214 152 152 152 255 
3 2214 2213 2215 152 152 152 255 
3 2214 2215 2216 152 152 152 255 
3 2216 2215 2217 152 152 152 255 
3 2216 2217 2218 152 152 152 255 
3 2218 2217 2219 152 152 152 255 
3 2218 2219 2220 152 152 152 255 
3 2220 2219 2221 152 152 152 255 
3 2220 2221 2222 152 152 152 255 
3 2222 2221 2223 152 152 152 255 
3 2222 2223 2224 152 152 152 255 
3 2224 2223 2225 152 152 152 255 
3 2224 2225 2226 152 152 152 255 
3 2226 2225 2227 152 152 152 255 
3 2226 2227 2228 152 152 152 255 
3 2228 2227 2229 152 152 152 255 
3 2228 2229 2230 152 152 152 255 
3 2230 2229 2231 152 152 152 255 
3 2230 2231 2232 152 152 152 255 
3 2232 2231 2233 152 152 152 255 
3 2232 2233 2234 152 152 152 255 
3 2234 2233 2235 152 152 152 255 
3 2234 2235 2236 152 152 152 255 
3 2236 2235 2237 152 152 152 255 
3 2236 2237 2238 152 152 152 255 
3 2238 2237 2239 152 152 152 255 
3 2238 2239 2240 152 152 152 255 
3 2240 2239 2241 152 152 152 255 
3 2240 2241 2242 152 152 152 255 
3 2242 2241 2243 152 152 152 255 
3 2242 2243 2244 152 152 152 255 
3 2244 2243 2245 152 152 152 255 
3 2244 2245 2246 152 152 152 255 
3 2246 2245 2247 152 152 152 255 
3 2246 2247 2248 152 152 152 255 
3 2248 2247 2249 152 152 152 255 
3 2248 2249 2250 152 152 152 255 
3 2250 2249 2251 152 152 152 255 
3 2250 2251 2252 152 152 152 255 
3 2252 2251 2253 152 152 152 255 
3 2252 2253 2254 152 152 152 255 
3 2254 2253 2255 152 152 152 255 
3 2254 2255 2256 152 152 152 255 
3 2256 2255 2257 152 152 152 255 
3 2256 2257 2258 152 152 152 255 
3 2258 2257 2259 152 152 152 255 
3 2258 2259 2260 152 152 152 255 
3 2260 2259 2261 152 152 152 255 
3 2260 2261 2262 152 152 152 255 
3 2262 2261 2263 152 152 152 255 
3 2262 2263 2192 152 152 152 255 
3 2192 2263 2193 152 152 152 255 
3 2175 2264 2176 152 152 152 255 
3 2176 2264 2265 152 152 152 255 
3 2176 2265 2177 152 152 152 255 
3 2177 2265 2266 152 152 152 255 
3 2177 2266 2178 152 152 152 255 
3 2178 2266 2267 152 152 152 255 
3 2178 2267 2179 152 152 152 255 
3 2179 2267 2268 152 152 152 255 
3 2179 2268 2180 152 152 152 255 
3 2180 2268 2269 152 152 152 255 
3 2180 2269 2181 152 152 152 255 
3 2181 2269 2270 152 152 152 255 
3 2181 2270 2182 152 152 152 255 
3 2182 2270 2271 152 152 152 255 
3 2182 2271 2183 152 152 152 255 
3 2183 2271 2272 152 152 152 255 
3 2183 2272 2184 152 152 152 255 
3 2184 2272 2273 152 152 152 255 
3 2184 2273 2185 152 152 152 255 
3 2185 2273 2274 152 152 152 255 
3 2185 2274 2186 152 152 152 255 
3 2186 2274 2275 152 152 152 255 
3 2186 2275 2187 152 152 152 255 
3 2187 2275 2276 152 152 152 255 
3 2187 2276 2188 152 152 152 255 
3 2188 2276 2277 152 152 152 255 
3 2188 2277 2189 152 152 152 255 
3 2189 2277 2278 152 152 152 255 
3 2189 2278 2190 152 152 152 255 
3 2190 2278 2279 152 152 152 255 
3 2190 2279 2191 152 152 152 255 
3 2191 2279 2280 152 152 152 255 
3 2191 2280 2156 152 152 152 255 
3 2156 2280 2281 152 152 152 255 
3 2156 2281 2157 152 152 152 255 
3 2157 2281 2282 152 152 152 255 
3 2157 2282 2158 152 152 152 255 
3 2158 2282 2283 152 152 152 255 
3 2158 2283 2159 152 152 152 255 
3 2159 2283 2284 152 152 152 255 
3 2159 2284 2160 152 152 152 255 
3 2160 2284 2285 152 152 152 255 
3 2160 2285 2161 152 152 152 255 
3 2161 2285 2286 152 152 152 255 
3 2161 2286 2162 152 152 152 255 
3 2162 2286 2287 152 152 152 255 
3 2162 2287 2163 152 152 152 255 
3 2163 2287 2288 152 152 152 255 
3 2163 2288 2164 152 152 152 255 
3 2164 2288 2289 152 152 152 255 
3 2164 2289 2165 152 152 152 255 
3 2165 2289 2290 152 152 152 255 
3 2165 2290 2166 152 152 152 255 
3 2166 2290 2291 152 152 152 255 
3 2166 2291 2167 152 152 152 255 
3 2167 2291 2292 152 152 152 255 
3 2167 2292 2168 152 152 152 255 
3 2168 2292 2293 152 152 152 255 
3 2168 2293 2169 152 152 152 255 
3 2169 2293 2294 152 152 152 255 
3 2169 2294 2170 152 152 152 255 
3 2170 2294 2295 152 152 152 255 
3 2170 2295 2171 152 152 152 255 
3 2171 2295 2296 152 152 152 255 
3 2171 2296 2172 152 152 152 255 
3 2172 2296 2297 152 152 152 255 
3 2172 2297 2173 152 152 152 255 
3 2173 2297 2298 152 152 152 255 
3 2173 2298 2174 152 152 152 255 
3 2174 2298 2299 152 152 152 255 
3 2174 2299 2175 152 152 152 255 
3 2175 2299 2264 152 152 152 255 
3 2264 2300 2265 152 152 152 255 
3 2265 2300 2301 152 152 152 255 
3 2265 2301 2266 152 152 152 255 
3 2266 2301 2302 152 152 152 255 
3 2266 2302 2267 152 152 152 255 
3 2267 2302 2303 152 152 152 255 
3 2267 2303 2268 152 152 152 255 
3 2268 2303 2304 152 152 152 255 
3 2268 2304 2269 152 152 152 255 
3 2269 2304 2305 152 152 152 255 
3 2269 2305 2270 152 152 152 255 
3 2270 2305 2306 152 152 152 255 
3 2270 2306 2271 152 152 152 255 
3 2271 2306 2307 152 152 152 255 
3 2271 2307 2272 152 152 152 255 
3 2272 2307 2308 152 152 152 255 
3 2272 2308 2273 152 152 152 255 
3 2273 2308 2309 152 152 152 255 
3 2273 2309 2274 152 152 152 255 
3 2274 2309 2310 152 152 152 255 
3 2274 2310 2275 152 152 152 255 
3 2275 2310 2311 152 152 152 255 
3 2275 2311 2276 152 152 152 255 
3 2276 2311 2312 152 152 152 255 
3 2276 2312 2277 152 152 152 255 
3 2277 2312 2313 152 152 152 255 
3 2277 2313 2278 152 152 152 255 
3 2278 2313 2314 152 152 152 255 
3 2278 2314 2279 152 152 152 255 
3 2279 2314 2315 152 152 152 255 
3 2279 2315 2280 152 152 152 255 
3 2280 2315 2316 152 152 152 255 
3 2280 2316 2281 152 152 152 255 
3 2281 2316 2317 152 152 152 255 
3 2281 2317 2282 152 152 152 255 
3 2282 2317 2318 152 152 152 255 
3 2282 2318 2283 152 152 152 255 
3 2283 2318 2319 152 152 152 255 
3 2283 2319 2284 152 152 152 255 
3 2284 2319 2320 152 152 152 255 
3 2284 2320 2285 152 152 152 255 
3 2285 2320 2321 152 152 152 255 
3 2285 2321 2286 152 152 152 255 
3 2286 2321 2322 152 152 152 255 
3 2286 2322 2287 152 152 152 255 
3 2287 2322 2323 152 152 152 255 
3 2287 2323 2288 152 152 152 255 
3 2288 2323 2324 152 152 152 255 
3 2288 2324 2289 152 152 152 255 
3 2289 2324 2325 152 152 152 255 
3 2289 2325 2290 152 152 152 255 
3 2290 2325 2326 152 152 152 255 
3 2290 2326 2291 152 152 152 255 
3 2291 2326 2327 152 152 152 255 
3 2291 2327 2292 152 152 152 255 
3 2292 2327 2328 152 152 152 255 
3 2292 2328 2293 152 152 152 255 
3 2293 2328 2329 152 152 152 255 
3 2293 2329 2294 152 152 152 255 
3 2294 2329 2330 152 152 152 255 
3 2294 2330 2295 152 152 152 255 
3 2295 2330 2331 152 152 152 255 
3 2295 2331 2296 152 152 152 255 
3 2296 2331 2332 152 152 152 255 
3 2296 2332 2297 152 152 152 255 
3 2297 2332 2333 152 152 152 255 
3 2297 2333 2298 152 152 152 255 
3 2298 2333 2334 152 152 152 255 
3 2298 2334 2299 152 152 152 255 
3 2299 2334 2335 152 152 152 255 
3 2299 2335 2264 152 152 152 255 
3 2264 2335 2300 152 152 152 255 
3 2300 2336 2301 152 152 152 255 
3 2301 2336 2337 152 152 152 255 
3 2301 2337 2302 152 152 152 255 
3 2302 2337 2338 152 152 152 255 
3 2302 2338 2303 152 152 152 255 
3 2303 2338 2339 152 152 152 255 
3 2303 2339 2304 152 152 152 255 
3 2304 2339 2340 152 152 152 255 
3 2304 2340 2305 152 152 152 255 
3 2305 2340 2341 152 152 152 255 
3 2305 2341 2306 152 152 152 255 
3 2306 2341 2342 152 152 152 255 
3 2306 2342 2307 152 152 152 255 
3 2307 2342 2343 152 152 152 255 
3 2307 2343 2308 152 152 152 255 
3 2308 2343 2344 152 152 152 255 
3 2308 2344 2309 152 152 152 255 
3 2309 2344 2345 152 152 152 255 
3 2309 2345 2310 152 152 152 255 
3 2310 2345 2346 152 152 152 255 
3 2310 2346 2311 152 152 152 255 
3 2311 2346 2347 152 152 152 255 
3 2311 2347 2312 152 152 152 255 
3 2312 2347 2348 152 152 152 255 
3 2312 2348 2313 152 152 152 255 
3 2313 2348 2349 152 152 152 255 
3 2313 2349 2314 152 152 152 255 
3 2314 2349 2350 152 152 152 255 
3 2314 2350 2315 152 152 152 255 
3 2315 2350 2351 152 152 152 255 
3 2315 2351 2316 152 152 152 255 
3 2316 2351 2352 152 152 152 255 
3 2316 2352 2317 152 152 152 255 
3 2317 2352 2353 152 152 152 255 
3 2317 2353 2318 152 152 152 255 
3 2318 2353 2354 152 152 152 255 
3 2318 2354 2319 152 152 152 255 
3 2319 2354 2355 152 152 152 255 
3 2319 2355 2320 152 152 152 255 
3 2320 2355 2356 152 152 152 255 
3 2320 2356 2321 152 152 152 255 
3 2321 2356 2357 152 152 152 255 
3 2321 2357 2322 152 152 152 255 
3 2322 2357 2358 152 152 152 255 
3 2322 2358 2323 152 152 152 255 
3 2323 2358 2359 152 152 152 255 
3 2323 2359 2324 152 152 152 255 
3 2324 2359 2360 152 152 152 255 
3 2324 2360 2325 152 152 152 255 
3 2325 2360 2361 152 152 152 255 
3 2325 2361 2326 152 152 152 255 
3 2326 2361 2362 152 152 152 255 
3 2326 2362 2327 152 152 152 255 
3 2327 2362 2363 152 152 152 255 
3 2327 2363 2328 152 152 152 255 
3 2328 2363 2364 152 152 152 255 
3 2328 2364 2329 152 152 152 255 
3 2329 2364 2365 152 152 152 255 
3 2329 2365 2330 152 152 152 255 
3 2330 2365 2366 152 152 152 255 
3 2330 2366 2331 152 152 152 255 
3 2331 2366 2367 152 152 152 255 
3 2331 2367 2332 152 152 152 255 
3 2332 2367 2368 152 152 152 255 
3 2332 2368 2333 152 152 152 255 
3 2333 2368 2369 152 152 152 255 
3 2333 2369 2334 152 152 152 255 
3 2334 2369 2370 152 152 152 255 
3 2334 2370 2335 152 152 152 255 
3 2335 2370 2371 152 152 152 255 
3 2335 2371 2300 152 152 152 255 
3 2300 2371 2336 152 152 152 255 
3 2336 2372 2337 152 152 152 255 
3 2337 2372 2373 152 152 152 255 
3 2337 2373 2338 152 152 152 255 
3 2338 2373 2374 152 152 152 255 
3 2338 2374 2339 152 152 152 255 
3 2339 2374 2375 152 152 152 255 
3 2339 2375 2340 152 152 152 255 
3 2340 2375 2376 152 152 152 255 
3 2340 2376 2341 152 152 152 255 
3 2341 2376 2377 152 152 152 255 
3 2341 2377 2342 152 152 152 255 
3 2342 2377 2378 152 152 152 255 
3 2342 2378 2343 152 152 152 255 
3 2343 2378 2379 152 152 152 255 
3 2343 2379 2344 152 152 152 255 
3 2344 2379 2380 152 152 152 255 
3 2344 2380 2345 152 152 152 255 
3 2345 2380 2381 152 152 152 255 
3 2345 2381 2346 152 152 152 255 
3 2346 2381 2382 152 152 152 255 
3 2346 2382 2347 152 152 152 255 
3 2347 2382 2383 152 152 152 255 
3 2347 2383 2348 152 152 152 255 
3 2348 2383 2384 152 152 152 255 
3 2348 2384 2349 152 152 152 255 
3 2349 2384 2385 152 152 152 255 
3 2349 2385 2350 152 152 152 255 
3 2350 2385 2386 152 152 152 255 
3 2350 2386 2351 152 152 152 255 
3 2351 2386 2387 152 152 152 255 
3 2351 2387 2352 152 152 152 255 
3 2352 2387 2388 152 152 152 255 
3 2352 2388 2353 152 152 152 255 
3 2353 2388 2389 152 152 152 255 
3 2353 2389 2354 152 152 152 255 
3 2354 2389 2390 152 152 152 255 
3 2354 2390 2355 152 152 152 255 
3 2355 2390 2391 152 152 152 255 
3 2355 2391 2356 152 152 152 255 
3 2356 2391 2392 152 152 152 255 
3 2356 2392 2357 152 152 152 255 
3 2357 2392 2393 152 152 152 255 
3 2357 2393 2358 152 152 152 255 
3 2358 2393 2394 152 152 152 255 
3 2358 2394 2359 152 152 152 255 
3 2359 2394 2395 152 152 152 255 
3 2359 2395 2360 152 152 152 255 
3 2360 2395 2396 152 152 152 255 
3 2360 2396 2361 152 152 152 255 
3 2361 2396 2397 152 152 152 255 
3 2361 2397 2362 152 152 152 255 
3 2362 2397 2398 152 152 152 255 
3 2362 2398 2363 152 152 152 255 
3 2363 2398 2399 152 152 152 255 
3 2363 2399 2364 152 152 152 255 
3 2364 2399 2400 152 152 152 255 
3 2364 2400 2365 152 152 152 255 
3 2365 2400 2401 152 152 152 255 
3 2365 2401 2366 152 152 152 255 
3 2366 2401 2402 152 152 152 255 
3 2366 2402 2367 152 152 152 255 
3 2367 2402 2403 152 152 152 255 
3 2367 2403 2368 152 152 152 255 
3 2368 2403 2404 152 152 152 255 
3 2368 2404 2369 152 152 152 255 
3 2369 2404 2405 152 152 152 255 
3 2369 2405 2370 152 152 152 255 
3 2370 2405 2406 152 152 152 255 
3 2370 2406 2371 152 152 152 255 
3 2371 2406 2407 152 152 152 255 
3 2371 2407 2336 152 152 152 255 
3 2336 2407 2372 152 152 152 255 
3 2372 2408 2373 152 152 152 255 
3 2373 2408 2409 152 152 152 255 
3 2373 2409 2374 152 152 152 255 
3 2374 2409 2410 152 152 152 255 
3 2374 2410 2375 152 152 152 255 
3 2375 2410 2411 152 152 152 255 
3 2375 2411 2376 152 152 152 255 
3 2376 2411 2412 152 152 152 255 
3 2376 2412 2377 152 152 152 255 
3 2377 2412 2413 152 152 152 255 
3 2377 2413 2378 152 152 152 255 
3 2378 2413 2414 152 152 152 255 
3 2378 2414 2379 152 152 152 255 
3 2379 2414 2415 152 152 152 255 
3 2379 2415 2380 152 152 152 255 
3 2380 2415 2416 152 152 152 255 
3 2380 2416 2381 152 152 152 255 
3 2381 2416 2417 152 152 152 255 
3 2381 2417 2382 152 152 152 255 
3 2382 2417 2418 152 152 152 255 
3 2382 2418 2383 152 152 152 255 
3 2383 2418 2419 152 152 152 255 
3 2383 2419 2384 152 152 152 255 
3 2384 2419 2420 152 152 152 255 
3 2384 2420 2385 152 152 152 255 
3 2385 2420 2421 152 152 152 255 
3 2385 2421 2386 152 152 152 255 
3 2386 2421 2422 152 152 152 255 
3 2386 2422 2387 152 152 152 255 
3 2387 2422 2423 152 152 152 255 
3 2387 2423 2388 152 152 152 255 
3 2388 2423 2424 152 152 152 255 
3 2388 2424 2389 152 152 152 255 
3 2389 2424 2425 152 152 152 255 
3 2389 2425 2390 152 152 152 255 
3 2390 2425 2426 152 152 152 255 
3 2390 2426 2391 152 152 152 255 
3 2391 2426 2427 152 152 152 255 
3 2391 2427 2392 152 152 152 255 
3 2392 2427 2428 152 152 152 255 
3 2392 2428 2393 152 152 152 255 
3 2393 2428 2429 152 152 152 255 
3 2393 2429 2394 152 152 152 255 
3 2394 2429 2430 152 152 152 255 
3 2394 2430 2395 152 152 152 255 
3 2395 2430 2431 152 152 152 255 
3 2395 2431 2396 152 152 152 255 
3 2396 2431 2432 152 152 152 255 
3 2396 2432 2397 152 152 152 255 
3 2397 2432 2433 152 152 152 255 
3 2397 2433 2398 152 152 152 255 
3 2398 2433 2434 152 152 152 255 
3 2398 2434 2399 152 152 152 255 
3 2399 2434 2435 152 152 152 255 
3 2399 2435 2400 152 152 152 255 
3 2400 2435 2436 152 152 152 255 
3 2400 2436 2401 152 152 152 255 
3 2401 2436 2437 152 152 152 255 
3 2401 2437 2402 152 152 152 255 
3 2402 2437 2438 152 152 152 255 
3 2402 2438 2403 152 152 152 255 
3 2403 2438 2439 152 152 152 255 
3 2403 2439 2404 152 152 152 255 
3 2404 2439 2440 152 152 152 255 
3 2404 2440 2405 152 152 152 255 
3 2405 2440 2441 152 152 152 255 
3 2405 2441 2406 152 152 152 255 
3 2406 2441 2442 152 152 152 255 
3 2406 2442 2407 152 152 152 255 
3 2407 2442 2443 152 152 152 255 
3 2407 2443 2372 152 152 152 255 
3 2372 2443 2408 152 152 152 255 
3 2408 2444 2409 152 152 152 255 
3 2409 2444 2445 152 152 152 255 
3 2409 2445 2410 152 152 152 255 
3 2410 2445 2446 152 152 152 255 
3 2410 2446 2411 152 152 152 255 
3 2411 2446 2447 152 152 152 255 
3 2411 2447 2412 152 152 152 255 
3 2412 2447 2448 152 152 152 255 
3 2412 2448 2413 152 152 152 255 
3 2413 2448 2449 152 152 152 255 
3 2413 2449 2414 152 152 152 255 
3 2414 2449 2450 152 152 152 255 
3 2414 2450 2415 152 152 152 255 
3 2415 2450 2451 152 152 152 255 
3 2415 2451 2416 152 152 152 255 
3 2416 2451 2452 152 152 152 255 
3 2416 2452 2417 152 152 152 255 
3 2417 2452 2453 152 152 152 255 
3 2417 2453 2418 152 152 152 255 
3 2418 2453 2454 152 152 152 255 
3 2418 2454 2419 152 152 152 255 
3 2419 2454 2455 152 152 152 255 
3 2419 2455 2420 152 152 152 255 
3 2420 2455 2456 152 152 152 255 
3 2420 2456 2421 152 152 152 255 
3 2421 2456 2457 152 152 152 255 
3 2421 2457 2422 152 152 152 255 
3 2422 2457 2458 152 152 152 255 
3 2422 2458 2423 152 152 152 255 
3 2423 2458 2459 152 152 152 255 
3 2423 2459 2424 152 152 152 255 
3 2424 2459 2460 152 152 152 255 
3 2424 2460 2425 152 152 152 255 
3 2425 2460 2461 152 152 152 255 
3 2425 2461 2426 152 152 152 255 
3 2426 2461 2462 152 152 152 255 
3 2426 2462 2427 152 152 152 255 
3 2427 2462 2463 152 152 152 255 
3 2427 2463 2428 152 152 152 255 
3 2428 2463 2464 152 152 152 255 
3 2428 2464 2429 152 152 152 255 
3 2429 2464 2465 152 152 152 255 
3 2429 2465 2430 152 152 152 255 
3 2430 2465 2466 152 152 152 255 
3 2430 2466 2431 152 152 152 255 
3 2431 2466 2467 152 152 152 255 
3 2431 2467 2432 152 152 152 255 
3 2432 2467 2468 152 152 152 255 
3 2432 2468 2433 152 152 152 255 
3 2433 2468 2469 152 152 152 255 
3 2433 2469 2434 152 152 152 255 
3 2434 2469 2470 152 152 152 255 
3 2434 2470 2435 152 152 152 255 
3 2435 2470 2471 152 152 152 255 
3 2435 2471 2436 152 152 152 255 
3 2436 2471 2472 152 152 152 255 
3 2436 2472 2437 152 152 152 255 
3 2437 2472 2473 152 152 152 255 
3 2437 2473 2438 152 152 152 255 
3 2438 2473 2474 152 152 152 255 
3 2438 2474 2439 152 152 152 255 
3 2439 2474 2475 152 152 152 255 
3 2439 2475 2440 152 152 152 255 
3 2440 2475 2476 152 152 152 255 
3 2440 2476 2441 152 152 152 255 
3 2441 2476 2477 152 152 152 255 
3 2441 2477 2442 152 152 152 255 
3 2442 2477 2478 152 152 152 255 
3 2442 2478 2443 152 152 152 255 
3 2443 2478 2479 152 152 152 255 
3 2443 2479 2408 152 152 152 255 
3 2408 2479 2444 152 152 152 255 
3 2444 2213 2445 152 152 152 255 
3 2445 2213 2211 152 152 152 255 
3 2445 2211 2446 152 152 152 255 
3 2446 2211 2209 152 152 152 255 
3 2446 2209 2447 152 152 152 255 
3 2447 2209 2207 152 152 152 255 
3 2447 2207 2448 152 152 152 255 
3 2448 2207 2205 152 152 152 255 
3 2448 2205 2449 152 152 152 255 
3 2449 2205 2203 152 152 152 255 
3 2449 2203 2450 152 152 152 255 
3 2450 2203 2201 152 152 152 255 
3 2450 2201 2451 152 152 152 255 
3 2451 2201 2199 152 152 152 255 
3 2451 2199 2452 152 152 152 255 
3 2452 2199 2197 152 152 152 255 
3 2452 2197 2453 152 152 152 255 
3 2453 2197 2195 152 152 152 255 
3 2453 2195 2454 152 152 152 255 
3 2454 2195 2193 152 152 152 255 
3 2454 2193 2455 152 152 152 255 
3 2455 2193 2263 152 152 152 255 
3 2455 2263 2456 152 152 152 255 
3 2456 2263 2261 152 152 152 255 
3 2456 2261 2457 152 152 152 255 
3 2457 2261 2259 152 152 152 255 
3 2457 2259 2458 152 152 152 255 
3 2458 2259 2257 152 152 152 255 
3 2458 2257 2459 152 152 152 255 
3 2459 2257 2255 152 152 152 255 
3 2459 2255 2460 152 152 152 255 
3 2460 2255 2253 152 152 152 255 
3 2460 2253 2461 152 152 152 255 
3 2461 2253 2251 152 152 152 255 
3 2461 2251 2462 152 152 152 255 
3 2462 2251 2249 152 152 152 255 
3 2462 2249 2463 152 152 152 255 
3 2463 2249 2247 152 152 152 255 
3 2463 2247 2464 152 152 152 255 
3 2464 2247 2245 152 152 152 255 
3 2464 2245 2465 152 152 152 255 
3 2465 2245 2243 152 152 152 255 
3 2465 2243 2466 152 152 152 255 
3 2466 2243 2241 152 152 152 255 
3 2466 2241 2467 152 152 152 255 
3 2467 2241 2239 152 152 152 255 
3 2467 2239 2468 152 152 152 255 
3 2468 2239 2237 152 152 152 255 
3 2468 2237 2469 152 152 152 255 
3 2469 2237 2235 152 152 152 255 
3 2469 2235 2470 152 152 152 255 
3 2470 2235 2233 152 152 152 255 
3 2470 2233 2471 152 152 152 255 
3 2471 2233 2231 152 152 152 255 
3 2471 2231 2472 152 152 152 255 
3 2472 2231 2229 152 152 152 255 
3 2472 2229 2473 152 152 152 255 
3 2473 2229 2227 152 152 152 255 
3 2473 2227 2474 152 152 152 255 
3 2474 2227 2225 152 152 152 255 
3 2474 2225 2475 152 152 152 255 
3 2475 2225 2223 152 152 152 255 
3 2475 2223 2476 152 152 152 255 
3 2476 2223 2221 152 152 152 255 
3 2476 2221 2477 152 152 152 255 
3 2477 2221 2219 152 152 152 255 
3 2477 2219 2478 152 152 152 255 
3 2478 2219 2217 152 152 152 255 
3 2478 2217 2479 152 152 152 255 
3 2479 2217 2215 152 152 152 255 
3 2479 2215 2444 152 152 152 255 
3 2444 2215 2213 152 152 152 255 
3 2480 2481 2482 152 152 152 255 
3 2482 2481 2483 152 152 152 255 
3 2482 2483 2484 152 152 152 255 
3 2484 2483 2485 152 152 152 255 
3 2485 2483 2486 152 152 152 255 
3 2486 2483 2487 152 152 152 255 
3 2487 2483 2488 152 152 152 255 
3 2488 2483 2489 152 152 152 255 
3 2488 2489 2490 152 152 152 255 
3 2490 2489 2491 152 152 152 255 
3 2491 2489 2492 152 152 152 255 
3 2492 2489 2493 152 152 152 255 
3 2493 2489 2494 152 152 152 255 
3 2494 2489 2495 152 152 152 255 
3 2495 2489 2496 152 152 152 255 
3 2496 2489 2497 152 152 152 255 
3 2497 2489 2498 152 152 152 255 
3 2498 2489 2499 152 152 152 255 
3 2499 2489 2500 152 152 152 255 
3 2500 2489 2501 152 152 152 255 
3 2500 2501 2502 152 152 152 255 
3 2502 2501 2503 152 152 152 255 
3 2503 2501 2504 152 152 152 255 
3 2503 2504 2505 152 152 152 255 
3 2505 2504 2506 152 152 152 255 
3 2505 2506 2507 152 152 152 255 
3 2507 2506 2508 152 152 152 255 
3 2508 2506 2509 152 152 152 255 
3 2509 2506 2510 152 152 152 255 
3 2510 2506 2511 152 152 152 255 
3 2511 2506 2512 152 152 152 255 
3 2512 2506 2513 152 152 152 255 
3 2513 2506 2514 152 152 152 255 
3 2514 2506 2515 152 152 152 255 
3 2515 2506 2516 152 152 152 255 
3 2516 2506 2517 152 152 152 255 
3 2517 2506 2518 152 152 152 255 
3 2517 2518 2519 152 152 152 255 
3 2519 2518 2520 152 152 152 255 
3 2520 2518 2521 152 152 152 255 
3 2521 2518 2522 152 152 152 255 
3 2522 2518 2523 152 152 152 255 
3 2523 2518 2524 152 152 152 255 
3 2523 2524 2525 152 152 152 255 
3 2525 2524 2526 152 152 152 255 
3 2525 2526 2527 152 152 152 255 
3 2527 2526 2528 152 152 152 255 
3 2528 2526 2529 152 152 152 255 
3 2528 2529 2530 152 152 152 255 
3 2530 2529 2531 152 152 152 255 
3 2530 2531 2532 152 152 152 255 
3 2532 2531 2533 152 152 152 255 
3 2533 2531 2534 152 152 152 255 
3 2534 2531 2535 152 152 152 255 
3 2535 2531 2536 152 152 152 255 
3 2536 2531 2537 152 152 152 255 
3 2536 2537 2538 152 152 152 255 
3 2538 2537 2539 152 152 152 255 
3 2539 2537 2540 152 152 152 255 
3 2540 2537 2541 152 152 152 255 
3 2541 2537 2542 152 152 152 255 
3 2542 2537 2543 152 152 152 255 
3 2543 2537 2544 152 152 152 255 
3 2544 2537 2545 152 152 152 255 
3 2545 2537 2546 152 152 152 255 
3 2546 2537 2547 152 152 152 255 
3 2547 2537 2548 152 152 152 255 
3 2548 2537 2549 152 152 152 255 
3 2548 2549 2550 152 152 152 255 
3 2550 2549 2551 152 152 152 255 
3 2551 2549 2552 152 152 152 255 
3 2551 2552 2553 152 152 152 255 
3 2553 2552 2554 152 152 152 255 
3 2553 2554 2555 152 152 152 255 
3 2555 2554 2556 152 152 152 255 
3 2556 2554 2557 152 152 152 255 
3 2557 2554 2558 152 152 152 255 
3 2558 2554 2559 152 152 152 255 
3 2559 2554 2560 152 152 152 255 
3 2560 2554 2561 152 152 152 255 
3 2561 2554 2562 152 152 152 255 
3 2562 2554 2563 152 152 152 255 
3 2563 2554 2564 152 152 152 255 
3 2564 2554 2565 152 152 152 255 
3 2565 2554 2566 152 152 152 255 
3 2565 2566 2567 152 152 152 255 
3 2567 2566 2568 152 152 152 255 
3 2568 2566 2569 152 152 152 255 
3 2569 2566 2570 152 152 152 255 
3 2570 2566 2571 152 152 152 255 
3 2571 2566 2572 152 152 152 255 
3 2571 2572 2573 152 152 152 255 
3 2573 2572 2574 152 152 152 255 
3 2573 2574 2575 152 152 152 255 
3 2575 2574 2576 152 152 152 255 
3 2576 2574 2577 152 152 152 255 
3 2576 2577 2578 152 152 152 255 
3 2578 2577 2579 152 152 152 255 
3 2578 2579 2580 152 152 152 255 
3 2580 2579 2581 152 152 152 255 
3 2581 2579 2582 152 152 152 255 
3 2582 2579 2583 152 152 152 255 
3 2583 2579 2584 152 152 152 255 
3 2584 2579 2585 152 152 152 255 
3 2584 2585 2586 152 152 152 255 
3 2586 2585 2587 152 152 152 255 
3 2587 2585 2588 152 152 152 255 
3 2588 2585 2589 152 152 152 255 
3 2589 2585 2590 152 152 152 255 
3 2590 2585 2591 152 152 152 255 
3 2591 2585 2592 152 152 152 255 
3 2592 2585 2593 152 152 152 255 
3 2593 2585 2594 152 152 152 255 
3 2594 2585 2595 152 152 152 255 
3 2595 2585 2596 152 152 152 255 
3 2596 2585 2597 152 152 152 255 
3 2596 2597 2598 152 152 152 255 
3 2598 2597 2599 152 152 152 255 
3 2599 2597 2600 152 152 152 255 
3 2599 2600 2601 152 152 152 255 
3 2601 2600 2602 152 152 152 255 
3 2601 2602 2603 152 152 152 255 
3 2603 2602 2604 152 152 152 255 
3 2604 2602 2605 152 152 152 255 
3 2605 2602 2606 152 152 152 255 
3 2606 2602 2607 152 152 152 255 
3 2607 2602 2608 152 152 152 255 
3 2608 2602 2609 152 152 152 255 
3 2609 2602 2610 152 152 152 255 
3 2610 2602 2611 152 152 152 255 
3 2611 2602 2612 152 152 152 255 
3 2612 2602 2613 152 152 152 255 
3 2613 2602 2614 152 152 152 255 
3 2613 2614 2615 152 152 152 255 
3 2615 2614 2616 152 152 152 255 
3 2616 2614 2617 152 152 152 255 
3 2617 2614 2618 152 152 152 255 
3 2618 2614 2619 152 152 152 255 
3 2619 2614 2620 152 152 152 255 
3 2619 2620 2621 152 152 152 255 
3 2621 2620 2622 152 152 152 255 
3 2621 2622 2623 152 152 152 255 
3 2623 2622 2624 152 152 152 255 
3 2624 2622 2625 152 152 152 255 
3 2624 2625 2626 152 152 152 255 
3 2626 2625 2627 152 152 152 255 
3 2626 2627 2628 152 152 152 255 
3 2628 2627 2629 152 152 152 255 
3 2629 2627 2630 152 152 152 255 
3 2630 2627 2631 152 152 152 255 
3 2631 2627 2632 152 152 152 255 
3 2632 2627 2633 152 152 152 255 
3 2632 2633 2634 152 152 152 255 
3 2634 2633 2635 152 152 152 255 
3 2635 2633 2636 152 152 152 255 
3 2636 2633 2637 152 152 152 255 
3 2637 2633 2638 152 152 152 255 
3 2638 2633 2639 152 152 152 255 
3 2639 2633 2640 152 152 152 255 
3 2640 2633 2641 152 152 152 255 
3 2641 2633 2642 152 152 152 255 
3 2642 2633 2643 152 152 152 255 
3 2643 2633 2644 152 152 152 255 
3 2644 2633 2645 152 152 152 255 
3 2644 2645 2646 152 152 152 255 
3 2646 2645 2647 152 152 152 255 
3 2647 2645 2648 152 152 152 255 
3 2647 2648 2649 152 152 152 255 
3 2649 2648 2650 152 152 152 255 
3 2649 2650 2651 152 152 152 255 
3 2651 2650 2652 152 152 152 255 
3 2652 2650 2653 152 152 152 255 
3 2653 2650 2654 152 152 152 255 
3 2654 2650 2655 152 152 152 255 
3 2655 2650 2656 152 152 152 255 
3 2656 2650 2657 152 152 152 255 
3 2657 2650 2658 152 152 152 255 
3 2658 2650 2659 152 152 152 255 
3 2659 2650 2660 152 152 152 255 
3 2660 2650 2661 152 152 152 255 
3 2661 2650 2662 152 152 152 255 
3 2661 2662 2663 152 152 152 255 
3 2663 2662 2664 152 152 152 255 
3 2664 2662 2665 152 152 152 255 
3 2665 2662 2666 152 152 152 255 
3 2666 2662 2667 152 152 152 255 
3 2667 2662 2668 152 152 152 255 
3 2667 2668 2669 152 152 152 255 
3 2669 2668 2670 152 152 152 255 
3 2669 2670 2671 152 152 152 255 
3 2671 2670 2480 152 152 152 255 
3 2480 2670 2481 152 152 152 255 
3 2647 2649 2672 152 152 152 255 
3 2672 2649 2673 152 152 152 255 
3 2672 2673 2674 152 152 152 255 
3 2674 2675 2672 152 152 152 255 
3 2672 2675 2676 152 152 152 255 
3 2672 2676 2677 152 152 152 255 
3 2677 2678 2672 152 152 152 255 
3 2672 2678 2679 152 152 152 255 
3 2672 2679 2680 152 152 152 255 
3 2680 2681 2672 152 152 152 255 
3 2672 2681 2682 152 152 152 255 
3 2672 2682 2683 152 152 152 255 
3 2672 2683 2684 152 152 152 255 
3 2684 2683 2685 152 152 152 255 
3 2684 2685 2686 152 152 152 255 
3 2686 2687 2684 152 152 152 255 
3 2684 2687 2688 152 152 152 255 
3 2684 2688 2689 152 152 152 255 
3 2684 2689 2690 152 152 152 255 
3 2690 2689 2691 152 152 152 255 
3 2690 2691 2692 152 152 152 255 
3 2692 2691 2693 152 152 152 255 
3 2692 2693 2694 152 152 152 255 
3 2692 2694 2695 152 152 152 255 
3 2695 2694 2696 152 152 152 255 
3 2695 2696 2697 152 152 152 255 
3 2697 2696 2698 152 152 152 255 
3 2697 2698 2699 152 152 152 255 
3 2699 2700 2697 152 152 152 255 
3 2697 2700 2701 152 152 152 255 
3 2697 2701 2702 152 152 152 255 
3 2697 2702 2703 152 152 152 255 
3 2703 2702 2704 152 152 152 255 
3 2703 2704 2705 152 152 152 255 
3 2705 2706 2703 152 152 152 255 
3 2703 2706 2707 152 152 152 255 
3 2703 2707 2708 152 152 152 255 
3 2708 2709 2703 152 152 152 255 
3 2703 2709 2710 152 152 152 255 
3 2703 2710 2711 152 152 152 255 
3 2711 2712 2703 152 152 152 255 
3 2703 2712 2713 152 152 152 255 
3 2703 2713 2500 152 152 152 255 
3 2551 2553 2714 152 152 152 255 
3 2714 2553 2715 152 152 152 255 
3 2714 2715 2716 152 152 152 255 
3 2716 2717 2714 152 152 152 255 
3 2714 2717 2718 152 152 152 255 
3 2714 2718 2719 152 152 152 255 
3 2719 2720 2714 152 152 152 255 
3 2714 2720 2721 152 152 152 255 
3 2714 2721 2722 152 152 152 255 
3 2722 2723 2714 152 152 152 255 
3 2714 2723 2724 152 152 152 255 
3 2714 2724 2725 152 152 152 255 
3 2714 2725 2726 152 152 152 255 
3 2726 2725 2727 152 152 152 255 
3 2726 2727 2728 152 152 152 255 
3 2728 2729 2726 152 152 152 255 
3 2726 2729 2730 152 152 152 255 
3 2726 2730 2731 152 152 152 255 
3 2726 2731 2732 152 152 152 255 
3 2732 2731 2733 152 152 152 255 
3 2732 2733 2734 152 152 152 255 
3 2734 2733 2735 152 152 152 255 
3 2734 2735 2736 152 152 152 255 
3 2734 2736 2737 152 152 152 255 
3 2737 2736 2738 152 152 152 255 
3 2737 2738 2739 152 152 152 255 
3 2739 2738 2740 152 152 152 255 
3 2739 2740 2741 152 152 152 255 
3 2741 2742 2739 152 152 152 255 
3 2739 2742 2743 152 152 152 255 
3 2739 2743 2744 152 152 152 255 
3 2739 2744 2745 152 152 152 255 
3 2745 2744 2746 152 152 152 255 
3 2745 2746 2747 152 152 152 255 
3 2747 2748 2745 152 152 152 255 
3 2745 2748 2749 152 152 152 255 
3 2745 2749 2750 152 152 152 255 
3 2750 2751 2745 152 152 152 255 
3 2745 2751 2752 152 152 152 255 
3 2745 2752 2753 152 152 152 255 
3 2753 2754 2745 152 152 152 255 
3 2745 2754 2755 152 152 152 255 
3 2745 2755 2596 152 152 152 255 
3 2756 2757 2758 152 152 152 255 
3 2758 2757 2759 152 152 152 255 
3 2758 2759 2760 152 152 152 255 
3 2760 2759 2761 152 152 152 255 
3 2760 2761 2762 152 152 152 255 
3 2762 2761 2763 152 152 152 255 
3 2763 2761 2764 152 152 152 255 
3 2763 2764 2765 152 152 152 255 
3 2765 2764 2766 152 152 152 255 
3 2765 2766 2767 152 152 152 255 
3 2767 2766 2768 152 152 152 255 
3 2768 2766 2769 152 152 152 255 
3 2769 2766 2770 152 152 152 255 
3 2770 2766 2771 152 152 152 255 
3 2771 2766 2772 152 152 152 255 
3 2771 2772 2773 152 152 152 255 
3 2773 2772 2774 152 152 152 255 
3 2774 2772 2775 152 152 152 255 
3 2775 2772 2776 152 152 152 255 
3 2776 2772 2777 152 152 152 255 
3 2777 2772 2778 152 152 152 255 
3 2778 2772 2779 152 152 152 255 
3 2779 2772 2780 152 152 152 255 
3 2780 2772 2781 152 152 152 255 
3 2781 2772 2782 152 152 152 255 
3 2782 2772 2505 152 152 152 255 
3 2505 2772 2503 152 152 152 255 
3 2756 2783 2757 152 152 152 255 
3 2757 2783 2784 152 152 152 255 
3 2757 2784 2785 152 152 152 255 
3 2785 2786 2757 152 152 152 255 
3 2757 2786 2787 152 152 152 255 
3 2787 2786 2788 152 152 152 255 
3 2787 2788 2789 152 152 152 255 
3 2789 2790 2787 152 152 152 255 
3 2787 2790 2791 152 152 152 255 
3 2787 2791 2792 152 152 152 255 
3 2792 2793 2787 152 152 152 255 
3 2787 2793 2794 152 152 152 255 
3 2787 2794 2795 152 152 152 255 
3 2795 2796 2787 152 152 152 255 
3 2787 2796 2797 152 152 152 255 
3 2787 2797 2548 152 152 152 255 
3 2798 2799 2800 152 152 152 255 
3 2800 2799 2801 152 152 152 255 
3 2800 2801 2802 152 152 152 255 
3 2799 2798 2803 152 152 152 255 
3 2803 2798 2804 152 152 152 255 
3 2803 2804 2805 152 152 152 255 
3 2805 2804 2806 152 152 152 255 
3 2806 2804 2807 152 152 152 255 
3 2807 2804 2808 152 152 152 255 
3 2808 2804 2809 152 152 152 255 
3 2809 2804 2810 152 152 152 255 
3 2809 2810 2811 152 152 152 255 
3 2811 2810 2812 152 152 152 255 
3 2812 2810 2813 152 152 152 255 
3 2813 2810 2814 152 152 152 255 
3 2814 2810 2815 152 152 152 255 
3 2815 2810 2816 152 152 152 255 
3 2816 2810 2817 152 152 152 255 
3 2817 2810 2818 152 152 152 255 
3 2818 2810 2819 152 152 152 255 
3 2819 2810 2820 152 152 152 255 
3 2820 2810 2601 152 152 152 255 
3 2601 2810 2599 152 152 152 255 
3 2598 2745 2596 152 152 152 255 
3 2550 2787 2548 152 152 152 255 
3 2502 2703 2500 152 152 152 255 
3 2646 2821 2644 152 152 152 255 
3 2644 2821 2822 152 152 152 255 
3 2822 2821 2823 152 152 152 255 
3 2823 2821 2824 152 152 152 255 
3 2824 2821 2825 152 152 152 255 
3 2825 2821 2826 152 152 152 255 
3 2826 2821 2827 152 152 152 255 
3 2827 2821 2828 152 152 152 255 
3 2828 2821 2829 152 152 152 255 
3 2829 2821 2830 152 152 152 255 
3 2830 2821 2831 152 152 152 255 
3 2831 2821 2832 152 152 152 255 
3 2832 2821 2833 152 152 152 255 
3 2832 2833 2834 152 152 152 255 
3 2834 2833 2835 152 152 152 255 
3 2835 2833 2836 152 152 152 255 
3 2836 2833 2837 152 152 152 255 
3 2837 2833 2838 152 152 152 255 
3 2838 2833 2839 152 152 152 255 
3 2838 2839 2802 152 152 152 255 
3 2802 2839 2800 152 152 152 255 
3 2839 2840 2800 152 152 152 255 
3 2800 2840 2841 152 152 152 255 
3 2800 2841 2798 152 152 152 255 
3 2798 2841 2842 152 152 152 255 
3 2798 2842 2804 152 152 152 255 
3 2804 2842 2843 152 152 152 255 
3 2804 2843 2810 152 152 152 255 
3 2810 2843 2844 152 152 152 255 
3 2810 2844 2599 152 152 152 255 
3 2599 2844 2845 152 152 152 255 
3 2599 2845 2598 152 152 152 255 
3 2598 2845 2846 152 152 152 255 
3 2598 2846 2745 152 152 152 255 
3 2745 2846 2847 152 152 152 255 
3 2745 2847 2739 152 152 152 255 
3 2739 2847 2848 152 152 152 255 
3 2739 2848 2737 152 152 152 255 
3 2737 2848 2849 152 152 152 255 
3 2737 2849 2734 152 152 152 255 
3 2734 2849 2850 152 152 152 255 
3 2734 2850 2732 152 152 152 255 
3 2732 2850 2851 152 152 152 255 
3 2732 2851 2726 152 152 152 255 
3 2726 2851 2852 152 152 152 255 
3 2726 2852 2714 152 152 152 255 
3 2714 2852 2853 152 152 152 255 
3 2714 2853 2551 152 152 152 255 
3 2551 2853 2854 152 152 152 255 
3 2551 2854 2550 152 152 152 255 
3 2550 2854 2855 152 152 152 255 
3 2550 2855 2787 152 152 152 255 
3 2787 2855 2856 152 152 152 255 
3 2787 2856 2757 152 152 152 255 
3 2757 2856 2857 152 152 152 255 
3 2757 2857 2759 152 152 152 255 
3 2759 2857 2858 152 152 152 255 
3 2759 2858 2761 152 152 152 255 
3 2761 2858 2859 152 152 152 255 
3 2761 2859 2764 152 152 152 255 
3 2764 2859 2860 152 152 152 255 
3 2764 2860 2766 152 152 152 255 
3 2766 2860 2861 152 152 152 255 
3 2766 2861 2772 152 152 152 255 
3 2772 2861 2862 152 152 152 255 
3 2772 2862 2503 152 152 152 255 
3 2503 2862 2863 152 152 152 255 
3 2503 2863 2502 152 152 152 255 
3 2502 2863 2864 152 152 152 255 
3 2502 2864 2703 152 152 152 255 
3 2703 2864 2865 152 152 152 255 
3 2703 2865 2697 152 152 152 255 
3 2697 2865 2866 152 152 152 255 
3 2697 2866 2695 152 152 152 255 
3 2695 2866 2867 152 152 152 255 
3 2695 2867 2692 152 152 152 255 
3 2692 2867 2868 152 152 152 255 
3 2692 2868 2690 152 152 152 255 
3 2690 2868 2869 152 152 152 255 
3 2690 2869 2684 152 152 152 255 
3 2684 2869 2870 152 152 152 255 
3 2684 2870 2672 152 152 152 255 
3 2672 2870 2871 152 152 152 255 
3 2672 2871 2647 152 152 152 255 
3 2647 2871 2872 152 152 152 255 
3 2647 2872 2646 152 152 152 255 
3 2646 2872 2873 152 152 152 255 
3 2646 2873 2821 152 152 152 255 
3 2821 2873 2874 152 152 152 255 
3 2821 2874 2833 152 152 152 255 
3 2833 2874 2875 152 152 152 255 
3 2833 2875 2839 152 152 152 255 
3 2839 2875 2840 152 152 152 255 
3 217 2876 216 152 152 152 255 
3 216 2876 2877 152 152 152 255 
3 216 2877 214 152 152 152 255 
3 214 2877 2878 152 152 152 255 
3 214 2878 212 152 152 152 255 
3 212 2878 2879 152 152 152 255 
3 212 2879 210 152 152 152 255 
3 210 2879 2880 152 152 152 255 
3 210 2880 208 152 152 152 255 
3 208 2880 2881 152 152 152 255 
3 208 2881 206 152 152 152 255 
3 206 2881 2882 152 152 152 255 
3 206 2882 204 152 152 152 255 
3 204 2882 2883 152 152 152 255 
3 204 2883 203 152 152 152 255 
3 203 2883 2884 152 152 152 255 
3 203 2884 248 152 152 152 255 
3 248 2884 2885 152 152 152 255 
3 248 2885 249 152 152 152 255 
3 249 2885 2886 152 152 152 255 
3 249 2886 250 152 152 152 255 
3 250 2886 2887 152 152 152 255 
3 250 2887 251 152 152 152 255 
3 251 2887 2888 152 152 152 255 
3 251 2888 195 152 152 152 255 
3 195 2888 2889 152 152 152 255 
3 195 2889 193 152 152 152 255 
3 193 2889 2890 152 152 152 255 
3 193 2890 191 152 152 152 255 
3 191 2890 2891 152 152 152 255 
3 191 2891 189 152 152 152 255 
3 189 2891 2892 152 152 152 255 
3 189 2892 187 152 152 152 255 
3 187 2892 2893 152 152 152 255 
3 187 2893 181 152 152 152 255 
3 181 2893 2894 152 152 152 255 
3 181 2894 183 152 152 152 255 
3 183 2894 2895 152 152 152 255 
3 183 2895 185 152 152 152 255 
3 185 2895 2896 152 152 152 255 
3 185 2896 186 152 152 152 255 
3 186 2896 2897 152 152 152 255 
3 186 2897 246 152 152 152 255 
3 246 2897 2898 152 152 152 255 
3 246 2898 244 152 152 152 255 
3 244 2898 2899 152 152 152 255 
3 244 2899 242 152 152 152 255 
3 242 2899 2900 152 152 152 255 
3 242 2900 240 152 152 152 255 
3 240 2900 2901 152 152 152 255 
3 240 2901 238 152 152 152 255 
3 238 2901 2902 152 152 152 255 
3 238 2902 236 152 152 152 255 
3 236 2902 2903 152 152 152 255 
3 236 2903 233 152 152 152 255 
3 233 2903 2904 152 152 152 255 
3 233 2904 231 152 152 152 255 
3 231 2904 2905 152 152 152 255 
3 231 2905 229 152 152 152 255 
3 229 2905 2906 152 152 152 255 
3 229 2906 227 152 152 152 255 
3 227 2906 2907 152 152 152 255 
3 227 2907 225 152 152 152 255 
3 225 2907 2908 152 152 152 255 
3 225 2908 223 152 152 152 255 
3 223 2908 2909 152 152 152 255 
3 223 2909 221 152 152 152 255 
3 221 2909 2910 152 152 152 255 
3 221 2910 219 152 152 152 255 
3 219 2910 2911 152 152 152 255 
3 219 2911 217 152 152 152 255 
3 217 2911 2876 152 152 152 255 
3 2841 2912 2842 152 152 152 255 
3 2842 2912 2913 152 152 152 255 
3 2842 2913 2843 152 152 152 255 
3 2843 2913 2914 152 152 152 255 
3 2843 2914 2844 152 152 152 255 
3 2844 2914 2915 152 152 152 255 
3 2844 2915 2845 152 152 152 255 
3 2845 2915 2916 152 152 152 255 
3 2845 2916 2846 152 152 152 255 
3 2846 2916 2917 152 152 152 255 
3 2846 2917 2847 152 152 152 255 
3 2847 2917 2918 152 152 152 255 
3 2847 2918 2848 152 152 152 255 
3 2848 2918 2919 152 152 152 255 
3 2848 2919 2849 152 152 152 255 
3 2849 2919 2920 152 152 152 255 
3 2849 2920 2850 152 152 152 255 
3 2850 2920 2921 152 152 152 255 
3 2850 2921 2851 152 152 152 255 
3 2851 2921 2922 152 152 152 255 
3 2851 2922 2852 152 152 152 255 
3 2852 2922 2923 152 152 152 255 
3 2852 2923 2853 152 152 152 255 
3 2853 2923 2924 152 152 152 255 
3 2853 2924 2854 152 152 152 255 
3 2854 2924 2925 152 152 152 255 
3 2854 2925 2855 152 152 152 255 
3 2855 2925 2926 152 152 152 255 
3 2855 2926 2856 152 152 152 255 
3 2856 2926 2927 152 152 152 255 
3 2856 2927 2857 152 152 152 255 
3 2857 2927 2928 152 152 152 255 
3 2857 2928 2858 152 152 152 255 
3 2858 2928 2929 152 152 152 255 
3 2858 2929 2859 152 152 152 255 
3 2859 2929 2930 152 152 152 255 
3 2859 2930 2860 152 152 152 255 
3 2860 2930 2931 152 152 152 255 
3 2860 2931 2861 152 152 152 255 
3 2861 2931 2932 152 152 152 255 
3 2861 2932 2862 152 152 152 255 
3 2862 2932 2933 152 152 152 255 
3 2862 2933 2863 152 152 152 255 
3 2863 2933 2934 152 152 152 255 
3 2863 2934 2864 152 152 152 255 
3 2864 2934 2935 152 152 152 255 
3 2864 2935 2865 152 152 152 255 
3 2865 2935 2936 152 152 152 255 
3 2865 2936 2866 152 152 152 255 
3 2866 2936 2937 152 152 152 255 
3 2866 2937 2867 152 152 152 255 
3 2867 2937 2938 152 152 152 255 
3 2867 2938 2868 152 152 152 255 
3 2868 2938 2939 152 152 152 255 
3 2868 2939 2869 152 152 152 255 
3 2869 2939 2940 152 152 152 255 
3 2869 2940 2870 152 152 152 255 
3 2870 2940 2941 152 152 152 255 
3 2870 2941 2871 152 152 152 255 
3 2871 2941 2942 152 152 152 255 
3 2871 2942 2872 152 152 152 255 
3 2872 2942 2943 152 152 152 255 
3 2872 2943 2873 152 152 152 255 
3 2873 2943 2944 152 152 152 255 
3 2873 2944 2874 152 152 152 255 
3 2874 2944 2945 152 152 152 255 
3 2874 2945 2875 152 152 152 255 
3 2875 2945 2946 152 152 152 255 
3 2875 2946 2840 152 152 152 255 
3 2840 2946 2947 152 152 152 255 
3 2840 2947 2841 152 152 152 255 
3 2841 2947 2912 152 152 152 255 
3 2912 2948 2913 152 152 152 255 
3 2913 2948 2949 152 152 152 255 
3 2913 2949 2914 152 152 152 255 
3 2914 2949 2950 152 152 152 255 
3 2914 2950 2915 152 152 152 255 
3 2915 2950 2951 152 152 152 255 
3 2915 2951 2916 152 152 152 255 
3 2916 2951 2952 152 152 152 255 
3 2916 2952 2917 152 152 152 255 
3 2917 2952 2953 152 152 152 255 
3 2917 2953 2918 152 152 152 255 
3 2918 2953 2954 152 152 152 255 
3 2918 2954 2919 152 152 152 255 
3 2919 2954 2955 152 152 152 255 
3 2919 2955 2920 152 152 152 255 
3 2920 2955 2956 152 152 152 255 
3 2920 2956 2921 152 152 152 255 
3 2921 2956 2957 152 152 152 255 
3 2921 2957 2922 152 152 152 255 
3 2922 2957 2958 152 152 152 255 
3 2922 2958 2923 152 152 152 255 
3 2923 2958 2959 152 152 152 255 
3 2923 2959 2924 152 152 152 255 
3 2924 2959 2960 152 152 152 255 
3 2924 2960 2925 152 152 152 255 
3 2925 2960 2961 152 152 152 255 
3 2925 2961 2926 152 152 152 255 
3 2926 2961 2962 152 152 152 255 
3 2926 2962 2927 152 152 152 255 
3 2927 2962 2963 152 152 152 255 
3 2927 2963 2928 152 152 152 255 
3 2928 2963 2964 152 152 152 255 
3 2928 2964 2929 152 152 152 255 
3 2929 2964 2965 152 152 152 255 
3 2929 2965 2930 152 152 152 255 
3 2930 2965 2966 152 152 152 255 
3 2930 2966 2931 152 152 152 255 
3 2931 2966 2967 152 152 152 255 
3 2931 2967 2932 152 152 152 255 
3 2932 2967 2968 152 152 152 255 
3 2932 2968 2933 152 152 152 255 
3 2933 2968 2969 152 152 152 255 
3 2933 2969 2934 152 152 152 255 
3 2934 2969 2970 152 152 152 255 
3 2934 2970 2935 152 152 152 255 
3 2935 2970 2971 152 152 152 255 
3 2935 2971 2936 152 152 152 255 
3 2936 2971 2972 152 152 152 255 
3 2936 2972 2937 152 152 152 255 
3 2937 2972 2973 152 152 152 255 
3 2937 2973 2938 152 152 152 255 
3 2938 2973 2974 152 152 152 255 
3 2938 2974 2939 152 152 152 255 
3 2939 2974 2975 152 152 152 255 
3 2939 2975 2940 152 152 152 255 
3 2940 2975 2976 152 152 152 255 
3 2940 2976 2941 152 152 152 255 
3 2941 2976 2977 152 152 152 255 
3 2941 2977 2942 152 152 152 255 
3 2942 2977 2978 152 152 152 255 
3 2942 2978 2943 152 152 152 255 
3 2943 2978 2979 152 152 152 255 
3 2943 2979 2944 152 152 152 255 
3 2944 2979 2980 152 152 152 255 
3 2944 2980 2945 152 152 152 255 
3 2945 2980 2981 152 152 152 255 
3 2945 2981 2946 152 152 152 255 
3 2946 2981 2982 152 152 152 255 
3 2946 2982 2947 152 152 152 255 
3 2947 2982 2983 152 152 152 255 
3 2947 2983 2912 152 152 152 255 
3 2912 2983 2948 152 152 152 255 
3 2948 2984 2949 152 152 152 255 
3 2949 2984 2985 152 152 152 255 
3 2949 2985 2950 152 152 152 255 
3 2950 2985 2986 152 152 152 255 
3 2950 2986 2951 152 152 152 255 
3 2951 2986 2987 152 152 152 255 
3 2951 2987 2952 152 152 152 255 
3 2952 2987 2988 152 152 152 255 
3 2952 2988 2953 152 152 152 255 
3 2953 2988 2989 152 152 152 255 
3 2953 2989 2954 152 152 152 255 
3 2954 2989 2990 152 152 152 255 
3 2954 2990 2955 152 152 152 255 
3 2955 2990 2991 152 152 152 255 
3 2955 2991 2956 152 152 152 255 
3 2956 2991 2992 152 152 152 255 
3 2956 2992 2957 152 152 152 255 
3 2957 2992 2993 152 152 152 255 
3 2957 2993 2958 152 152 152 255 
3 2958 2993 2994 152 152 152 255 
3 2958 2994 2959 152 152 152 255 
3 2959 2994 2995 152 152 152 255 
3 2959 2995 2960 152 152 152 255 
3 2960 2995 2996 152 152 152 255 
3 2960 2996 2961 152 152 152 255 
3 2961 2996 2997 152 152 152 255 
3 2961 2997 2962 152 152 152 255 
3 2962 2997 2998 152 152 152 255 
3 2962 2998 2963 152 152 152 255 
3 2963 2998 2999 152 152 152 255 
3 2963 2999 2964 152 152 152 255 
3 2964 2999 3000 152 152 152 255 
3 2964 3000 2965 152 152 152 255 
3 2965 3000 3001 152 152 152 255 
3 2965 3001 2966 152 152 152 255 
3 2966 3001 3002 152 152 152 255 
3 2966 3002 2967 152 152 152 255 
3 2967 3002 3003 152 152 152 255 
3 2967 3003 2968 152 152 152 255 
3 2968 3003 3004 152 152 152 255 
3 2968 3004 2969 152 152 152 255 
3 2969 3004 3005 152 152 152 255 
3 2969 3005 2970 152 152 152 255 
3 2970 3005 3006 152 152 152 255 
3 2970 3006 2971 152 152 152 255 
3 2971 3006 3007 152 152 152 255 
3 2971 3007 2972 152 152 152 255 
3 2972 3007 3008 152 152 152 255 
3 2972 3008 2973 152 152 152 255 
3 2973 3008 3009 152 152 152 255 
3 2973 3009 2974 152 152 152 255 
3 2974 3009 3010 152 152 152 255 
3 2974 3010 2975 152 152 152 255 
3 2975 3010 3011 152 152 152 255 
3 2975 3011 2976 152 152 152 255 
3 2976 3011 3012 152 152 152 255 
3 2976 3012 2977 152 152 152 255 
3 2977 3012 3013 152 152 152 255 
3 2977 3013 2978 152 152 152 255 
3 2978 3013 3014 152 152 152 255 
3 2978 3014 2979 152 152 152 255 
3 2979 3014 3015 152 152 152 255 
3 2979 3015 2980 152 152 152 255 
3 2980 3015 3016 152 152 152 255 
3 2980 3016 2981 152 152 152 255 
3 2981 3016 3017 152 152 152 255 
3 2981 3017 2982 152 152 152 255 
3 2982 3017 3018 152 152 152 255 
3 2982 3018 2983 152 152 152 255 
3 2983 3018 3019 152 152 152 255 
3 2983 3019 2948 152 152 152 255 
3 2948 3019 2984 152 152 152 255 
3 2984 3020 2985 152 152 152 255 
3 2985 3020 3021 152 152 152 255 
3 2985 3021 2986 152 152 152 255 
3 2986 3021 3022 152 152 152 255 
3 2986 3022 2987 152 152 152 255 
3 2987 3022 3023 152 152 152 255 
3 2987 3023 2988 152 152 152 255 
3 2988 3023 3024 152 152 152 255 
3 2988 3024 2989 152 152 152 255 
3 2989 3024 3025 152 152 152 255 
3 2989 3025 2990 152 152 152 255 
3 2990 3025 3026 152 152 152 255 
3 2990 3026 2991 152 152 152 255 
3 2991 3026 3027 152 152 152 255 
3 2991 3027 2992 152 152 152 255 
3 2992 3027 3028 152 152 152 255 
3 2992 3028 2993 152 152 152 255 
3 2993 3028 3029 152 152 152 255 
3 2993 3029 2994 152 152 152 255 
3 2994 3029 3030 152 152 152 255 
3 2994 3030 2995 152 152 152 255 
3 2995 3030 3031 152 152 152 255 
3 2995 3031 2996 152 152 152 255 
3 2996 3031 3032 152 152 152 255 
3 2996 3032 2997 152 152 152 255 
3 2997 3032 3033 152 152 152 255 
3 2997 3033 2998 152 152 152 255 
3 2998 3033 3034 152 152 152 255 
3 2998 3034 2999 152 152 152 255 
3 2999 3034 3035 152 152 152 255 
3 2999 3035 3000 152 152 152 255 
3 3000 3035 3036 152 152 152 255 
3 3000 3036 3001 152 152 152 255 
3 3001 3036 3037 152 152 152 255 
3 3001 3037 3002 152 152 152 255 
3 3002 3037 3038 152 152 152 255 
3 3002 3038 3003 152 152 152 255 
3 3003 3038 3039 152 152 152 255 
3 3003 3039 3004 152 152 152 255 
3 3004 3039 3040 152 152 152 255 
3 3004 3040 3005 152 152 152 255 
3 3005 3040 3041 152 152 152 255 
3 3005 3041 3006 152 152 152 255 
3 3006 3041 3042 152 152 152 255 
3 3006 3042 3007 152 152 152 255 
3 3007 3042 3043 152 152 152 255 
3 3007 3043 3008 152 152 152 255 
3 3008 3043 3044 152 152 152 255 
3 3008 3044 3009 152 152 152 255 
3 3009 3044 3045 152 152 152 255 
3 3009 3045 3010 152 152 152 255 
3 3010 3045 3046 152 152 152 255 
3 3010 3046 3011 152 152 152 255 
3 3011 3046 3047 152 152 152 255 
3 3011 3047 3012 152 152 152 255 
3 3012 3047 3048 152 152 152 255 
3 3012 3048 3013 152 152 152 255 
3 3013 3048 3049 152 152 152 255 
3 3013 3049 3014 152 152 152 255 
3 3014 3049 3050 152 152 152 255 
3 3014 3050 3015 152 152 152 255 
3 3015 3050 3051 152 152 152 255 
3 3015 3051 3016 152 152 152 255 
3 3016 3051 3052 152 152 152 255 
3 3016 3052 3017 152 152 152 255 
3 3017 3052 3053 152 152 152 255 
3 3017 3053 3018 152 152 152 255 
3 3018 3053 3054 152 152 152 255 
3 3018 3054 3019 152 152 152 255 
3 3019 3054 3055 152 152 152 255 
3 3019 3055 2984 152 152 152 255 
3 2984 3055 3020 152 152 152 255 
3 3020 3056 3021 152 152 152 255 
3 3021 3056 3057 152 152 152 255 
3 3021 3057 3022 152 152 152 255 
3 3022 3057 3058 152 152 152 255 
3 3022 3058 3023 152 152 152 255 
3 3023 3058 3059 152 152 152 255 
3 3023 3059 3024 152 152 152 255 
3 3024 3059 3060 152 152 152 255 
3 3024 3060 3025 152 152 152 255 
3 3025 3060 3061 152 152 152 255 
3 3025 3061 3026 152 152 152 255 
3 3026 3061 3062 152 152 152 255 
3 3026 3062 3027 152 152 152 255 
3 3027 3062 3063 152 152 152 255 
3 3027 3063 3028 152 152 152 255 
3 3028 3063 3064 152 152 152 255 
3 3028 3064 3029 152 152 152 255 
3 3029 3064 3065 152 152 152 255 
3 3029 3065 3030 152 152 152 255 
3 3030 3065 3066 152 152 152 255 
3 3030 3066 3031 152 152 152 255 
3 3031 3066 3067 152 152 152 255 
3 3031 3067 3032 152 152 152 255 
3 3032 3067 3068 152 152 152 255 
3 3032 3068 3033 152 152 152 255 
3 3033 3068 3069 152 152 152 255 
3 3033 3069 3034 152 152 152 255 
3 3034 3069 3070 152 152 152 255 
3 3034 3070 3035 152 152 152 255 
3 3035 3070 3071 152 152 152 255 
3 3035 3071 3036 152 152 152 255 
3 3036 3071 3072 152 152 152 255 
3 3036 3072 3037 152 152 152 255 
3 3037 3072 3073 152 152 152 255 
3 3037 3073 3038 152 152 152 255 
3 3038 3073 3074 152 152 152 255 
3 3038 3074 3039 152 152 152 255 
3 3039 3074 3075 152 152 152 255 
3 3039 3075 3040 152 152 152 255 
3 3040 3075 3076 152 152 152 255 
3 3040 3076 3041 152 152 152 255 
3 3041 3076 3077 152 152 152 255 
3 3041 3077 3042 152 152 152 255 
3 3042 3077 3078 152 152 152 255 
3 3042 3078 3043 152 152 152 255 
3 3043 3078 3079 152 152 152 255 
3 3043 3079 3044 152 152 152 255 
3 3044 3079 3080 152 152 152 255 
3 3044 3080 3045 152 152 152 255 
3 3045 3080 3081 152 152 152 255 
3 3045 3081 3046 152 152 152 255 
3 3046 3081 3082 152 152 152 255 
3 3046 3082 3047 152 152 152 255 
3 3047 3082 3083 152 152 152 255 
3 3047 3083 3048 152 152 152 255 
3 3048 3083 3084 152 152 152 255 
3 3048 3084 3049 152 152 152 255 
3 3049 3084 3085 152 152 152 255 
3 3049 3085 3050 152 152 152 255 
3 3050 3085 3086 152 152 152 255 
3 3050 3086 3051 152 152 152 255 
3 3051 3086 3087 152 152 152 255 
3 3051 3087 3052 152 152 152 255 
3 3052 3087 3088 152 152 152 255 
3 3052 3088 3053 152 152 152 255 
3 3053 3088 3089 152 152 152 255 
3 3053 3089 3054 152 152 152 255 
3 3054 3089 3090 152 152 152 255 
3 3054 3090 3055 152 152 152 255 
3 3055 3090 3091 152 152 152 255 
3 3055 3091 3020 152 152 152 255 
3 3020 3091 3056 152 152 152 255 
3 3056 3092 3057 152 152 152 255 
3 3057 3092 3093 152 152 152 255 
3 3057 3093 3058 152 152 152 255 
3 3058 3093 3094 152 152 152 255 
3 3058 3094 3059 152 152 152 255 
3 3059 3094 3095 152 152 152 255 
3 3059 3095 3060 152 152 152 255 
3 3060 3095 3096 152 152 152 255 
3 3060 3096 3061 152 152 152 255 
3 3061 3096 3097 152 152 152 255 
3 3061 3097 3062 152 152 152 255 
3 3062 3097 3098 152 152 152 255 
3 3062 3098 3063 152 152 152 255 
3 3063 3098 3099 152 152 152 255 
3 3063 3099 3064 152 152 152 255 
3 3064 3099 3100 152 152 152 255 
3 3064 3100 3065 152 152 152 255 
3 3065 3100 3101 152 152 152 255 
3 3065 3101 3066 152 152 152 255 
3 3066 3101 3102 152 152 152 255 
3 3066 3102 3067 152 152 152 255 
3 3067 3102 3103 152 152 152 255 
3 3067 3103 3068 152 152 152 255 
3 3068 3103 3104 152 152 152 255 
3 3068 3104 3069 152 152 152 255 
3 3069 3104 3105 152 152 152 255 
3 3069 3105 3070 152 152 152 255 
3 3070 3105 3106 152 152 152 255 
3 3070 3106 3071 152 152 152 255 
3 3071 3106 3107 152 152 152 255 
3 3071 3107 3072 152 152 152 255 
3 3072 3107 3108 152 152 152 255 
3 3072 3108 3073 152 152 152 255 
3 3073 3108 3109 152 152 152 255 
3 3073 3109 3074 152 152 152 255 
3 3074 3109 3110 152 152 152 255 
3 3074 3110 3075 152 152 152 255 
3 3075 3110 3111 152 152 152 255 
3 3075 3111 3076 152 152 152 255 
3 3076 3111 3112 152 152 152 255 
3 3076 3112 3077 152 152 152 255 
3 3077 3112 3113 152 152 152 255 
3 3077 3113 3078 152 152 152 255 
3 3078 3113 3114 152 152 152 255 
3 3078 3114 3079 152 152 152 255 
3 3079 3114 3115 152 152 152 255 
3 3079 3115 3080 152 152 152 255 
3 3080 3115 3116 152 152 152 255 
3 3080 3116 3081 152 152 152 255 
3 3081 3116 3117 152 152 152 255 
3 3081 3117 3082 152 152 152 255 
3 3082 3117 3118 152 152 152 255 
3 3082 3118 3083 152 152 152 255 
3 3083 3118 3119 152 152 152 255 
3 3083 3119 3084 152 152 152 255 
3 3084 3119 3120 152 152 152 255 
3 3084 3120 3085 152 152 152 255 
3 3085 3120 3121 152 152 152 255 
3 3085 3121 3086 152 152 152 255 
3 3086 3121 3122 152 152 152 255 
3 3086 3122 3087 152 152 152 255 
3 3087 3122 3123 152 152 152 255 
3 3087 3123 3088 152 152 152 255 
3 3088 3123 3124 152 152 152 255 
3 3088 3124 3089 152 152 152 255 
3 3089 3124 3125 152 152 152 255 
3 3089 3125 3090 152 152 152 255 
3 3090 3125 3126 152 152 152 255 
3 3090 3126 3091 152 152 152 255 
3 3091 3126 3127 152 152 152 255 
3 3091 3127 3056 152 152 152 255 
3 3056 3127 3092 152 152 152 255 
3 3092 2904 3093 152 152 152 255 
3 3093 2904 2903 152 152 152 255 
3 3093 2903 3094 152 152 152 255 
3 3094 2903 2902 152 152 152 255 
3 3094 2902 3095 152 152 152 255 
3 3095 2902 2901 152 152 152 255 
3 3095 2901 3096 152 152 152 255 
3 3096 2901 2900 152 152 152 255 
3 3096 2900 3097 152 152 152 255 
3 3097 2900 2899 152 152 152 255 
3 3097 2899 3098 152 152 152 255 
3 3098 2899 2898 152 152 152 255 
3 3098 2898 3099 152 152 152 255 
3 3099 2898 2897 152 152 152 255 
3 3099 2897 3100 152 152 152 255 
3 3100 2897 2896 152 152 152 255 
3 3100 2896 3101 152 152 152 255 
3 3101 2896 2895 152 152 152 255 
3 3101 2895 3102 152 152 152 255 
3 3102 2895 2894 152 152 152 255 
3 3102 2894 3103 152 152 152 255 
3 3103 2894 2893 152 152 152 255 
3 3103 2893 3104 152 152 152 255 
3 3104 2893 2892 152 152 152 255 
3 3104 2892 3105 152 152 152 255 
3 3105 2892 2891 152 152 152 255 
3 3105 2891 3106 152 152 152 255 
3 3106 2891 2890 152 152 152 255 
3 3106 2890 3107 152 152 152 255 
3 3107 2890 2889 152 152 152 255 
3 3107 2889 3108 152 152 152 255 
3 3108 2889 2888 152 152 152 255 
3 3108 2888 3109 152 152 152 255 
3 3109 2888 2887 152 152 152 255 
3 3109 2887 3110 152 152 152 255 
3 3110 2887 2886 152 152 152 255 
3 3110 2886 3111 152 152 152 255 
3 3111 2886 2885 152 152 152 255 
3 3111 2885 3112 152 152 152 255 
3 3112 2885 2884 152 152 152 255 
3 3112 2884 3113 152 152 152 255 
3 3113 2884 2883 152 152 152 255 
3 3113 2883 3114 152 152 152 255 
3 3114 2883 2882 152 152 152 255 
3 3114 2882 3115 152 152 152 255 
3 3115 2882 2881 152 152 152 255 
3 3115 2881 3116 152 152 152 255 
3 3116 2881 2880 152 152 152 255 
3 3116 2880 3117 152 152 152 255 
3 3117 2880 2879 152 152 152 255 
3 3117 2879 3118 152 152 152 255 
3 3118 2879 2878 152 152 152 255 
3 3118 2878 3119 152 152 152 255 
3 3119 2878 2877 152 152 152 255 
3 3119 2877 3120 152 152 152 255 
3 3120 2877 2876 152 152 152 255 
3 3120 2876 3121 152 152 152 255 
3 3121 2876 2911 152 152 152 255 
3 3121 2911 3122 152 152 152 255 
3 3122 2911 2910 152 152 152 255 
3 3122 2910 3123 152 152 152 255 
3 3123 2910 2909 152 152 152 255 
3 3123 2909 3124 152 152 152 255 
3 3124 2909 2908 152 152 152 255 
3 3124 2908 3125 152 152 152 255 
3 3125 2908 2907 152 152 152 255 
3 3125 2907 3126 152 152 152 255 
3 3126 2907 2906 152 152 152 255 
3 3126 2906 3127 152 152 152 255 
3 3127 2906 2905 152 152 152 255 
3 3127 2905 3092 152 152 152 255 
3 3092 2905 2904 152 152 152 255 
3 2196 1675 2194 152 152 152 255 
3 2194 1675 1674 152 152 152 255 
3 2194 1674 1673 152 152 152 255 
3 2198 1679 2196 152 152 152 255 
3 2196 1679 1678 152 152 152 255 
3 2196 1678 1677 152 152 152 255 
3 2200 1765 2198 152 152 152 255 
3 2198 1765 1764 152 152 152 255 
3 2198 1764 1763 152 152 152 255 
3 2202 3128 2200 152 152 152 255 
3 2200 3128 1766 152 152 152 255 
3 2200 1766 1765 152 152 152 255 
3 3128 2202 3129 152 152 152 255 
3 3129 2202 2204 152 152 152 255 
3 3129 2204 3130 152 152 152 255 
3 3130 2204 2206 152 152 152 255 
3 3130 2206 3131 152 152 152 255 
3 3131 2206 3132 152 152 152 255 
3 3132 2206 2208 152 152 152 255 
3 3132 2208 3133 152 152 152 255 
3 3133 2208 3134 152 152 152 255 
3 3134 2208 3135 152 152 152 255 
3 3135 2208 3136 152 152 152 255 
3 3136 2208 3137 152 152 152 255 
3 3137 2208 3138 152 152 152 255 
3 3138 2208 2210 152 152 152 255 
3 3138 2210 3139 152 152 152 255 
3 3139 2210 3140 152 152 152 255 
3 3140 2210 3141 152 152 152 255 
3 3141 2210 2212 152 152 152 255 
3 3141 2212 1755 152 152 152 255 
3 1755 2212 1745 152 152 152 255 
3 1755 1745 1754 152 152 152 255 
3 1754 1745 1744 152 152 152 255 
3 1754 1744 1753 152 152 152 255 
3 1753 1744 1743 152 152 152 255 
3 1753 1743 1752 152 152 152 255 
3 1752 1743 1742 152 152 152 255 
3 1752 1742 1751 152 152 152 255 
3 1751 1742 1741 152 152 152 255 
3 1751 1741 1750 152 152 152 255 
3 1750 1741 1740 152 152 152 255 
3 1750 1740 1749 152 152 152 255 
3 1749 1740 1739 152 152 152 255 
3 1749 1739 1148 152 152 152 255 
3 1148 1739 1146 152 152 152 255 
3 1146 1739 1738 152 152 152 255 
3 1146 1738 1144 152 152 152 255 
3 1144 1738 1737 152 152 152 255 
3 1144 1737 1736 152 152 152 255 
3 1745 2212 3142 152 152 152 255 
3 3142 2212 2214 152 152 152 255 
3 3142 2214 3143 152 152 152 255 
3 3143 2214 3144 152 152 152 255 
3 3144 2214 3145 152 152 152 255 
3 3145 2214 2216 152 152 152 255 
3 3145 2216 3146 152 152 152 255 
3 3146 2216 3147 152 152 152 255 
3 3147 2216 3148 152 152 152 255 
3 3148 2216 3149 152 152 152 255 
3 3149 2216 3150 152 152 152 255 
3 3150 2216 3151 152 152 152 255 
3 3151 2216 2218 152 152 152 255 
3 3151 2218 3152 152 152 152 255 
3 3152 2218 3153 152 152 152 255 
3 3153 2218 2220 152 152 152 255 
3 3153 2220 3154 152 152 152 255 
3 3154 2220 2222 152 152 152 255 
3 3154 2222 3155 152 152 152 255 
3 3155 2222 2224 152 152 152 255 
3 3155 2224 1735 152 152 152 255 
3 1735 2224 1734 152 152 152 255 
3 1734 2224 2226 152 152 152 255 
3 1734 2226 1733 152 152 152 255 
3 1733 2226 1732 152 152 152 255 
3 1732 2226 1731 152 152 152 255 
3 1731 2226 1730 152 152 152 255 
3 1730 2226 1729 152 152 152 255 
3 1729 2226 1728 152 152 152 255 
3 1728 2226 2228 152 152 152 255 
3 1728 2228 1718 152 152 152 255 
3 1718 2228 1719 152 152 152 255 
3 1719 2228 1720 152 152 152 255 
3 1720 2228 1721 152 152 152 255 
3 1721 2228 1722 152 152 152 255 
3 1722 2228 1723 152 152 152 255 
3 1723 2228 2230 152 152 152 255 
3 1723 2230 1724 152 152 152 255 
3 1724 2230 1689 152 152 152 255 
3 1689 2230 1690 152 152 152 255 
3 1690 2230 1691 152 152 152 255 
3 1691 2230 1692 152 152 152 255 
3 1692 2230 1693 152 152 152 255 
3 1693 2230 2232 152 152 152 255 
3 1693 2232 1694 152 152 152 255 
3 1694 2232 1695 152 152 152 255 
3 1695 2232 1696 152 152 152 255 
3 1696 2232 1697 152 152 152 255 
3 1697 2232 1698 152 152 152 255 
3 1698 2232 1784 152 152 152 255 
3 1698 1784 1785 152 152 152 255 
3 2232 2234 1784 152 152 152 255 
3 1784 2234 1783 152 152 152 255 
3 1783 2234 1782 152 152 152 255 
3 1782 2234 1781 152 152 152 255 
3 1781 2234 1780 152 152 152 255 
3 1780 2234 1779 152 152 152 255 
3 1779 2234 1778 152 152 152 255 
3 1778 2234 2236 152 152 152 255 
3 1778 2236 1777 152 152 152 255 
3 1777 2236 3156 152 152 152 255 
3 3156 2236 2238 152 152 152 255 
3 3156 2238 3157 152 152 152 255 
3 3157 2238 2240 152 152 152 255 
3 3157 2240 3158 152 152 152 255 
3 3158 2240 2242 152 152 152 255 
3 3158 2242 3159 152 152 152 255 
3 3159 2242 3160 152 152 152 255 
3 3160 2242 2244 152 152 152 255 
3 3160 2244 3161 152 152 152 255 
3 3161 2244 3162 152 152 152 255 
3 3162 2244 3163 152 152 152 255 
3 3163 2244 3164 152 152 152 255 
3 3164 2244 3165 152 152 152 255 
3 3165 2244 3166 152 152 152 255 
3 3166 2244 2246 152 152 152 255 
3 3166 2246 3167 152 152 152 255 
3 3167 2246 3168 152 152 152 255 
3 3168 2246 3169 152 152 152 255 
3 3169 2246 2248 152 152 152 255 
3 3169 2248 1767 152 152 152 255 
3 1767 2248 1643 152 152 152 255 
3 1767 1643 1768 152 152 152 255 
3 1768 1643 1644 152 152 152 255 
3 1768 1644 1769 152 152 152 255 
3 1769 1644 1645 152 152 152 255 
3 1769 1645 1770 152 152 152 255 
3 1770 1645 1646 152 152 152 255 
3 1770 1646 1771 152 152 152 255 
3 1771 1646 1647 152 152 152 255 
3 1771 1647 1772 152 152 152 255 
3 1772 1647 1648 152 152 152 255 
3 1772 1648 1773 152 152 152 255 
3 1773 1648 1649 152 152 152 255 
3 1773 1649 1112 152 152 152 255 
3 1112 1649 1110 152 152 152 255 
3 1110 1649 1650 152 152 152 255 
3 1110 1650 1108 152 152 152 255 
3 1108 1650 1651 152 152 152 255 
3 1108 1651 1652 152 152 152 255 
3 1643 2248 3170 152 152 152 255 
3 3170 2248 2250 152 152 152 255 
3 3170 2250 3171 152 152 152 255 
3 3171 2250 3172 152 152 152 255 
3 3172 2250 3173 152 152 152 255 
3 3173 2250 2252 152 152 152 255 
3 3173 2252 3174 152 152 152 255 
3 3174 2252 3175 152 152 152 255 
3 3175 2252 3176 152 152 152 255 
3 3176 2252 3177 152 152 152 255 
3 3177 2252 3178 152 152 152 255 
3 3178 2252 3179 152 152 152 255 
3 3179 2252 2254 152 152 152 255 
3 3179 2254 3180 152 152 152 255 
3 3180 2254 3181 152 152 152 255 
3 3181 2254 2256 152 152 152 255 
3 3181 2256 3182 152 152 152 255 
3 3182 2256 2258 152 152 152 255 
3 3182 2258 3183 152 152 152 255 
3 3183 2258 2260 152 152 152 255 
3 3183 2260 1632 152 152 152 255 
3 1632 2260 1633 152 152 152 255 
3 1633 2260 2262 152 152 152 255 
3 1633 2262 1634 152 152 152 255 
3 1634 2262 1635 152 152 152 255 
3 1635 2262 1636 152 152 152 255 
3 1636 2262 1637 152 152 152 255 
3 1637 2262 1638 152 152 152 255 
3 1638 2262 1639 152 152 152 255 
3 1639 2262 2192 152 152 152 255 
3 1639 2192 1664 152 152 152 255 
3 1664 2192 1665 152 152 152 255 
3 1665 2192 1666 152 152 152 255 
3 1666 2192 1667 152 152 152 255 
3 1667 2192 1668 152 152 152 255 
3 1668 2192 1669 152 152 152 255 
3 1669 2192 2194 152 152 152 255 
3 1669 2194 1670 152 152 152 255 
3 1670 2194 1671 152 152 152 255 
3 1671 2194 1672 152 152 152 255 
3 1672 2194 1673 152 152 152 255 
3 1096 3184 1094 152 152 152 255 
3 1094 3184 1654 152 152 152 255 
3 1094 1654 3185 152 152 152 255 
3 3185 1654 1653 152 152 152 255 
3 3185 1653 3186 152 152 152 255 
3 3186 1653 1688 152 152 152 255 
3 3186 1688 3187 152 152 152 255 
3 3187 1688 3188 152 152 152 255 
3 3188 1688 1687 152 152 152 255 
3 3188 1687 3189 152 152 152 255 
3 3189 1687 1686 152 152 152 255 
3 3189 1686 3190 152 152 152 255 
3 3190 1686 1685 152 152 152 255 
3 3190 1685 3191 152 152 152 255 
3 3191 1685 1684 152 152 152 255 
3 3191 1684 1756 152 152 152 255 
3 1756 1684 1683 152 152 152 255 
3 1756 1683 1682 152 152 152 255 
3 3184 1096 3192 152 152 152 255 
3 3192 1096 1098 152 152 152 255 
3 3192 1098 3193 152 152 152 255 
3 3193 1098 3194 152 152 152 255 
3 3194 1098 1100 152 152 152 255 
3 3194 1100 3195 152 152 152 255 
3 3195 1100 1102 152 152 152 255 
3 3195 1102 3196 152 152 152 255 
3 3196 1102 1104 152 152 152 255 
3 3196 1104 3197 152 152 152 255 
3 3197 1104 1106 152 152 152 255 
3 3197 1106 1652 152 152 152 255 
3 1652 1106 1108 152 152 152 255 
3 1112 1114 1773 152 152 152 255 
3 1773 1114 1774 152 152 152 255 
3 1774 1114 1116 152 152 152 255 
3 1774 1116 1775 152 152 152 255 
3 1775 1116 1776 152 152 152 255 
3 1776 1116 1118 152 152 152 255 
3 1776 1118 3198 152 152 152 255 
3 3198 1118 1120 152 152 152 255 
3 3198 1120 3199 152 152 152 255 
3 3199 1120 1122 152 152 152 255 
3 3199 1122 3200 152 152 152 255 
3 3200 1122 1124 152 152 152 255 
3 3200 1124 3201 152 152 152 255 
3 3201 1124 1126 152 152 152 255 
3 3201 1126 3202 152 152 152 255 
3 3202 1126 3203 152 152 152 255 
3 3203 1126 1128 152 152 152 255 
3 3203 1128 3204 152 152 152 255 
3 3204 1128 1130 152 152 152 255 
3 3204 1130 1708 152 152 152 255 
3 1708 1130 3205 152 152 152 255 
3 1708 3205 1709 152 152 152 255 
3 1709 3205 3206 152 152 152 255 
3 1709 3206 1710 152 152 152 255 
3 1710 3206 3207 152 152 152 255 
3 1710 3207 3208 152 152 152 255 
3 1130 1132 3205 152 152 152 255 
3 3205 1132 3209 152 152 152 255 
3 3209 1132 1134 152 152 152 255 
3 3209 1134 3210 152 152 152 255 
3 3210 1134 3211 152 152 152 255 
3 3211 1134 1136 152 152 152 255 
3 3211 1136 3212 152 152 152 255 
3 3212 1136 1138 152 152 152 255 
3 3212 1138 3213 152 152 152 255 
3 3213 1138 1140 152 152 152 255 
3 3213 1140 3214 152 152 152 255 
3 3214 1140 1142 152 152 152 255 
3 3214 1142 1736 152 152 152 255 
3 1736 1142 1144 152 152 152 255 
3 1148 1150 1749 152 152 152 255 
3 1749 1150 1748 152 152 152 255 
3 1748 1150 1152 152 152 152 255 
3 1748 1152 1747 152 152 152 255 
3 1747 1152 1746 152 152 152 255 
3 1746 1152 1154 152 152 152 255 
3 1746 1154 3215 152 152 152 255 
3 3215 1154 1156 152 152 152 255 
3 3215 1156 3216 152 152 152 255 
3 3216 1156 1158 152 152 152 255 
3 3216 1158 3217 152 152 152 255 
3 3217 1158 1160 152 152 152 255 
3 3217 1160 3218 152 152 152 255 
3 3218 1160 1162 152 152 152 255 
3 3218 1162 3219 152 152 152 255 
3 3219 1162 3220 152 152 152 255 
3 3220 1162 1092 152 152 152 255 
3 3220 1092 3185 152 152 152 255 
3 3185 1092 1094 152 152 152 255 
3 1641 1662 1642 152 152 152 255 
3 1642 1662 1661 152 152 152 255 
3 1642 1661 1660 152 152 152 255 
3 1662 1641 1663 152 152 152 255 
3 1663 1641 1640 152 152 152 255 
3 1663 1640 1664 152 152 152 255 
3 1664 1640 1639 152 152 152 255 
3 1654 3184 1655 152 152 152 255 
3 1655 3184 3221 152 152 152 255 
3 1655 3221 1656 152 152 152 255 
3 1656 3221 3222 152 152 152 255 
3 1656 3222 3223 152 152 152 255 
3 1656 3223 1657 152 152 152 255 
3 1657 3223 3224 152 152 152 255 
3 1657 3224 1658 152 152 152 255 
3 1658 3224 3225 152 152 152 255 
3 1658 3225 1659 152 152 152 255 
3 1659 3225 3226 152 152 152 255 
3 1659 3226 1660 152 152 152 255 
3 1660 3226 1642 152 152 152 255 
3 1756 1682 1757 152 152 152 255 
3 1757 1682 1681 152 152 152 255 
3 1757 1681 1758 152 152 152 255 
3 1758 1681 1680 152 152 152 255 
3 1758 1680 1759 152 152 152 255 
3 1759 1680 1760 152 152 152 255 
3 1760 1680 2198 152 152 152 255 
3 1760 2198 1761 152 152 152 255 
3 1761 2198 1762 152 152 152 255 
3 1762 2198 1763 152 152 152 255 
3 1680 1679 2198 152 152 152 255 
3 1677 1676 2196 152 152 152 255 
3 2196 1676 1675 152 152 152 255 
3 1728 1718 1727 152 152 152 255 
3 1727 1718 1717 152 152 152 255 
3 1727 1717 1726 152 152 152 255 
3 1726 1717 1716 152 152 152 255 
3 1726 1716 1725 152 152 152 255 
3 1725 1716 1715 152 152 152 255 
3 1725 1715 1714 152 152 152 255 
3 1725 1714 3227 152 152 152 255 
3 3227 1714 1713 152 152 152 255 
3 3227 1713 3228 152 152 152 255 
3 3228 1713 1712 152 152 152 255 
3 3228 1712 3229 152 152 152 255 
3 3229 1712 1711 152 152 152 255 
3 3229 1711 3208 152 152 152 255 
3 3208 1711 1710 152 152 152 255 
3 1708 1707 3204 152 152 152 255 
3 3204 1707 3230 152 152 152 255 
3 3230 1707 1706 152 152 152 255 
3 3230 1706 3231 152 152 152 255 
3 3231 1706 3232 152 152 152 255 
3 3232 1706 1705 152 152 152 255 
3 3232 1705 3233 152 152 152 255 
3 3233 1705 1704 152 152 152 255 
3 3233 1704 3234 152 152 152 255 
3 3234 1704 1703 152 152 152 255 
3 3234 1703 3235 152 152 152 255 
3 3235 1703 1702 152 152 152 255 
3 3235 1702 1787 152 152 152 255 
3 1787 1702 1701 152 152 152 255 
3 1787 1701 1700 152 152 152 255 
3 1787 1700 1786 152 152 152 255 
3 1786 1700 1699 152 152 152 255 
3 1786 1699 1785 152 152 152 255 
3 1785 1699 1698 152 152 152 255 
3 3159 780 3158 152 152 152 255 
3 3158 780 775 152 152 152 255 
3 3158 775 3157 152 152 152 255 
3 3157 775 772 152 152 152 255 
3 3157 772 3156 152 152 152 255 
3 3156 772 767 152 152 152 255 
3 3156 767 1777 152 152 152 255 
3 1777 767 766 152 152 152 255 
3 768 3235 758 152 152 152 255 
3 758 3235 1787 152 152 152 255 
3 3235 768 3234 152 152 152 255 
3 3234 768 801 152 152 152 255 
3 3234 801 3233 152 152 152 255 
3 3233 801 803 152 152 152 255 
3 3233 803 3232 152 152 152 255 
3 3232 803 802 152 152 152 255 
3 3232 802 3231 152 152 152 255 
3 3231 802 800 152 152 152 255 
3 3231 800 3230 152 152 152 255 
3 3230 800 799 152 152 152 255 
3 3230 799 3204 152 152 152 255 
3 3204 799 798 152 152 152 255 
3 3204 798 3203 152 152 152 255 
3 3203 798 797 152 152 152 255 
3 3203 797 3202 152 152 152 255 
3 3202 797 770 152 152 152 255 
3 3202 770 3201 152 152 152 255 
3 3201 770 769 152 152 152 255 
3 3201 769 3200 152 152 152 255 
3 3200 769 771 152 152 152 255 
3 3200 771 3199 152 152 152 255 
3 3199 771 773 152 152 152 255 
3 3199 773 3198 152 152 152 255 
3 3198 773 774 152 152 152 255 
3 3198 774 1776 152 152 152 255 
3 1776 774 776 152 152 152 255 
3 777 779 1767 152 152 152 255 
3 1767 779 3169 152 152 152 255 
3 3169 779 3168 152 152 152 255 
3 3168 779 781 152 152 152 255 
3 3168 781 3167 152 152 152 255 
3 3167 781 782 152 152 152 255 
3 3167 782 3166 152 152 152 255 
3 3166 782 783 152 152 152 255 
3 3166 783 3165 152 152 152 255 
3 3165 783 784 152 152 152 255 
3 3165 784 3164 152 152 152 255 
3 3164 784 785 152 152 152 255 
3 3164 785 3163 152 152 152 255 
3 3163 785 787 152 152 152 255 
3 3163 787 3162 152 152 152 255 
3 3162 787 789 152 152 152 255 
3 3162 789 3161 152 152 152 255 
3 3161 789 788 152 152 152 255 
3 3161 788 3160 152 152 152 255 
3 3160 788 786 152 152 152 255 
3 3160 786 3159 152 152 152 255 
3 3159 786 780 152 152 152 255 
3 3131 835 3130 152 152 152 255 
3 3130 835 823 152 152 152 255 
3 3130 823 3129 152 152 152 255 
3 3129 823 820 152 152 152 255 
3 3129 820 3128 152 152 152 255 
3 3128 820 807 152 152 152 255 
3 3128 807 1766 152 152 152 255 
3 1766 807 805 152 152 152 255 
3 808 3191 806 152 152 152 255 
3 806 3191 1756 152 152 152 255 
3 3191 808 3190 152 152 152 255 
3 3190 808 849 152 152 152 255 
3 3190 849 3189 152 152 152 255 
3 3189 849 851 152 152 152 255 
3 3189 851 3188 152 152 152 255 
3 3188 851 850 152 152 152 255 
3 3188 850 3187 152 152 152 255 
3 3187 850 848 152 152 152 255 
3 3187 848 3186 152 152 152 255 
3 3186 848 847 152 152 152 255 
3 3186 847 3185 152 152 152 255 
3 3185 847 846 152 152 152 255 
3 3185 846 3220 152 152 152 255 
3 3220 846 845 152 152 152 255 
3 3220 845 3219 152 152 152 255 
3 3219 845 810 152 152 152 255 
3 3219 810 3218 152 152 152 255 
3 3218 810 809 152 152 152 255 
3 3218 809 3217 152 152 152 255 
3 3217 809 819 152 152 152 255 
3 3217 819 3216 152 152 152 255 
3 3216 819 821 152 152 152 255 
3 3216 821 3215 152 152 152 255 
3 3215 821 822 152 152 152 255 
3 3215 822 1746 152 152 152 255 
3 1746 822 824 152 152 152 255 
3 825 834 1755 152 152 152 255 
3 1755 834 3141 152 152 152 255 
3 3141 834 3140 152 152 152 255 
3 3140 834 836 152 152 152 255 
3 3140 836 3139 152 152 152 255 
3 3139 836 837 152 152 152 255 
3 3139 837 3138 152 152 152 255 
3 3138 837 838 152 152 152 255 
3 3138 838 3137 152 152 152 255 
3 3137 838 839 152 152 152 255 
3 3137 839 3136 152 152 152 255 
3 3136 839 840 152 152 152 255 
3 3136 840 3135 152 152 152 255 
3 3135 840 842 152 152 152 255 
3 3135 842 3134 152 152 152 255 
3 3134 842 844 152 152 152 255 
3 3134 844 3133 152 152 152 255 
3 3133 844 843 152 152 152 255 
3 3133 843 3132 152 152 152 255 
3 3132 843 841 152 152 152 255 
3 3132 841 3131 152 152 152 255 
3 3131 841 835 152 152 152 255 
3 1735 890 3155 152 152 152 255 
3 3155 890 860 152 152 152 255 
3 3155 860 3154 152 152 152 255 
3 3154 860 857 152 152 152 255 
3 3154 857 3153 152 152 152 255 
3 3153 857 855 152 152 152 255 
3 3153 855 3152 152 152 152 255 
3 3152 855 879 152 152 152 255 
3 3152 879 3151 152 152 152 255 
3 3151 879 885 152 152 152 255 
3 3151 885 3150 152 152 152 255 
3 3150 885 887 152 152 152 255 
3 3150 887 3149 152 152 152 255 
3 3149 887 888 152 152 152 255 
3 3149 888 3148 152 152 152 255 
3 3148 888 886 152 152 152 255 
3 3148 886 3147 152 152 152 255 
3 3147 886 884 152 152 152 255 
3 3147 884 3146 152 152 152 255 
3 3146 884 883 152 152 152 255 
3 3146 883 3145 152 152 152 255 
3 3145 883 882 152 152 152 255 
3 3145 882 3144 152 152 152 255 
3 3144 882 881 152 152 152 255 
3 3144 881 3143 152 152 152 255 
3 3143 881 880 152 152 152 255 
3 3143 880 3142 152 152 152 255 
3 3142 880 878 152 152 152 255 
3 878 853 3142 152 152 152 255 
3 3142 853 1745 152 152 152 255 
3 1736 854 3214 152 152 152 255 
3 3214 854 856 152 152 152 255 
3 3214 856 3213 152 152 152 255 
3 3213 856 858 152 152 152 255 
3 3213 858 3212 152 152 152 255 
3 3212 858 859 152 152 152 255 
3 3212 859 3211 152 152 152 255 
3 3211 859 861 152 152 152 255 
3 3211 861 3210 152 152 152 255 
3 3210 861 863 152 152 152 255 
3 3210 863 3209 152 152 152 255 
3 3209 863 864 152 152 152 255 
3 3209 864 3205 152 152 152 255 
3 3205 864 865 152 152 152 255 
3 3205 865 3206 152 152 152 255 
3 3206 865 866 152 152 152 255 
3 3206 866 3207 152 152 152 255 
3 3207 866 867 152 152 152 255 
3 3207 867 3208 152 152 152 255 
3 3208 867 869 152 152 152 255 
3 3208 869 3229 152 152 152 255 
3 3229 869 870 152 152 152 255 
3 3229 870 3228 152 152 152 255 
3 3228 870 868 152 152 152 255 
3 3228 868 3227 152 152 152 255 
3 3227 868 862 152 152 152 255 
3 889 1725 862 152 152 152 255 
3 862 1725 3227 152 152 152 255 
3 1632 1010 3183 152 152 152 255 
3 3183 1010 998 152 152 152 255 
3 3183 998 3182 152 152 152 255 
3 3182 998 995 152 152 152 255 
3 3182 995 3181 152 152 152 255 
3 3181 995 982 152 152 152 255 
3 3181 982 3180 152 152 152 255 
3 3180 982 984 152 152 152 255 
3 3180 984 3179 152 152 152 255 
3 3179 984 990 152 152 152 255 
3 3179 990 3178 152 152 152 255 
3 3178 990 992 152 152 152 255 
3 3178 992 3177 152 152 152 255 
3 3177 992 993 152 152 152 255 
3 3177 993 3176 152 152 152 255 
3 3176 993 991 152 152 152 255 
3 3176 991 3175 152 152 152 255 
3 3175 991 989 152 152 152 255 
3 3175 989 3174 152 152 152 255 
3 3174 989 988 152 152 152 255 
3 3174 988 3173 152 152 152 255 
3 3173 988 987 152 152 152 255 
3 3173 987 3172 152 152 152 255 
3 3172 987 986 152 152 152 255 
3 3172 986 3171 152 152 152 255 
3 3171 986 985 152 152 152 255 
3 3171 985 3170 152 152 152 255 
3 3170 985 983 152 152 152 255 
3 983 981 3170 152 152 152 255 
3 3170 981 1643 152 152 152 255 
3 1652 974 3197 152 152 152 255 
3 3197 974 994 152 152 152 255 
3 3197 994 3196 152 152 152 255 
3 3196 994 996 152 152 152 255 
3 3196 996 3195 152 152 152 255 
3 3195 996 997 152 152 152 255 
3 3195 997 3194 152 152 152 255 
3 3194 997 999 152 152 152 255 
3 3194 999 3193 152 152 152 255 
3 3193 999 1001 152 152 152 255 
3 3193 1001 3192 152 152 152 255 
3 3192 1001 1002 152 152 152 255 
3 3192 1002 3184 152 152 152 255 
3 3184 1002 1003 152 152 152 255 
3 3184 1003 3221 152 152 152 255 
3 3221 1003 1004 152 152 152 255 
3 3221 1004 3222 152 152 152 255 
3 3222 1004 1005 152 152 152 255 
3 3222 1005 3223 152 152 152 255 
3 3223 1005 1007 152 152 152 255 
3 3223 1007 3224 152 152 152 255 
3 3224 1007 1008 152 152 152 255 
3 3224 1008 3225 152 152 152 255 
3 3225 1008 1006 152 152 152 255 
3 3225 1006 3226 152 152 152 255 
3 3226 1006 1000 152 152 152 255 
3 1009 1642 1000 152 152 152 255 
3 1000 1642 3226 152 152 152 255 
3 2668 1992 2670 152 152 152 255 
3 2670 1992 1990 152 152 152 255 
3 2670 1990 2481 152 152 152 255 
3 2481 1990 1988 152 152 152 255 
3 2481 1988 1982 152 152 152 255 
3 1992 2668 1994 152 152 152 255 
3 1994 2668 2662 152 152 152 255 
3 1994 2662 2000 152 152 152 255 
3 2000 2662 2650 152 152 152 255 
3 2000 2650 1818 152 152 152 255 
3 1818 2650 2648 152 152 152 255 
3 1818 2648 1820 152 152 152 255 
3 1820 2648 2645 152 152 152 255 
3 1820 2645 1823 152 152 152 255 
3 1823 2645 2633 152 152 152 255 
3 1823 2633 1835 152 152 152 255 
3 1835 2633 2627 152 152 152 255 
3 1835 2627 1841 152 152 152 255 
3 1841 2627 2625 152 152 152 255 
3 1841 2625 1843 152 152 152 255 
3 1843 2625 2622 152 152 152 255 
3 1843 2622 2620 152 152 152 255 
3 1843 2620 1845 152 152 152 255 
3 1845 2620 2614 152 152 152 255 
3 1845 2614 1847 152 152 152 255 
3 1847 2614 2602 152 152 152 255 
3 1847 2602 1853 152 152 152 255 
3 1853 2602 2600 152 152 152 255 
3 1853 2600 1866 152 152 152 255 
3 1866 2600 2597 152 152 152 255 
3 1866 2597 1869 152 152 152 255 
3 1869 2597 2585 152 152 152 255 
3 1869 2585 1872 152 152 152 255 
3 1872 2585 2579 152 152 152 255 
3 1872 2579 1884 152 152 152 255 
3 1884 2579 2577 152 152 152 255 
3 1884 2577 1890 152 152 152 255 
3 1890 2577 2574 152 152 152 255 
3 1890 2574 1892 152 152 152 255 
3 1892 2574 1894 152 152 152 255 
3 1894 2574 2572 152 152 152 255 
3 1894 2572 1896 152 152 152 255 
3 1896 2572 2566 152 152 152 255 
3 1896 2566 1902 152 152 152 255 
3 1902 2566 2554 152 152 152 255 
3 1902 2554 1915 152 152 152 255 
3 1915 2554 2552 152 152 152 255 
3 1915 2552 1918 152 152 152 255 
3 1918 2552 2549 152 152 152 255 
3 1918 2549 1921 152 152 152 255 
3 1921 2549 2537 152 152 152 255 
3 1921 2537 1933 152 152 152 255 
3 1933 2537 2531 152 152 152 255 
3 1933 2531 1939 152 152 152 255 
3 1939 2531 2529 152 152 152 255 
3 1939 2529 1941 152 152 152 255 
3 1941 2529 2526 152 152 152 255 
3 1941 2526 2524 152 152 152 255 
3 1941 2524 1943 152 152 152 255 
3 1943 2524 2518 152 152 152 255 
3 1943 2518 1945 152 152 152 255 
3 1945 2518 2506 152 152 152 255 
3 1945 2506 1951 152 152 152 255 
3 1951 2506 2504 152 152 152 255 
3 1951 2504 1964 152 152 152 255 
3 1964 2504 2501 152 152 152 255 
3 1964 2501 1967 152 152 152 255 
3 1967 2501 2489 152 152 152 255 
3 1967 2489 1970 152 152 152 255 
3 1970 2489 2483 152 152 152 255 
3 1970 2483 1982 152 152 152 255 
3 1982 2483 2481 152 152 152 255 
3 2034 2032 2803 152 152 152 255 
3 2803 2032 2799 152 152 152 255 
3 2799 2032 2030 152 152 152 255 
3 2799 2030 2801 152 152 152 255 
3 2801 2030 2028 152 152 152 255 
3 2801 2028 2802 152 152 152 255 
3 2802 2028 2036 152 152 152 255 
3 2802 2036 2838 152 152 152 255 
3 2838 2036 2038 152 152 152 255 
3 2619 1848 2618 152 152 152 255 
3 2618 1848 1849 152 152 152 255 
3 2618 1849 2617 152 152 152 255 
3 2617 1849 1850 152 152 152 255 
3 2617 1850 2616 152 152 152 255 
3 2616 1850 1851 152 152 152 255 
3 2616 1851 2615 152 152 152 255 
3 2615 1851 1852 152 152 152 255 
3 2615 1852 2613 152 152 152 255 
3 2613 1852 1854 152 152 152 255 
3 2613 1854 2612 152 152 152 255 
3 2612 1854 1855 152 152 152 255 
3 2612 1855 2611 152 152 152 255 
3 2611 1855 1856 152 152 152 255 
3 2611 1856 2610 152 152 152 255 
3 2610 1856 1857 152 152 152 255 
3 2610 1857 2609 152 152 152 255 
3 2609 1857 1858 152 152 152 255 
3 2609 1858 2608 152 152 152 255 
3 2608 1858 1859 152 152 152 255 
3 2608 1859 2607 152 152 152 255 
3 2607 1859 1860 152 152 152 255 
3 2607 1860 2606 152 152 152 255 
3 2606 1860 1861 152 152 152 255 
3 2606 1861 2605 152 152 152 255 
3 2605 1861 1862 152 152 152 255 
3 2605 1862 2604 152 152 152 255 
3 2604 1862 1863 152 152 152 255 
3 2604 1863 2603 152 152 152 255 
3 2603 1863 1864 152 152 152 255 
3 2603 1864 2601 152 152 152 255 
3 2601 1864 1865 152 152 152 255 
3 2601 1865 2142 152 152 152 255 
3 2601 2142 2820 152 152 152 255 
3 2820 2142 2143 152 152 152 255 
3 2820 2143 2819 152 152 152 255 
3 2819 2143 2144 152 152 152 255 
3 2819 2144 2818 152 152 152 255 
3 2818 2144 2145 152 152 152 255 
3 2818 2145 2817 152 152 152 255 
3 2817 2145 2146 152 152 152 255 
3 2817 2146 2816 152 152 152 255 
3 2816 2146 2147 152 152 152 255 
3 2816 2147 2815 152 152 152 255 
3 2815 2147 2148 152 152 152 255 
3 2815 2148 2814 152 152 152 255 
3 2814 2148 2149 152 152 152 255 
3 2814 2149 2813 152 152 152 255 
3 2813 2149 2150 152 152 152 255 
3 2813 2150 2812 152 152 152 255 
3 2812 2150 2151 152 152 152 255 
3 2812 2151 2811 152 152 152 255 
3 2811 2151 2152 152 152 152 255 
3 2811 2152 2809 152 152 152 255 
3 2809 2152 2153 152 152 152 255 
3 2809 2153 2808 152 152 152 255 
3 2808 2153 2154 152 152 152 255 
3 2808 2154 2807 152 152 152 255 
3 2807 2154 2155 152 152 152 255 
3 2807 2155 2806 152 152 152 255 
3 2806 2155 2035 152 152 152 255 
3 2806 2035 2805 152 152 152 255 
3 2805 2035 2034 152 152 152 255 
3 2805 2034 2803 152 152 152 255 
3 1839 1840 2626 152 152 152 255 
3 2626 1840 2624 152 152 152 255 
3 2624 1840 1842 152 152 152 255 
3 2624 1842 2623 152 152 152 255 
3 2623 1842 1844 152 152 152 255 
3 2623 1844 2621 152 152 152 255 
3 2621 1844 1846 152 152 152 255 
3 2621 1846 2619 152 152 152 255 
3 2619 1846 1848 152 152 152 255 
3 2838 2038 2837 152 152 152 255 
3 2837 2038 2039 152 152 152 255 
3 2837 2039 2836 152 152 152 255 
3 2836 2039 2040 152 152 152 255 
3 2836 2040 2835 152 152 152 255 
3 2835 2040 2041 152 152 152 255 
3 2835 2041 2834 152 152 152 255 
3 2834 2041 2042 152 152 152 255 
3 2834 2042 2832 152 152 152 255 
3 2832 2042 2044 152 152 152 255 
3 2832 2044 2831 152 152 152 255 
3 2831 2044 2045 152 152 152 255 
3 2831 2045 2830 152 152 152 255 
3 2830 2045 2046 152 152 152 255 
3 2830 2046 2829 152 152 152 255 
3 2829 2046 2047 152 152 152 255 
3 2829 2047 2828 152 152 152 255 
3 2828 2047 2048 152 152 152 255 
3 2828 2048 2827 152 152 152 255 
3 2827 2048 2049 152 152 152 255 
3 2827 2049 2826 152 152 152 255 
3 2826 2049 2050 152 152 152 255 
3 2826 2050 2825 152 152 152 255 
3 2825 2050 2051 152 152 152 255 
3 2825 2051 2824 152 152 152 255 
3 2824 2051 2052 152 152 152 255 
3 2824 2052 2823 152 152 152 255 
3 2823 2052 2053 152 152 152 255 
3 2823 2053 2822 152 152 152 255 
3 2822 2053 2054 152 152 152 255 
3 2822 2054 2644 152 152 152 255 
3 2644 2054 1821 152 152 152 255 
3 2644 1821 1822 152 152 152 255 
3 2644 1822 2643 152 152 152 255 
3 2643 1822 1824 152 152 152 255 
3 2643 1824 2642 152 152 152 255 
3 2642 1824 1825 152 152 152 255 
3 2642 1825 2641 152 152 152 255 
3 2641 1825 1826 152 152 152 255 
3 2641 1826 2640 152 152 152 255 
3 2640 1826 1827 152 152 152 255 
3 2640 1827 2639 152 152 152 255 
3 2639 1827 1828 152 152 152 255 
3 2639 1828 2638 152 152 152 255 
3 2638 1828 1829 152 152 152 255 
3 2638 1829 2637 152 152 152 255 
3 2637 1829 1830 152 152 152 255 
3 2637 1830 2636 152 152 152 255 
3 2636 1830 1831 152 152 152 255 
3 2636 1831 2635 152 152 152 255 
3 2635 1831 1832 152 152 152 255 
3 2635 1832 2634 152 152 152 255 
3 2634 1832 1833 152 152 152 255 
3 2634 1833 2632 152 152 152 255 
3 2632 1833 1834 152 152 152 255 
3 2632 1834 2631 152 152 152 255 
3 2631 1834 1836 152 152 152 255 
3 2631 1836 2630 152 152 152 255 
3 2630 1836 1837 152 152 152 255 
3 2630 1837 2629 152 152 152 255 
3 2629 1837 1838 152 152 152 255 
3 2629 1838 2628 152 152 152 255 
3 2628 1838 1839 152 152 152 255 
3 2628 1839 2626 152 152 152 255 
3 1799 1797 2689 152 152 152 255 
3 2689 1797 2691 152 152 152 255 
3 2691 1797 1795 152 152 152 255 
3 2691 1795 2693 152 152 152 255 
3 2693 1795 1793 152 152 152 255 
3 2693 1793 2694 152 152 152 255 
3 2694 1793 1791 152 152 152 255 
3 2694 1791 2696 152 152 152 255 
3 2696 1791 1789 152 152 152 255 
3 2667 1995 2666 152 152 152 255 
3 2666 1995 1996 152 152 152 255 
3 2666 1996 2665 152 152 152 255 
3 2665 1996 1997 152 152 152 255 
3 2665 1997 2664 152 152 152 255 
3 2664 1997 1998 152 152 152 255 
3 2664 1998 2663 152 152 152 255 
3 2663 1998 1999 152 152 152 255 
3 2663 1999 2661 152 152 152 255 
3 2661 1999 2001 152 152 152 255 
3 2661 2001 2660 152 152 152 255 
3 2660 2001 2002 152 152 152 255 
3 2660 2002 2659 152 152 152 255 
3 2659 2002 2003 152 152 152 255 
3 2659 2003 2658 152 152 152 255 
3 2658 2003 2004 152 152 152 255 
3 2658 2004 2657 152 152 152 255 
3 2657 2004 2005 152 152 152 255 
3 2657 2005 2656 152 152 152 255 
3 2656 2005 2006 152 152 152 255 
3 2656 2006 2655 152 152 152 255 
3 2655 2006 2007 152 152 152 255 
3 2655 2007 2654 152 152 152 255 
3 2654 2007 2008 152 152 152 255 
3 2654 2008 2653 152 152 152 255 
3 2653 2008 2009 152 152 152 255 
3 2653 2009 2652 152 152 152 255 
3 2652 2009 2010 152 152 152 255 
3 2652 2010 2651 152 152 152 255 
3 2651 2010 2011 152 152 152 255 
3 2651 2011 2649 152 152 152 255 
3 2649 2011 1816 152 152 152 255 
3 2649 1816 1815 152 152 152 255 
3 2649 1815 2673 152 152 152 255 
3 2673 1815 1814 152 152 152 255 
3 2673 1814 2674 152 152 152 255 
3 2674 1814 1813 152 152 152 255 
3 2674 1813 2675 152 152 152 255 
3 2675 1813 1812 152 152 152 255 
3 2675 1812 2676 152 152 152 255 
3 2676 1812 1811 152 152 152 255 
3 2676 1811 2677 152 152 152 255 
3 2677 1811 1810 152 152 152 255 
3 2677 1810 2678 152 152 152 255 
3 2678 1810 1809 152 152 152 255 
3 2678 1809 2679 152 152 152 255 
3 2679 1809 1808 152 152 152 255 
3 2679 1808 2680 152 152 152 255 
3 2680 1808 1807 152 152 152 255 
3 2680 1807 2681 152 152 152 255 
3 2681 1807 1806 152 152 152 255 
3 2681 1806 2682 152 152 152 255 
3 2682 1806 1805 152 152 152 255 
3 2682 1805 2683 152 152 152 255 
3 2683 1805 1803 152 152 152 255 
3 2683 1803 2685 152 152 152 255 
3 2685 1803 1802 152 152 152 255 
3 2685 1802 2686 152 152 152 255 
3 2686 1802 1801 152 152 152 255 
3 2686 1801 2687 152 152 152 255 
3 2687 1801 1800 152 152 152 255 
3 2687 1800 2688 152 152 152 255 
3 2688 1800 1799 152 152 152 255 
3 2688 1799 2689 152 152 152 255 
3 1986 1987 2482 152 152 152 255 
3 2482 1987 2480 152 152 152 255 
3 2480 1987 1989 152 152 152 255 
3 2480 1989 2671 152 152 152 255 
3 2671 1989 1991 152 152 152 255 
3 2671 1991 2669 152 152 152 255 
3 2669 1991 1993 152 152 152 255 
3 2669 1993 2667 152 152 152 255 
3 2667 1993 1995 152 152 152 255 
3 2696 1789 2698 152 152 152 255 
3 2698 1789 1788 152 152 152 255 
3 2698 1788 2699 152 152 152 255 
3 2699 1788 2026 152 152 152 255 
3 2699 2026 2700 152 152 152 255 
3 2700 2026 2025 152 152 152 255 
3 2700 2025 2701 152 152 152 255 
3 2701 2025 2024 152 152 152 255 
3 2701 2024 2702 152 152 152 255 
3 2702 2024 2023 152 152 152 255 
3 2702 2023 2704 152 152 152 255 
3 2704 2023 2022 152 152 152 255 
3 2704 2022 2705 152 152 152 255 
3 2705 2022 2021 152 152 152 255 
3 2705 2021 2706 152 152 152 255 
3 2706 2021 2020 152 152 152 255 
3 2706 2020 2707 152 152 152 255 
3 2707 2020 2019 152 152 152 255 
3 2707 2019 2708 152 152 152 255 
3 2708 2019 2018 152 152 152 255 
3 2708 2018 2709 152 152 152 255 
3 2709 2018 2017 152 152 152 255 
3 2709 2017 2710 152 152 152 255 
3 2710 2017 2016 152 152 152 255 
3 2710 2016 2711 152 152 152 255 
3 2711 2016 2015 152 152 152 255 
3 2711 2015 2712 152 152 152 255 
3 2712 2015 2014 152 152 152 255 
3 2712 2014 2713 152 152 152 255 
3 2713 2014 2012 152 152 152 255 
3 2713 2012 2500 152 152 152 255 
3 2500 2012 1968 152 152 152 255 
3 2500 1968 1969 152 152 152 255 
3 2500 1969 2499 152 152 152 255 
3 2499 1969 1971 152 152 152 255 
3 2499 1971 2498 152 152 152 255 
3 2498 1971 1972 152 152 152 255 
3 2498 1972 2497 152 152 152 255 
3 2497 1972 1973 152 152 152 255 
3 2497 1973 2496 152 152 152 255 
3 2496 1973 1974 152 152 152 255 
3 2496 1974 2495 152 152 152 255 
3 2495 1974 1975 152 152 152 255 
3 2495 1975 2494 152 152 152 255 
3 2494 1975 1976 152 152 152 255 
3 2494 1976 2493 152 152 152 255 
3 2493 1976 1977 152 152 152 255 
3 2493 1977 2492 152 152 152 255 
3 2492 1977 1978 152 152 152 255 
3 2492 1978 2491 152 152 152 255 
3 2491 1978 1979 152 152 152 255 
3 2491 1979 2490 152 152 152 255 
3 2490 1979 1980 152 152 152 255 
3 2490 1980 2488 152 152 152 255 
3 2488 1980 1981 152 152 152 255 
3 2488 1981 2487 152 152 152 255 
3 2487 1981 1983 152 152 152 255 
3 2487 1983 2486 152 152 152 255 
3 2486 1983 1984 152 152 152 255 
3 2486 1984 2485 152 152 152 255 
3 2485 1984 1985 152 152 152 255 
3 2485 1985 2484 152 152 152 255 
3 2484 1985 1986 152 152 152 255 
3 2484 1986 2482 152 152 152 255 
3 2115 2116 2731 152 152 152 255 
3 2731 2116 2733 152 152 152 255 
3 2733 2116 2118 152 152 152 255 
3 2733 2118 2735 152 152 152 255 
3 2735 2118 2120 152 152 152 255 
3 2735 2120 2736 152 152 152 255 
3 2736 2120 2122 152 152 152 255 
3 2736 2122 2738 152 152 152 255 
3 2738 2122 2124 152 152 152 255 
3 2571 1897 2570 152 152 152 255 
3 2570 1897 1898 152 152 152 255 
3 2570 1898 2569 152 152 152 255 
3 2569 1898 1899 152 152 152 255 
3 2569 1899 2568 152 152 152 255 
3 2568 1899 1900 152 152 152 255 
3 2568 1900 2567 152 152 152 255 
3 2567 1900 1901 152 152 152 255 
3 2567 1901 2565 152 152 152 255 
3 2565 1901 1903 152 152 152 255 
3 2565 1903 2564 152 152 152 255 
3 2564 1903 1904 152 152 152 255 
3 2564 1904 2563 152 152 152 255 
3 2563 1904 1905 152 152 152 255 
3 2563 1905 2562 152 152 152 255 
3 2562 1905 1906 152 152 152 255 
3 2562 1906 2561 152 152 152 255 
3 2561 1906 1907 152 152 152 255 
3 2561 1907 2560 152 152 152 255 
3 2560 1907 1908 152 152 152 255 
3 2560 1908 2559 152 152 152 255 
3 2559 1908 1909 152 152 152 255 
3 2559 1909 2558 152 152 152 255 
3 2558 1909 1910 152 152 152 255 
3 2558 1910 2557 152 152 152 255 
3 2557 1910 1911 152 152 152 255 
3 2557 1911 2556 152 152 152 255 
3 2556 1911 1912 152 152 152 255 
3 2556 1912 2555 152 152 152 255 
3 2555 1912 1913 152 152 152 255 
3 2555 1913 2553 152 152 152 255 
3 2553 1913 1914 152 152 152 255 
3 2553 1914 2099 152 152 152 255 
3 2553 2099 2715 152 152 152 255 
3 2715 2099 2100 152 152 152 255 
3 2715 2100 2716 152 152 152 255 
3 2716 2100 2101 152 152 152 255 
3 2716 2101 2717 152 152 152 255 
3 2717 2101 2102 152 152 152 255 
3 2717 2102 2718 152 152 152 255 
3 2718 2102 2103 152 152 152 255 
3 2718 2103 2719 152 152 152 255 
3 2719 2103 2104 152 152 152 255 
3 2719 2104 2720 152 152 152 255 
3 2720 2104 2105 152 152 152 255 
3 2720 2105 2721 152 152 152 255 
3 2721 2105 2106 152 152 152 255 
3 2721 2106 2722 152 152 152 255 
3 2722 2106 2107 152 152 152 255 
3 2722 2107 2723 152 152 152 255 
3 2723 2107 2108 152 152 152 255 
3 2723 2108 2724 152 152 152 255 
3 2724 2108 2109 152 152 152 255 
3 2724 2109 2725 152 152 152 255 
3 2725 2109 2110 152 152 152 255 
3 2725 2110 2727 152 152 152 255 
3 2727 2110 2112 152 152 152 255 
3 2727 2112 2728 152 152 152 255 
3 2728 2112 2113 152 152 152 255 
3 2728 2113 2729 152 152 152 255 
3 2729 2113 2114 152 152 152 255 
3 2729 2114 2730 152 152 152 255 
3 2730 2114 2115 152 152 152 255 
3 2730 2115 2731 152 152 152 255 
3 1888 1889 2578 152 152 152 255 
3 2578 1889 2576 152 152 152 255 
3 2576 1889 1891 152 152 152 255 
3 2576 1891 2575 152 152 152 255 
3 2575 1891 1893 152 152 152 255 
3 2575 1893 2573 152 152 152 255 
3 2573 1893 1895 152 152 152 255 
3 2573 1895 2571 152 152 152 255 
3 2571 1895 1897 152 152 152 255 
3 2738 2124 2740 152 152 152 255 
3 2740 2124 2125 152 152 152 255 
3 2740 2125 2741 152 152 152 255 
3 2741 2125 2126 152 152 152 255 
3 2741 2126 2742 152 152 152 255 
3 2742 2126 2127 152 152 152 255 
3 2742 2127 2743 152 152 152 255 
3 2743 2127 2128 152 152 152 255 
3 2743 2128 2744 152 152 152 255 
3 2744 2128 2130 152 152 152 255 
3 2744 2130 2746 152 152 152 255 
3 2746 2130 2131 152 152 152 255 
3 2746 2131 2747 152 152 152 255 
3 2747 2131 2132 152 152 152 255 
3 2747 2132 2748 152 152 152 255 
3 2748 2132 2133 152 152 152 255 
3 2748 2133 2749 152 152 152 255 
3 2749 2133 2134 152 152 152 255 
3 2749 2134 2750 152 152 152 255 
3 2750 2134 2135 152 152 152 255 
3 2750 2135 2751 152 152 152 255 
3 2751 2135 2136 152 152 152 255 
3 2751 2136 2752 152 152 152 255 
3 2752 2136 2137 152 152 152 255 
3 2752 2137 2753 152 152 152 255 
3 2753 2137 2138 152 152 152 255 
3 2753 2138 2754 152 152 152 255 
3 2754 2138 2139 152 152 152 255 
3 2754 2139 2755 152 152 152 255 
3 2755 2139 2140 152 152 152 255 
3 2755 2140 2596 152 152 152 255 
3 2596 2140 1870 152 152 152 255 
3 2596 1870 1871 152 152 152 255 
3 2596 1871 2595 152 152 152 255 
3 2595 1871 1873 152 152 152 255 
3 2595 1873 2594 152 152 152 255 
3 2594 1873 1874 152 152 152 255 
3 2594 1874 2593 152 152 152 255 
3 2593 1874 1875 152 152 152 255 
3 2593 1875 2592 152 152 152 255 
3 2592 1875 1876 152 152 152 255 
3 2592 1876 2591 152 152 152 255 
3 2591 1876 1877 152 152 152 255 
3 2591 1877 2590 152 152 152 255 
3 2590 1877 1878 152 152 152 255 
3 2590 1878 2589 152 152 152 255 
3 2589 1878 1879 152 152 152 255 
3 2589 1879 2588 152 152 152 255 
3 2588 1879 1880 152 152 152 255 
3 2588 1880 2587 152 152 152 255 
3 2587 1880 1881 152 152 152 255 
3 2587 1881 2586 152 152 152 255 
3 2586 1881 1882 152 152 152 255 
3 2586 1882 2584 152 152 152 255 
3 2584 1882 1883 152 152 152 255 
3 2584 1883 2583 152 152 152 255 
3 2583 1883 1885 152 152 152 255 
3 2583 1885 2582 152 152 152 255 
3 2582 1885 1886 152 152 152 255 
3 2582 1886 2581 152 152 152 255 
3 2581 1886 1887 152 152 152 255 
3 2581 1887 2580 152 152 152 255 
3 2580 1887 1888 152 152 152 255 
3 2580 1888 2578 152 152 152 255 
3 2072 2073 2765 152 152 152 255 
3 2765 2073 2763 152 152 152 255 
3 2763 2073 2075 152 152 152 255 
3 2763 2075 2762 152 152 152 255 
3 2762 2075 2077 152 152 152 255 
3 2762 2077 2760 152 152 152 255 
3 2760 2077 2079 152 152 152 255 
3 2760 2079 2758 152 152 152 255 
3 2758 2079 2081 152 152 152 255 
3 2523 1946 2522 152 152 152 255 
3 2522 1946 1947 152 152 152 255 
3 2522 1947 2521 152 152 152 255 
3 2521 1947 1948 152 152 152 255 
3 2521 1948 2520 152 152 152 255 
3 2520 1948 1949 152 152 152 255 
3 2520 1949 2519 152 152 152 255 
3 2519 1949 1950 152 152 152 255 
3 2519 1950 2517 152 152 152 255 
3 2517 1950 1952 152 152 152 255 
3 2517 1952 2516 152 152 152 255 
3 2516 1952 1953 152 152 152 255 
3 2516 1953 2515 152 152 152 255 
3 2515 1953 1954 152 152 152 255 
3 2515 1954 2514 152 152 152 255 
3 2514 1954 1955 152 152 152 255 
3 2514 1955 2513 152 152 152 255 
3 2513 1955 1956 152 152 152 255 
3 2513 1956 2512 152 152 152 255 
3 2512 1956 1957 152 152 152 255 
3 2512 1957 2511 152 152 152 255 
3 2511 1957 1958 152 152 152 255 
3 2511 1958 2510 152 152 152 255 
3 2510 1958 1959 152 152 152 255 
3 2510 1959 2509 152 152 152 255 
3 2509 1959 1960 152 152 152 255 
3 2509 1960 2508 152 152 152 255 
3 2508 1960 1961 152 152 152 255 
3 2508 1961 2507 152 152 152 255 
3 2507 1961 1962 152 152 152 255 
3 2507 1962 2505 152 152 152 255 
3 2505 1962 1963 152 152 152 255 
3 2505 1963 2056 152 152 152 255 
3 2505 2056 2782 152 152 152 255 
3 2782 2056 2057 152 152 152 255 
3 2782 2057 2781 152 152 152 255 
3 2781 2057 2058 152 152 152 255 
3 2781 2058 2780 152 152 152 255 
3 2780 2058 2059 152 152 152 255 
3 2780 2059 2779 152 152 152 255 
3 2779 2059 2060 152 152 152 255 
3 2779 2060 2778 152 152 152 255 
3 2778 2060 2061 152 152 152 255 
3 2778 2061 2777 152 152 152 255 
3 2777 2061 2062 152 152 152 255 
3 2777 2062 2776 152 152 152 255 
3 2776 2062 2063 152 152 152 255 
3 2776 2063 2775 152 152 152 255 
3 2775 2063 2064 152 152 152 255 
3 2775 2064 2774 152 152 152 255 
3 2774 2064 2065 152 152 152 255 
3 2774 2065 2773 152 152 152 255 
3 2773 2065 2066 152 152 152 255 
3 2773 2066 2771 152 152 152 255 
3 2771 2066 2067 152 152 152 255 
3 2771 2067 2770 152 152 152 255 
3 2770 2067 2069 152 152 152 255 
3 2770 2069 2769 152 152 152 255 
3 2769 2069 2070 152 152 152 255 
3 2769 2070 2768 152 152 152 255 
3 2768 2070 2071 152 152 152 255 
3 2768 2071 2767 152 152 152 255 
3 2767 2071 2072 152 152 152 255 
3 2767 2072 2765 152 152 152 255 
3 1937 1938 2530 152 152 152 255 
3 2530 1938 2528 152 152 152 255 
3 2528 1938 1940 152 152 152 255 
3 2528 1940 2527 152 152 152 255 
3 2527 1940 1942 152 152 152 255 
3 2527 1942 2525 152 152 152 255 
3 2525 1942 1944 152 152 152 255 
3 2525 1944 2523 152 152 152 255 
3 2523 1944 1946 152 152 152 255 
3 2758 2081 2756 152 152 152 255 
3 2756 2081 2082 152 152 152 255 
3 2756 2082 2783 152 152 152 255 
3 2783 2082 2083 152 152 152 255 
3 2783 2083 2784 152 152 152 255 
3 2784 2083 2084 152 152 152 255 
3 2784 2084 2785 152 152 152 255 
3 2785 2084 2085 152 152 152 255 
3 2785 2085 2786 152 152 152 255 
3 2786 2085 2087 152 152 152 255 
3 2786 2087 2788 152 152 152 255 
3 2788 2087 2088 152 152 152 255 
3 2788 2088 2789 152 152 152 255 
3 2789 2088 2089 152 152 152 255 
3 2789 2089 2790 152 152 152 255 
3 2790 2089 2090 152 152 152 255 
3 2790 2090 2791 152 152 152 255 
3 2791 2090 2091 152 152 152 255 
3 2791 2091 2792 152 152 152 255 
3 2792 2091 2092 152 152 152 255 
3 2792 2092 2793 152 152 152 255 
3 2793 2092 2093 152 152 152 255 
3 2793 2093 2794 152 152 152 255 
3 2794 2093 2094 152 152 152 255 
3 2794 2094 2795 152 152 152 255 
3 2795 2094 2095 152 152 152 255 
3 2795 2095 2796 152 152 152 255 
3 2796 2095 2096 152 152 152 255 
3 2796 2096 2797 152 152 152 255 
3 2797 2096 2097 152 152 152 255 
3 2797 2097 2548 152 152 152 255 
3 2548 2097 1919 152 152 152 255 
3 2548 1919 1920 152 152 152 255 
3 2548 1920 2547 152 152 152 255 
3 2547 1920 1922 152 152 152 255 
3 2547 1922 2546 152 152 152 255 
3 2546 1922 1923 152 152 152 255 
3 2546 1923 2545 152 152 152 255 
3 2545 1923 1924 152 152 152 255 
3 2545 1924 2544 152 152 152 255 
3 2544 1924 1925 152 152 152 255 
3 2544 1925 2543 152 152 152 255 
3 2543 1925 1926 152 152 152 255 
3 2543 1926 2542 152 152 152 255 
3 2542 1926 1927 152 152 152 255 
3 2542 1927 2541 152 152 152 255 
3 2541 1927 1928 152 152 152 255 
3 2541 1928 2540 152 152 152 255 
3 2540 1928 1929 152 152 152 255 
3 2540 1929 2539 152 152 152 255 
3 2539 1929 1930 152 152 152 255 
3 2539 1930 2538 152 152 152 255 
3 2538 1930 1931 152 152 152 255 
3 2538 1931 2536 152 152 152 255 
3 2536 1931 1932 152 152 152 255 
3 2536 1932 2535 152 152 152 255 
3 2535 1932 1934 152 152 152 255 
3 2535 1934 2534 152 152 152 255 
3 2534 1934 1935 152 152 152 255 
3 2534 1935 2533 152 152 152 255 
3 2533 1935 1936 152 152 152 255 
3 2533 1936 2532 152 152 152 255 
3 2532 1936 1937 152 152 152 255 
3 2532 1937 2530 152 152 152 255 
