ply
format ascii 1.0
comment VCGLIB generated
element vertex 2411
property float x
property float y
property float z
property uchar red
property uchar green
property uchar blue
property uchar alpha
element face 4838
property list uchar int vertex_indices
property uchar red
property uchar green
property uchar blue
property uchar alpha
end_header
-0.1836196 -0.07820328 0.04763738 33 33 33 255 
-0.1836196 -0.08703662 0.04763738 33 33 33 255 
-0.1836519 -0.07820328 0.04723635 33 33 33 255 
-0.1836519 -0.08703662 0.04723635 33 33 33 255 
-0.1836196 -0.07820328 0.04683533 33 33 33 255 
-0.1836196 -0.08703662 0.04683533 33 33 33 255 
-0.1835233 -0.07820328 0.04644468 33 33 33 255 
-0.1835233 -0.08703662 0.04644468 33 33 33 255 
-0.1833656 -0.07820328 0.04607455 33 33 33 255 
-0.1833656 -0.08703662 0.04607455 33 33 33 255 
-0.1831505 -0.07820328 0.04573449 33 33 33 255 
-0.1831505 -0.08703662 0.04573449 33 33 33 255 
-0.1828837 -0.07820328 0.04543335 33 33 33 255 
-0.1828837 -0.08703662 0.04543335 33 33 33 255 
-0.1825721 -0.07820328 0.04517889 33 33 33 255 
-0.1825721 -0.08703662 0.04517889 33 33 33 255 
-0.1822237 -0.07820328 0.04497773 33 33 33 255 
-0.1822237 -0.08703662 0.04497773 33 33 33 255 
-0.1818475 -0.07820328 0.04483506 33 33 33 255 
-0.1818475 -0.08703662 0.04483506 33 33 33 255 
-0.1814533 -0.07820328 0.04475458 33 33 33 255 
-0.1814533 -0.08703662 0.04475458 33 33 33 255 
-0.1810513 -0.07820328 0.04473838 33 33 33 255 
-0.1810513 -0.08703662 0.04473838 33 33 33 255 
-0.1806519 -0.07820328 0.04478687 33 33 33 255 
-0.1806519 -0.08703662 0.04478687 33 33 33 255 
-0.1802654 -0.07820328 0.04489882 33 33 33 255 
-0.1802654 -0.08703662 0.04489882 33 33 33 255 
-0.1799019 -0.07820328 0.04507129 33 33 33 255 
-0.1799019 -0.08703662 0.04507129 33 33 33 255 
-0.1795708 -0.07820328 0.04529984 33 33 33 255 
-0.1795708 -0.08703662 0.04529984 33 33 33 255 
-0.1792807 -0.07820328 0.04557855 33 33 33 255 
-0.1792807 -0.08703662 0.04557855 33 33 33 255 
-0.179039 -0.07820328 0.04590019 33 33 33 255 
-0.179039 -0.08703662 0.04590019 33 33 33 255 
-0.178852 -0.07820328 0.04625644 33 33 33 255 
-0.178852 -0.08703662 0.04625644 33 33 33 255 
-0.1787246 -0.07820328 0.04663806 33 33 33 255 
-0.1787246 -0.08703662 0.04663806 33 33 33 255 
-0.17866 -0.07820328 0.04703519 33 33 33 255 
-0.17866 -0.08703662 0.04703519 33 33 33 255 
-0.17866 -0.07820328 0.04743752 33 33 33 255 
-0.17866 -0.08703662 0.04743752 33 33 33 255 
-0.1787246 -0.07820328 0.04783464 33 33 33 255 
-0.1787246 -0.08703662 0.04783464 33 33 33 255 
-0.178852 -0.07820328 0.04821627 33 33 33 255 
-0.178852 -0.08703662 0.04821627 33 33 33 255 
-0.179039 -0.07820328 0.04857252 33 33 33 255 
-0.179039 -0.08703662 0.04857252 33 33 33 255 
-0.1792807 -0.07820328 0.04889416 33 33 33 255 
-0.1792807 -0.08703662 0.04889416 33 33 33 255 
-0.1795708 -0.07820328 0.04917287 33 33 33 255 
-0.1795708 -0.08703662 0.04917287 33 33 33 255 
-0.1799019 -0.07820328 0.04940142 33 33 33 255 
-0.1799019 -0.08703662 0.04940142 33 33 33 255 
-0.1802654 -0.07820328 0.04957389 33 33 33 255 
-0.1802654 -0.08703662 0.04957389 33 33 33 255 
-0.1806519 -0.07820328 0.04968583 33 33 33 255 
-0.1806519 -0.08703662 0.04968583 33 33 33 255 
-0.1810513 -0.07820328 0.04973432 33 33 33 255 
-0.1810513 -0.08703662 0.04973432 33 33 33 255 
-0.1814533 -0.07820328 0.04971813 33 33 33 255 
-0.1814533 -0.08703662 0.04971813 33 33 33 255 
-0.1818475 -0.07820328 0.04963765 33 33 33 255 
-0.1818475 -0.08703662 0.04963765 33 33 33 255 
-0.1822237 -0.07820328 0.04949498 33 33 33 255 
-0.1822237 -0.08703662 0.04949498 33 33 33 255 
-0.1825721 -0.07820328 0.04929382 33 33 33 255 
-0.1825721 -0.08703662 0.04929382 33 33 33 255 
-0.1828837 -0.07820328 0.04903936 33 33 33 255 
-0.1828837 -0.08703662 0.04903936 33 33 33 255 
-0.1831505 -0.07820328 0.04873821 33 33 33 255 
-0.1831505 -0.08703662 0.04873821 33 33 33 255 
-0.1833656 -0.07820328 0.04839816 33 33 33 255 
-0.1833656 -0.08703662 0.04839816 33 33 33 255 
-0.1835233 -0.07820328 0.04802802 33 33 33 255 
-0.1835233 -0.08703662 0.04802802 33 33 33 255 
-0.1836196 -0.1047033 0.04683533 33 33 33 255 
-0.1836196 -0.09586997 0.04683533 33 33 33 255 
-0.1836519 -0.1047033 0.04723635 33 33 33 255 
-0.1836519 -0.09586997 0.04723635 33 33 33 255 
-0.1836196 -0.1047033 0.04763738 33 33 33 255 
-0.1836196 -0.09586997 0.04763738 33 33 33 255 
-0.1835233 -0.1047033 0.04802802 33 33 33 255 
-0.1835233 -0.09586997 0.04802802 33 33 33 255 
-0.1833656 -0.1047033 0.04839816 33 33 33 255 
-0.1833656 -0.09586997 0.04839816 33 33 33 255 
-0.1831505 -0.1047033 0.04873821 33 33 33 255 
-0.1831505 -0.09586997 0.04873821 33 33 33 255 
-0.1828837 -0.1047033 0.04903936 33 33 33 255 
-0.1828837 -0.09586997 0.04903936 33 33 33 255 
-0.1825721 -0.1047033 0.04929382 33 33 33 255 
-0.1825721 -0.09586997 0.04929382 33 33 33 255 
-0.1822237 -0.1047033 0.04949498 33 33 33 255 
-0.1822237 -0.09586997 0.04949498 33 33 33 255 
-0.1818475 -0.1047033 0.04963765 33 33 33 255 
-0.1818475 -0.09586997 0.04963765 33 33 33 255 
-0.1814533 -0.1047033 0.04971813 33 33 33 255 
-0.1814533 -0.09586997 0.04971813 33 33 33 255 
-0.1810513 -0.1047033 0.04973432 33 33 33 255 
-0.1810513 -0.09586997 0.04973432 33 33 33 255 
-0.1806519 -0.1047033 0.04968583 33 33 33 255 
-0.1806519 -0.09586997 0.04968583 33 33 33 255 
-0.1802654 -0.1047033 0.04957389 33 33 33 255 
-0.1802654 -0.09586997 0.04957389 33 33 33 255 
-0.1799019 -0.1047033 0.04940142 33 33 33 255 
-0.1799019 -0.09586997 0.04940142 33 33 33 255 
-0.1795708 -0.1047033 0.04917287 33 33 33 255 
-0.1795708 -0.09586997 0.04917287 33 33 33 255 
-0.1792807 -0.1047033 0.04889416 33 33 33 255 
-0.1792807 -0.09586997 0.04889416 33 33 33 255 
-0.179039 -0.1047033 0.04857252 33 33 33 255 
-0.179039 -0.09586997 0.04857252 33 33 33 255 
-0.178852 -0.1047033 0.04821627 33 33 33 255 
-0.178852 -0.09586997 0.04821627 33 33 33 255 
-0.1787246 -0.1047033 0.04783464 33 33 33 255 
-0.1787246 -0.09586997 0.04783464 33 33 33 255 
-0.17866 -0.1047033 0.04743752 33 33 33 255 
-0.17866 -0.09586997 0.04743752 33 33 33 255 
-0.17866 -0.1047033 0.04703519 33 33 33 255 
-0.17866 -0.09586997 0.04703519 33 33 33 255 
-0.1787246 -0.1047033 0.04663806 33 33 33 255 
-0.1787246 -0.09586997 0.04663806 33 33 33 255 
-0.178852 -0.1047033 0.04625644 33 33 33 255 
-0.178852 -0.09586997 0.04625644 33 33 33 255 
-0.179039 -0.1047033 0.04590019 33 33 33 255 
-0.179039 -0.09586997 0.04590019 33 33 33 255 
-0.1792807 -0.1047033 0.04557855 33 33 33 255 
-0.1792807 -0.09586997 0.04557855 33 33 33 255 
-0.1795708 -0.1047033 0.04529984 33 33 33 255 
-0.1795708 -0.09586997 0.04529984 33 33 33 255 
-0.1799019 -0.1047033 0.04507129 33 33 33 255 
-0.1799019 -0.09586997 0.04507129 33 33 33 255 
-0.1802654 -0.1047033 0.04489882 33 33 33 255 
-0.1802654 -0.09586997 0.04489882 33 33 33 255 
-0.1806519 -0.1047033 0.04478687 33 33 33 255 
-0.1806519 -0.09586997 0.04478687 33 33 33 255 
-0.1810513 -0.1047033 0.04473838 33 33 33 255 
-0.1810513 -0.09586997 0.04473838 33 33 33 255 
-0.1814533 -0.1047033 0.04475458 33 33 33 255 
-0.1814533 -0.09586997 0.04475458 33 33 33 255 
-0.1818475 -0.1047033 0.04483506 33 33 33 255 
-0.1818475 -0.09586997 0.04483506 33 33 33 255 
-0.1822237 -0.1047033 0.04497773 33 33 33 255 
-0.1822237 -0.09586997 0.04497773 33 33 33 255 
-0.1825721 -0.1047033 0.04517889 33 33 33 255 
-0.1825721 -0.09586997 0.04517889 33 33 33 255 
-0.1828837 -0.1047033 0.04543335 33 33 33 255 
-0.1828837 -0.09586997 0.04543335 33 33 33 255 
-0.1831505 -0.1047033 0.04573449 33 33 33 255 
-0.1831505 -0.09586997 0.04573449 33 33 33 255 
-0.1833656 -0.1047033 0.04607455 33 33 33 255 
-0.1833656 -0.09586997 0.04607455 33 33 33 255 
-0.1835233 -0.1047033 0.04644468 33 33 33 255 
-0.1835233 -0.09586997 0.04644468 33 33 33 255 
-0.1974992 -0.1046729 0.06723636 33 33 33 255 
-0.1974992 -0.1046729 0.05956969 33 33 33 255 
-0.1971519 -0.1047033 0.06723636 33 33 33 255 
-0.1974992 -0.1046729 0.05190302 33 33 33 255 
-0.1971519 -0.1047033 0.04423635 33 33 33 255 
-0.1974992 -0.1046729 0.04423635 33 33 33 255 
-0.197836 -0.1045827 0.04423635 33 33 33 255 
-0.197836 -0.1045827 0.05190302 33 33 33 255 
-0.1981519 -0.1044353 0.04423635 33 33 33 255 
-0.1981519 -0.1044353 0.05190302 33 33 33 255 
-0.1984375 -0.1042354 0.04423635 33 33 33 255 
-0.1984375 -0.1042354 0.05190302 33 33 33 255 
-0.198684 -0.1039889 0.04423635 33 33 33 255 
-0.198684 -0.1039889 0.05190302 33 33 33 255 
-0.198884 -0.1037033 0.04423635 33 33 33 255 
-0.198884 -0.1037033 0.05190302 33 33 33 255 
-0.1990313 -0.1033873 0.04423635 33 33 33 255 
-0.1990313 -0.1033873 0.05190302 33 33 33 255 
-0.1991215 -0.1030506 0.04423635 33 33 33 255 
-0.1991215 -0.1030506 0.05190302 33 33 33 255 
-0.1991519 -0.1027033 0.04423635 33 33 33 255 
-0.1991215 -0.1030506 0.05956969 33 33 33 255 
-0.1991519 -0.1027033 0.06723636 33 33 33 255 
-0.1991215 -0.1030506 0.06723636 33 33 33 255 
-0.1990313 -0.1033873 0.06723636 33 33 33 255 
-0.1990313 -0.1033873 0.05956969 33 33 33 255 
-0.198884 -0.1037033 0.06723636 33 33 33 255 
-0.198884 -0.1037033 0.05956969 33 33 33 255 
-0.198684 -0.1039889 0.06723636 33 33 33 255 
-0.198684 -0.1039889 0.05956969 33 33 33 255 
-0.1984375 -0.1042354 0.06723636 33 33 33 255 
-0.1984375 -0.1042354 0.05956969 33 33 33 255 
-0.1981519 -0.1044353 0.06723636 33 33 33 255 
-0.1981519 -0.1044353 0.05956969 33 33 33 255 
-0.197836 -0.1045827 0.06723636 33 33 33 255 
-0.197836 -0.1045827 0.05956969 33 33 33 255 
-0.1991215 -0.07985599 0.06723636 33 33 33 255 
-0.1991215 -0.07985599 0.05956969 33 33 33 255 
-0.1991519 -0.08020328 0.06723636 33 33 33 255 
-0.1991215 -0.07985599 0.05190302 33 33 33 255 
-0.1991519 -0.08020328 0.04423635 33 33 33 255 
-0.1991215 -0.07985599 0.04423635 33 33 33 255 
-0.1990313 -0.07951926 0.04423635 33 33 33 255 
-0.1990313 -0.07951926 0.05190302 33 33 33 255 
-0.198884 -0.07920328 0.04423635 33 33 33 255 
-0.198884 -0.07920328 0.05190302 33 33 33 255 
-0.198684 -0.07891773 0.04423635 33 33 33 255 
-0.198684 -0.07891773 0.05190302 33 33 33 255 
-0.1984375 -0.0786712 0.04423635 33 33 33 255 
-0.1984375 -0.0786712 0.05190302 33 33 33 255 
-0.1981519 -0.07847125 0.04423635 33 33 33 255 
-0.1981519 -0.07847125 0.05190302 33 33 33 255 
-0.197836 -0.07832392 0.04423635 33 33 33 255 
-0.197836 -0.07832392 0.05190302 33 33 33 255 
-0.1974992 -0.07823367 0.04423635 33 33 33 255 
-0.1974992 -0.07823367 0.05190302 33 33 33 255 
-0.1971519 -0.07820328 0.04423635 33 33 33 255 
-0.1974992 -0.07823367 0.05956969 33 33 33 255 
-0.1971519 -0.07820328 0.06723636 33 33 33 255 
-0.1974992 -0.07823367 0.06723636 33 33 33 255 
-0.197836 -0.07832392 0.06723636 33 33 33 255 
-0.197836 -0.07832392 0.05956969 33 33 33 255 
-0.1981519 -0.07847125 0.06723636 33 33 33 255 
-0.1981519 -0.07847125 0.05956969 33 33 33 255 
-0.1984375 -0.0786712 0.06723636 33 33 33 255 
-0.1984375 -0.0786712 0.05956969 33 33 33 255 
-0.198684 -0.07891773 0.06723636 33 33 33 255 
-0.198684 -0.07891773 0.05956969 33 33 33 255 
-0.198884 -0.07920328 0.06723636 33 33 33 255 
-0.198884 -0.07920328 0.05956969 33 33 33 255 
-0.1990313 -0.07951926 0.06723636 33 33 33 255 
-0.1990313 -0.07951926 0.05956969 33 33 33 255 
-0.1991519 -0.09870328 0.05523635 33 33 33 255 
-0.1991519 -0.08420328 0.05523635 33 33 33 255 
-0.1991519 -0.08420328 0.06723636 33 33 33 255 
-0.1991519 -0.09870328 0.06723636 33 33 33 255 
-0.1631823 -0.1030506 0.06723636 33 33 33 255 
-0.1631823 -0.1030506 0.05956969 33 33 33 255 
-0.1631519 -0.1027033 0.06723636 33 33 33 255 
-0.1631823 -0.1030506 0.05190302 33 33 33 255 
-0.1631519 -0.1027033 0.04423635 33 33 33 255 
-0.1631823 -0.1030506 0.04423635 33 33 33 255 
-0.1632725 -0.1033873 0.04423635 33 33 33 255 
-0.1632725 -0.1033873 0.05190302 33 33 33 255 
-0.1634199 -0.1037033 0.04423635 33 33 33 255 
-0.1634199 -0.1037033 0.05190302 33 33 33 255 
-0.1636198 -0.1039889 0.04423635 33 33 33 255 
-0.1636198 -0.1039889 0.05190302 33 33 33 255 
-0.1638664 -0.1042354 0.04423635 33 33 33 255 
-0.1638664 -0.1042354 0.05190302 33 33 33 255 
-0.1641519 -0.1044353 0.04423635 33 33 33 255 
-0.1641519 -0.1044353 0.05190302 33 33 33 255 
-0.1644679 -0.1045827 0.04423635 33 33 33 255 
-0.1644679 -0.1045827 0.05190302 33 33 33 255 
-0.1648046 -0.1046729 0.04423635 33 33 33 255 
-0.1648046 -0.1046729 0.05190302 33 33 33 255 
-0.1651519 -0.1047033 0.04423635 33 33 33 255 
-0.1648046 -0.1046729 0.05956969 33 33 33 255 
-0.1651519 -0.1047033 0.06723636 33 33 33 255 
-0.1648046 -0.1046729 0.06723636 33 33 33 255 
-0.1644679 -0.1045827 0.06723636 33 33 33 255 
-0.1644679 -0.1045827 0.05956969 33 33 33 255 
-0.1641519 -0.1044353 0.06723636 33 33 33 255 
-0.1641519 -0.1044353 0.05956969 33 33 33 255 
-0.1638664 -0.1042354 0.06723636 33 33 33 255 
-0.1638664 -0.1042354 0.05956969 33 33 33 255 
-0.1636198 -0.1039889 0.06723636 33 33 33 255 
-0.1636198 -0.1039889 0.05956969 33 33 33 255 
-0.1634199 -0.1037033 0.06723636 33 33 33 255 
-0.1634199 -0.1037033 0.05956969 33 33 33 255 
-0.1632725 -0.1033873 0.06723636 33 33 33 255 
-0.1632725 -0.1033873 0.05956969 33 33 33 255 
-0.1966519 -0.1029533 0.06723636 33 33 33 255 
-0.1966519 -0.09870328 0.06723636 33 33 33 255 
-0.1656519 -0.1029533 0.06723636 33 33 33 255 
-0.1631519 -0.09970328 0.06723636 33 33 33 255 
-0.1656519 -0.09970328 0.06723636 33 33 33 255 
-0.1631519 -0.09970328 0.05423635 33 33 33 255 
-0.1631519 -0.08820328 0.04423635 33 33 33 255 
-0.1631519 -0.08820328 0.04223635 33 33 33 255 
-0.1631519 -0.08020328 0.04223635 33 33 33 255 
-0.1631519 -0.08320328 0.05423635 33 33 33 255 
-0.1631519 -0.08020328 0.06723636 33 33 33 255 
-0.1631519 -0.08320328 0.06723636 33 33 33 255 
-0.1648046 -0.07823367 0.06723636 33 33 33 255 
-0.1648046 -0.07823367 0.06098635 33 33 33 255 
-0.1651519 -0.07820328 0.06723636 33 33 33 255 
-0.1648046 -0.07823367 0.05473635 33 33 33 255 
-0.1651519 -0.07820328 0.04223635 33 33 33 255 
-0.1648046 -0.07823367 0.04848636 33 33 33 255 
-0.1648046 -0.07823367 0.04223635 33 33 33 255 
-0.1644679 -0.07832392 0.04223635 33 33 33 255 
-0.1644679 -0.07832392 0.04848636 33 33 33 255 
-0.1641519 -0.07847125 0.04223635 33 33 33 255 
-0.1641519 -0.07847125 0.04848636 33 33 33 255 
-0.1638664 -0.0786712 0.04223635 33 33 33 255 
-0.1638664 -0.0786712 0.04848636 33 33 33 255 
-0.1636198 -0.07891773 0.04223635 33 33 33 255 
-0.1636198 -0.07891773 0.04848636 33 33 33 255 
-0.1634199 -0.07920328 0.04223635 33 33 33 255 
-0.1634199 -0.07920328 0.04848636 33 33 33 255 
-0.1632725 -0.07951926 0.04223635 33 33 33 255 
-0.1632725 -0.07951926 0.04848636 33 33 33 255 
-0.1631823 -0.07985599 0.04223635 33 33 33 255 
-0.1631823 -0.07985599 0.04848636 33 33 33 255 
-0.1631823 -0.07985599 0.05473635 33 33 33 255 
-0.1631823 -0.07985599 0.06098635 33 33 33 255 
-0.1631823 -0.07985599 0.06723636 33 33 33 255 
-0.1632725 -0.07951926 0.06723636 33 33 33 255 
-0.1632725 -0.07951926 0.06098635 33 33 33 255 
-0.1634199 -0.07920328 0.06723636 33 33 33 255 
-0.1634199 -0.07920328 0.06098635 33 33 33 255 
-0.1636198 -0.07891773 0.06723636 33 33 33 255 
-0.1636198 -0.07891773 0.06098635 33 33 33 255 
-0.1638664 -0.0786712 0.06723636 33 33 33 255 
-0.1638664 -0.0786712 0.06098635 33 33 33 255 
-0.1641519 -0.07847125 0.06723636 33 33 33 255 
-0.1641519 -0.07847125 0.06098635 33 33 33 255 
-0.1644679 -0.07832392 0.06723636 33 33 33 255 
-0.1644679 -0.07832392 0.06098635 33 33 33 255 
-0.1644679 -0.07832392 0.05473635 33 33 33 255 
-0.1641519 -0.07847125 0.05473635 33 33 33 255 
-0.1638664 -0.0786712 0.05473635 33 33 33 255 
-0.1636198 -0.07891773 0.05473635 33 33 33 255 
-0.1634199 -0.07920328 0.05473635 33 33 33 255 
-0.1632725 -0.07951926 0.05473635 33 33 33 255 
-0.1656519 -0.09970328 0.05423635 33 33 33 255 
-0.1656519 -0.08320328 0.06723636 33 33 33 255 
-0.1656519 -0.08320328 0.05423635 33 33 33 255 
-0.1966519 -0.09870328 0.05523635 33 33 33 255 
-0.1966519 -0.08420328 0.06723636 33 33 33 255 
-0.1966519 -0.08420328 0.05523635 33 33 33 255 
-0.1966519 -0.07995328 0.06723636 33 33 33 255 
-0.1656519 -0.07995328 0.06723636 33 33 33 255 
-0.1966519 -0.07995328 0.05223636 33 33 33 255 
-0.1966519 -0.1029533 0.05223636 33 33 33 255 
-0.1656519 -0.1029533 0.05223636 33 33 33 255 
-0.1656519 -0.07995328 0.05223636 33 33 33 255 
-0.2066875 -0.08442353 0.04423635 33 33 33 255 
-0.2069026 -0.0847854 0.04423635 33 33 33 255 
-0.2071705 -0.08511023 0.04423635 33 33 33 255 
-0.2065301 -0.08237357 0.04423635 33 33 33 255 
-0.2064342 -0.08278351 0.04423635 33 33 33 255 
-0.2064019 -0.08320328 0.04423635 33 33 33 255 
-0.2066875 -0.08198307 0.04423635 33 33 33 255 
-0.2069026 -0.08162116 0.04423635 33 33 33 255 
-0.2071705 -0.08129635 0.04423635 33 33 33 255 
-0.2074848 -0.08101624 0.04423635 33 33 33 255 
-0.2078382 -0.08078738 0.04423635 33 33 33 255 
-0.2082224 -0.08061515 0.04423635 33 33 33 255 
-0.2086284 -0.08050361 0.04423635 33 33 33 255 
-0.2141519 -0.07820328 0.04423635 33 33 33 255 
-0.2141519 -0.1047033 0.04423635 33 33 33 255 
-0.2118296 -0.08382989 0.04423635 33 33 33 255 
-0.2118939 -0.08341379 0.04423635 33 33 33 255 
-0.2118939 -0.08299277 0.04423635 33 33 33 255 
-0.2064342 -0.08362308 0.04423635 33 33 33 255 
-0.2065301 -0.08403302 0.04423635 33 33 33 255 
-0.2074848 -0.08539035 0.04423635 33 33 33 255 
-0.2078382 -0.0856192 0.04423635 33 33 33 255 
-0.2082224 -0.08579142 0.04423635 33 33 33 255 
-0.2086284 -0.08590299 0.04423635 33 33 33 255 
-0.2090466 -0.08595127 0.04423635 33 33 33 255 
-0.2094673 -0.08593515 0.04423635 33 33 33 255 
-0.2098806 -0.08585498 0.04423635 33 33 33 255 
-0.2102769 -0.08571268 0.04423635 33 33 33 255 
-0.2106467 -0.08551154 0.04423635 33 33 33 255 
-0.2109816 -0.08525632 0.04423635 33 33 33 255 
-0.2112735 -0.08495294 0.04423635 33 33 33 255 
-0.2115157 -0.08460858 0.04423635 33 33 33 255 
-0.2117026 -0.08423129 0.04423635 33 33 33 255 
-0.2118296 -0.08257669 0.04423635 33 33 33 255 
-0.2117026 -0.08217529 0.04423635 33 33 33 255 
-0.2115157 -0.08179797 0.04423635 33 33 33 255 
-0.2112735 -0.08145361 0.04423635 33 33 33 255 
-0.2109816 -0.08115027 0.04423635 33 33 33 255 
-0.2106467 -0.08089502 0.04423635 33 33 33 255 
-0.2102769 -0.08069391 0.04423635 33 33 33 255 
-0.2098806 -0.08055161 0.04423635 33 33 33 255 
-0.2094673 -0.08047144 0.04423635 33 33 33 255 
-0.2090466 -0.08045533 0.04423635 33 33 33 255 
-0.1341519 -0.08820328 0.04423635 33 33 33 255 
-0.1341519 -0.1047033 0.04423635 33 33 33 255 
-0.2041519 -0.07820328 0.04223635 33 33 33 255 
-0.2041519 -0.08820328 0.04223635 33 33 33 255 
-0.2091205 -0.09264346 0.04223635 33 33 33 255 
-0.2091519 -0.09320328 0.04223635 33 33 33 255 
-0.2091519 -0.1017033 0.04223635 33 33 33 255 
-0.1361519 -0.1017033 0.04223635 33 33 33 255 
-0.1361519 -0.08820328 0.04223635 33 33 33 255 
-0.2090266 -0.0920907 0.04223635 33 33 33 255 
-0.2088713 -0.09155189 0.04223635 33 33 33 255 
-0.2086568 -0.09103388 0.04223635 33 33 33 255 
-0.2083856 -0.09054312 0.04223635 33 33 33 255 
-0.2080611 -0.09008585 0.04223635 33 33 33 255 
-0.2076875 -0.08966776 0.04223635 33 33 33 255 
-0.2072694 -0.08929413 0.04223635 33 33 33 255 
-0.2068121 -0.08896967 0.04223635 33 33 33 255 
-0.2063213 -0.08869845 0.04223635 33 33 33 255 
-0.2058033 -0.08848388 0.04223635 33 33 33 255 
-0.2052645 -0.08832864 0.04223635 33 33 33 255 
-0.2047118 -0.08823474 0.04223635 33 33 33 255 
-0.1341519 -0.1417033 0.03723636 33 33 33 255 
-0.2141519 -0.1417033 0.03723636 33 33 33 255 
-0.1341519 -0.1417033 0.04223635 33 33 33 255 
-0.2141519 -0.1417033 0.04223635 33 33 33 255 
-0.09115193 -0.1532033 0.03723636 33 33 33 255 
-0.1341519 -0.1532033 0.03723636 33 33 33 255 
-0.09115193 -0.1532033 0.04223635 33 33 33 255 
-0.1341519 -0.1532033 0.04223635 33 33 33 255 
-0.1361519 -0.1582033 0.03723636 33 33 33 255 
-0.1011519 -0.1582033 0.03723636 33 33 33 255 
-0.1361519 -0.1582033 0.04223635 33 33 33 255 
-0.1011519 -0.1582033 0.04223635 33 33 33 255 
-0.2091519 -0.1447033 0.03723636 33 33 33 255 
-0.1361519 -0.1447033 0.03723636 33 33 33 255 
-0.2091519 -0.1447033 0.04223635 33 33 33 255 
-0.1361519 -0.1447033 0.04223635 33 33 33 255 
-0.2047118 -0.1581718 0.04223635 33 33 33 255 
-0.2087321 -0.1604855 0.04223635 33 33 33 255 
-0.2041519 -0.1582033 0.04223635 33 33 33 255 
-0.2083222 -0.1605815 0.04223635 33 33 33 255 
-0.2079317 -0.1607388 0.04223635 33 33 33 255 
-0.2091519 -0.1604533 0.04223635 33 33 33 255 
-0.2052645 -0.1580779 0.04223635 33 33 33 255 
-0.2058033 -0.1579227 0.04223635 33 33 33 255 
-0.2095717 -0.1604855 0.04223635 33 33 33 255 
-0.2063213 -0.1577081 0.04223635 33 33 33 255 
-0.2068121 -0.1574369 0.04223635 33 33 33 255 
-0.2099817 -0.1605815 0.04223635 33 33 33 255 
-0.2072694 -0.1571125 0.04223635 33 33 33 255 
-0.2076875 -0.1567388 0.04223635 33 33 33 255 
-0.2103722 -0.1607388 0.04223635 33 33 33 255 
-0.2080611 -0.1563207 0.04223635 33 33 33 255 
-0.2083856 -0.1558635 0.04223635 33 33 33 255 
-0.2107341 -0.160954 0.04223635 33 33 33 255 
-0.2086568 -0.1553727 0.04223635 33 33 33 255 
-0.2110589 -0.1612219 0.04223635 33 33 33 255 
-0.2088713 -0.1548547 0.04223635 33 33 33 255 
-0.2090266 -0.1543159 0.04223635 33 33 33 255 
-0.211339 -0.1615362 0.04223635 33 33 33 255 
-0.2091205 -0.1537631 0.04223635 33 33 33 255 
-0.2115678 -0.1618896 0.04223635 33 33 33 255 
-0.2091519 -0.1532033 0.04223635 33 33 33 255 
-0.1011519 -0.1682033 0.04223635 33 33 33 255 
-0.09889991 -0.163098 0.04223635 33 33 33 255 
-0.09885162 -0.1626797 0.04223635 33 33 33 255 
-0.09874006 -0.1622737 0.04223635 33 33 33 255 
-0.09115193 -0.1682033 0.04223635 33 33 33 255 
-0.09636244 -0.1659452 0.04223635 33 33 33 255 
-0.09677853 -0.1658809 0.04223635 33 33 33 255 
-0.09717993 -0.1657539 0.04223635 33 33 33 255 
-0.09345223 -0.1626797 0.04223635 33 33 33 255 
-0.09340394 -0.163098 0.04223635 33 33 33 255 
-0.09342007 -0.1635187 0.04223635 33 33 33 255 
-0.09573215 -0.1604855 0.04223635 33 33 33 255 
-0.0953222 -0.1605815 0.04223635 33 33 33 255 
-0.2117401 -0.1622737 0.04223635 33 33 33 255 
-0.2141519 -0.1682033 0.04223635 33 33 33 255 
-0.2118516 -0.1626797 0.04223635 33 33 33 255 
-0.2118999 -0.163098 0.04223635 33 33 33 255 
-0.2118838 -0.1635187 0.04223635 33 33 33 255 
-0.2118036 -0.163932 0.04223635 33 33 33 255 
-0.2116613 -0.1643282 0.04223635 33 33 33 255 
-0.2114602 -0.1646981 0.04223635 33 33 33 255 
-0.2112049 -0.1650329 0.04223635 33 33 33 255 
-0.2109016 -0.1653249 0.04223635 33 33 33 255 
-0.2105572 -0.1655671 0.04223635 33 33 33 255 
-0.2101799 -0.1657539 0.04223635 33 33 33 255 
-0.2097785 -0.1658809 0.04223635 33 33 33 255 
-0.2093624 -0.1659452 0.04223635 33 33 33 255 
-0.2041519 -0.1682033 0.04223635 33 33 33 255 
-0.2089414 -0.1659452 0.04223635 33 33 33 255 
-0.2085253 -0.1658809 0.04223635 33 33 33 255 
-0.2081239 -0.1657539 0.04223635 33 33 33 255 
-0.2077466 -0.1655671 0.04223635 33 33 33 255 
-0.2074023 -0.1653249 0.04223635 33 33 33 255 
-0.2070989 -0.1650329 0.04223635 33 33 33 255 
-0.2068437 -0.1646981 0.04223635 33 33 33 255 
-0.2066425 -0.1643282 0.04223635 33 33 33 255 
-0.2065002 -0.163932 0.04223635 33 33 33 255 
-0.2064201 -0.1635187 0.04223635 33 33 33 255 
-0.2064039 -0.163098 0.04223635 33 33 33 255 
-0.2064522 -0.1626797 0.04223635 33 33 33 255 
-0.2065638 -0.1622737 0.04223635 33 33 33 255 
-0.206736 -0.1618896 0.04223635 33 33 33 255 
-0.2069649 -0.1615362 0.04223635 33 33 33 255 
-0.207245 -0.1612219 0.04223635 33 33 33 255 
-0.2075698 -0.160954 0.04223635 33 33 33 255 
-0.09657171 -0.1604855 0.04223635 33 33 33 255 
-0.09615193 -0.1604533 0.04223635 33 33 33 255 
-0.0949317 -0.1607388 0.04223635 33 33 33 255 
-0.0945698 -0.160954 0.04223635 33 33 33 255 
-0.09424499 -0.1612219 0.04223635 33 33 33 255 
-0.09396487 -0.1615362 0.04223635 33 33 33 255 
-0.09373602 -0.1618896 0.04223635 33 33 33 255 
-0.0935638 -0.1622737 0.04223635 33 33 33 255 
-0.09350023 -0.163932 0.04223635 33 33 33 255 
-0.09364255 -0.1643282 0.04223635 33 33 33 255 
-0.09384368 -0.1646981 0.04223635 33 33 33 255 
-0.09409891 -0.1650329 0.04223635 33 33 33 255 
-0.09440226 -0.1653249 0.04223635 33 33 33 255 
-0.09474663 -0.1655671 0.04223635 33 33 33 255 
-0.09512393 -0.1657539 0.04223635 33 33 33 255 
-0.09552533 -0.1658809 0.04223635 33 33 33 255 
-0.09594142 -0.1659452 0.04223635 33 33 33 255 
-0.09755722 -0.1655671 0.04223635 33 33 33 255 
-0.0979016 -0.1653249 0.04223635 33 33 33 255 
-0.09820495 -0.1650329 0.04223635 33 33 33 255 
-0.09846018 -0.1646981 0.04223635 33 33 33 255 
-0.09866132 -0.1643282 0.04223635 33 33 33 255 
-0.09880362 -0.163932 0.04223635 33 33 33 255 
-0.09888378 -0.1635187 0.04223635 33 33 33 255 
-0.09856784 -0.1618896 0.04223635 33 33 33 255 
-0.09833898 -0.1615362 0.04223635 33 33 33 255 
-0.09805886 -0.1612219 0.04223635 33 33 33 255 
-0.09773406 -0.160954 0.04223635 33 33 33 255 
-0.09737216 -0.1607388 0.04223635 33 33 33 255 
-0.09698166 -0.1605815 0.04223635 33 33 33 255 
-0.1361519 -0.1017033 0.03723636 33 33 33 255 
-0.2091519 -0.1017033 0.03723636 33 33 33 255 
-0.1011519 -0.08820328 0.04223635 33 33 33 255 
-0.1011519 -0.08820328 0.03723636 33 33 33 255 
-0.1341519 -0.08820328 0.04223635 33 33 33 255 
-0.1361519 -0.08820328 0.03723636 33 33 33 255 
-0.1341519 -0.09320328 0.03723636 33 33 33 255 
-0.09115193 -0.09320328 0.03723636 33 33 33 255 
-0.1341519 -0.09320328 0.04223635 33 33 33 255 
-0.09115193 -0.09320328 0.04223635 33 33 33 255 
-0.2141519 -0.1047033 0.03723636 33 33 33 255 
-0.1341519 -0.1047033 0.03723636 33 33 33 255 
-0.09552533 -0.08588095 0.04223635 33 33 33 255 
-0.09512393 -0.08575391 0.04223635 33 33 33 255 
-0.09474663 -0.08556711 0.04223635 33 33 33 255 
-0.09440226 -0.08532489 0.04223635 33 33 33 255 
-0.09409891 -0.08503293 0.04223635 33 33 33 255 
-0.09384368 -0.08469809 0.04223635 33 33 33 255 
-0.09364255 -0.08432822 0.04223635 33 33 33 255 
-0.09350023 -0.08393198 0.04223635 33 33 33 255 
-0.09342007 -0.08351868 0.04223635 33 33 33 255 
-0.09115193 -0.07820328 0.04223635 33 33 33 255 
-0.09340394 -0.08309796 0.04223635 33 33 33 255 
-0.09345223 -0.08267972 0.04223635 33 33 33 255 
-0.0935638 -0.08227374 0.04223635 33 33 33 255 
-0.09373602 -0.08188956 0.04223635 33 33 33 255 
-0.09396487 -0.08153617 0.04223635 33 33 33 255 
-0.09424499 -0.08122186 0.04223635 33 33 33 255 
-0.0945698 -0.08095398 0.04223635 33 33 33 255 
-0.0949317 -0.08073884 0.04223635 33 33 33 255 
-0.0953222 -0.08058146 0.04223635 33 33 33 255 
-0.09573215 -0.08048551 0.04223635 33 33 33 255 
-0.09615193 -0.08045328 0.04223635 33 33 33 255 
-0.1011519 -0.07820328 0.04223635 33 33 33 255 
-0.09657171 -0.08048551 0.04223635 33 33 33 255 
-0.09698166 -0.08058146 0.04223635 33 33 33 255 
-0.09737216 -0.08073884 0.04223635 33 33 33 255 
-0.09773406 -0.08095398 0.04223635 33 33 33 255 
-0.09805886 -0.08122186 0.04223635 33 33 33 255 
-0.09833898 -0.08153617 0.04223635 33 33 33 255 
-0.09856784 -0.08188956 0.04223635 33 33 33 255 
-0.09874006 -0.08227374 0.04223635 33 33 33 255 
-0.09885162 -0.08267972 0.04223635 33 33 33 255 
-0.09889991 -0.08309796 0.04223635 33 33 33 255 
-0.09888378 -0.08351868 0.04223635 33 33 33 255 
-0.09880362 -0.08393198 0.04223635 33 33 33 255 
-0.09866132 -0.08432822 0.04223635 33 33 33 255 
-0.09846018 -0.08469809 0.04223635 33 33 33 255 
-0.09820495 -0.08503293 0.04223635 33 33 33 255 
-0.0979016 -0.08532489 0.04223635 33 33 33 255 
-0.09755722 -0.08556711 0.04223635 33 33 33 255 
-0.09717993 -0.08575391 0.04223635 33 33 33 255 
-0.09677853 -0.08588095 0.04223635 33 33 33 255 
-0.09636244 -0.08594523 0.04223635 33 33 33 255 
-0.09594142 -0.08594523 0.04223635 33 33 33 255 
-0.1011519 -0.1582033 0.002236354 33 33 33 255 
-0.09615193 -0.1582033 0.002236354 33 33 33 255 
-0.09615193 -0.1582033 0.03723636 33 33 33 255 
-0.09615193 -0.1232033 0.002236354 33 33 33 255 
-0.09615193 -0.1246887 0.00226789 33 33 33 255 
-0.09615193 -0.1261715 0.002362442 33 33 33 255 
-0.09615193 -0.1276489 0.002519838 33 33 33 255 
-0.09615193 -0.1291183 0.002739797 33 33 33 255 
-0.09615193 -0.1305771 0.00302192 33 33 33 255 
-0.09615193 -0.1320225 0.0033657 33 33 33 255 
-0.09615193 -0.1334521 0.003770518 33 33 33 255 
-0.09615193 -0.1348632 0.004235643 33 33 33 255 
-0.09615193 -0.1362533 0.004760238 33 33 33 255 
-0.09615193 -0.1376198 0.005343357 33 33 33 255 
-0.09615193 -0.1389604 0.005983949 33 33 33 255 
-0.09615193 -0.1402726 0.00668086 33 33 33 255 
-0.09615193 -0.141554 0.007432834 33 33 33 255 
-0.09615193 -0.1428024 0.008238516 33 33 33 255 
-0.09615193 -0.1440154 0.009096454 33 33 33 255 
-0.09615193 -0.145191 0.0100051 33 33 33 255 
-0.09615193 -0.1463269 0.01096282 33 33 33 255 
-0.09615193 -0.1474212 0.01196789 33 33 33 255 
-0.09615193 -0.1484717 0.01301849 33 33 33 255 
-0.09615193 -0.1494768 0.01411274 33 33 33 255 
-0.09615193 -0.1504345 0.01524865 33 33 33 255 
-0.09615193 -0.1513432 0.01642419 33 33 33 255 
-0.09615193 -0.1522011 0.01763724 33 33 33 255 
-0.09615193 -0.1530068 0.0188856 33 33 33 255 
-0.09615193 -0.1537588 0.02016703 33 33 33 255 
-0.09615193 -0.1544557 0.02147922 33 33 33 255 
-0.09615193 -0.1550963 0.02281981 33 33 33 255 
-0.09615193 -0.1556794 0.02418638 33 33 33 255 
-0.09615193 -0.156204 0.02557646 33 33 33 255 
-0.09615193 -0.1566691 0.02698756 33 33 33 255 
-0.09615193 -0.1570739 0.02841712 33 33 33 255 
-0.09615193 -0.1574177 0.02986258 33 33 33 255 
-0.09615193 -0.1576999 0.03132132 33 33 33 255 
-0.09615193 -0.1579198 0.03279073 33 33 33 255 
-0.09615193 -0.1580772 0.03426814 33 33 33 255 
-0.09615193 -0.1581718 0.03575091 33 33 33 255 
-0.1011519 -0.08820328 0.002236354 33 33 33 255 
-0.09615193 -0.08820328 0.03723636 33 33 33 255 
-0.09615193 -0.08820328 0.002236354 33 33 33 255 
-0.09615193 -0.1217178 0.00226789 33 33 33 255 
-0.09615193 -0.1202351 0.002362442 33 33 33 255 
-0.09615193 -0.1187577 0.002519838 33 33 33 255 
-0.09615193 -0.1172883 0.002739797 33 33 33 255 
-0.09615193 -0.1158295 0.00302192 33 33 33 255 
-0.09615193 -0.1143841 0.0033657 33 33 33 255 
-0.09615193 -0.1129545 0.003770518 33 33 33 255 
-0.09615193 -0.1115434 0.004235643 33 33 33 255 
-0.09615193 -0.1101533 0.004760238 33 33 33 255 
-0.09615193 -0.1087867 0.005343357 33 33 33 255 
-0.09615193 -0.1074462 0.005983949 33 33 33 255 
-0.09615193 -0.106134 0.00668086 33 33 33 255 
-0.09615193 -0.1048525 0.007432834 33 33 33 255 
-0.09615193 -0.1036042 0.008238516 33 33 33 255 
-0.09615193 -0.1023911 0.009096454 33 33 33 255 
-0.09615193 -0.1012156 0.0100051 33 33 33 255 
-0.09615193 -0.1000797 0.01096282 33 33 33 255 
-0.09615193 -0.09898545 0.01196789 33 33 33 255 
-0.09615193 -0.09793482 0.01301849 33 33 33 255 
-0.09615193 -0.09692975 0.01411274 33 33 33 255 
-0.09615193 -0.09597205 0.01524865 33 33 33 255 
-0.09615193 -0.09506339 0.01642419 33 33 33 255 
-0.09615193 -0.09420545 0.01763724 33 33 33 255 
-0.09615193 -0.09339979 0.0188856 33 33 33 255 
-0.09615193 -0.0926478 0.02016703 33 33 33 255 
-0.09615193 -0.0919509 0.02147922 33 33 33 255 
-0.09615193 -0.09131031 0.02281981 33 33 33 255 
-0.09615193 -0.09072717 0.02418638 33 33 33 255 
-0.09615193 -0.09020258 0.02557646 33 33 33 255 
-0.09615193 -0.08973746 0.02698756 33 33 33 255 
-0.09615193 -0.08933264 0.02841712 33 33 33 255 
-0.09615193 -0.08898886 0.02986258 33 33 33 255 
-0.09615193 -0.08870672 0.03132132 33 33 33 255 
-0.09615193 -0.08848679 0.03279073 33 33 33 255 
-0.09615193 -0.08832937 0.03426814 33 33 33 255 
-0.09615193 -0.08823483 0.03575091 33 33 33 255 
-0.1011519 -0.1682033 0.002236354 33 33 33 255 
-0.09657171 -0.08048551 0.002236354 33 33 33 255 
-0.1011519 -0.07820328 0.002236354 33 33 33 255 
-0.09615193 -0.08045328 0.002236354 33 33 33 255 
-0.09115193 -0.07820328 0.002236354 33 33 33 255 
-0.09573215 -0.08048551 0.002236354 33 33 33 255 
-0.0953222 -0.08058146 0.002236354 33 33 33 255 
-0.0949317 -0.08073884 0.002236354 33 33 33 255 
-0.0945698 -0.08095398 0.002236354 33 33 33 255 
-0.09424499 -0.08122186 0.002236354 33 33 33 255 
-0.09396487 -0.08153617 0.002236354 33 33 33 255 
-0.09373602 -0.08188956 0.002236354 33 33 33 255 
-0.0935638 -0.08227374 0.002236354 33 33 33 255 
-0.09345223 -0.08267972 0.002236354 33 33 33 255 
-0.09340394 -0.08309796 0.002236354 33 33 33 255 
-0.09342007 -0.08351868 0.002236354 33 33 33 255 
-0.09350023 -0.08393198 0.002236354 33 33 33 255 
-0.09345223 -0.1626797 0.002236354 33 33 33 255 
-0.0935638 -0.1622737 0.002236354 33 33 33 255 
-0.09373602 -0.1618896 0.002236354 33 33 33 255 
-0.09698166 -0.08058146 0.002236354 33 33 33 255 
-0.09737216 -0.08073884 0.002236354 33 33 33 255 
-0.09773406 -0.08095398 0.002236354 33 33 33 255 
-0.09805886 -0.08122186 0.002236354 33 33 33 255 
-0.09833898 -0.08153617 0.002236354 33 33 33 255 
-0.09856784 -0.08188956 0.002236354 33 33 33 255 
-0.09874006 -0.08227374 0.002236354 33 33 33 255 
-0.09885162 -0.08267972 0.002236354 33 33 33 255 
-0.09889991 -0.08309796 0.002236354 33 33 33 255 
-0.09888378 -0.08351868 0.002236354 33 33 33 255 
-0.09880362 -0.08393198 0.002236354 33 33 33 255 
-0.09866132 -0.08432822 0.002236354 33 33 33 255 
-0.09846018 -0.08469809 0.002236354 33 33 33 255 
-0.09820495 -0.08503293 0.002236354 33 33 33 255 
-0.0979016 -0.08532489 0.002236354 33 33 33 255 
-0.09755722 -0.08556711 0.002236354 33 33 33 255 
-0.09717993 -0.08575391 0.002236354 33 33 33 255 
-0.09677853 -0.08588095 0.002236354 33 33 33 255 
-0.09636244 -0.08594523 0.002236354 33 33 33 255 
-0.09594142 -0.08594523 0.002236354 33 33 33 255 
-0.09552533 -0.08588095 0.002236354 33 33 33 255 
-0.09512393 -0.08575391 0.002236354 33 33 33 255 
-0.09474663 -0.08556711 0.002236354 33 33 33 255 
-0.09440226 -0.08532489 0.002236354 33 33 33 255 
-0.09409891 -0.08503293 0.002236354 33 33 33 255 
-0.09384368 -0.08469809 0.002236354 33 33 33 255 
-0.09364255 -0.08432822 0.002236354 33 33 33 255 
-0.09573215 -0.1604855 0.002236354 33 33 33 255 
-0.09615193 -0.1604533 0.002236354 33 33 33 255 
-0.09657171 -0.1604855 0.002236354 33 33 33 255 
-0.09698166 -0.1605815 0.002236354 33 33 33 255 
-0.09737216 -0.1607388 0.002236354 33 33 33 255 
-0.09773406 -0.160954 0.002236354 33 33 33 255 
-0.09805886 -0.1612219 0.002236354 33 33 33 255 
-0.09833898 -0.1615362 0.002236354 33 33 33 255 
-0.09856784 -0.1618896 0.002236354 33 33 33 255 
-0.09874006 -0.1622737 0.002236354 33 33 33 255 
-0.09885162 -0.1626797 0.002236354 33 33 33 255 
-0.09889991 -0.163098 0.002236354 33 33 33 255 
-0.09888378 -0.1635187 0.002236354 33 33 33 255 
-0.09880362 -0.163932 0.002236354 33 33 33 255 
-0.09866132 -0.1643282 0.002236354 33 33 33 255 
-0.09846018 -0.1646981 0.002236354 33 33 33 255 
-0.09820495 -0.1650329 0.002236354 33 33 33 255 
-0.0979016 -0.1653249 0.002236354 33 33 33 255 
-0.09755722 -0.1655671 0.002236354 33 33 33 255 
-0.09717993 -0.1657539 0.002236354 33 33 33 255 
-0.09677853 -0.1658809 0.002236354 33 33 33 255 
-0.09636244 -0.1659452 0.002236354 33 33 33 255 
-0.09594142 -0.1659452 0.002236354 33 33 33 255 
-0.09115193 -0.1682033 0.002236354 33 33 33 255 
-0.09552533 -0.1658809 0.002236354 33 33 33 255 
-0.09512393 -0.1657539 0.002236354 33 33 33 255 
-0.09474663 -0.1655671 0.002236354 33 33 33 255 
-0.09440226 -0.1653249 0.002236354 33 33 33 255 
-0.09409891 -0.1650329 0.002236354 33 33 33 255 
-0.09384368 -0.1646981 0.002236354 33 33 33 255 
-0.09364255 -0.1643282 0.002236354 33 33 33 255 
-0.09350023 -0.163932 0.002236354 33 33 33 255 
-0.09342007 -0.1635187 0.002236354 33 33 33 255 
-0.09340394 -0.163098 0.002236354 33 33 33 255 
-0.09396487 -0.1615362 0.002236354 33 33 33 255 
-0.09424499 -0.1612219 0.002236354 33 33 33 255 
-0.0945698 -0.160954 0.002236354 33 33 33 255 
-0.0949317 -0.1607388 0.002236354 33 33 33 255 
-0.0953222 -0.1605815 0.002236354 33 33 33 255 
-0.2047118 -0.1581718 0.002236354 33 33 33 255 
-0.2047118 -0.1581718 0.01223635 33 33 33 255 
-0.2041519 -0.1582033 0.002236354 33 33 33 255 
-0.2047118 -0.1581718 0.02223635 33 33 33 255 
-0.2047118 -0.1581718 0.03223635 33 33 33 255 
-0.2052645 -0.1580779 0.03223635 33 33 33 255 
-0.2058033 -0.1579227 0.03223635 33 33 33 255 
-0.2063213 -0.1577081 0.03223635 33 33 33 255 
-0.2068121 -0.1574369 0.03223635 33 33 33 255 
-0.2072694 -0.1571125 0.03223635 33 33 33 255 
-0.2076875 -0.1567388 0.03223635 33 33 33 255 
-0.2080611 -0.1563207 0.03223635 33 33 33 255 
-0.2083856 -0.1558635 0.03223635 33 33 33 255 
-0.2086568 -0.1553727 0.03223635 33 33 33 255 
-0.2088713 -0.1548547 0.03223635 33 33 33 255 
-0.2090266 -0.1543159 0.03223635 33 33 33 255 
-0.2091205 -0.1537631 0.03223635 33 33 33 255 
-0.2091205 -0.1537631 0.02223635 33 33 33 255 
-0.2091519 -0.1532033 0.002236354 33 33 33 255 
-0.2091205 -0.1537631 0.01223635 33 33 33 255 
-0.2091205 -0.1537631 0.002236354 33 33 33 255 
-0.2090266 -0.1543159 0.002236354 33 33 33 255 
-0.2090266 -0.1543159 0.01223635 33 33 33 255 
-0.2088713 -0.1548547 0.002236354 33 33 33 255 
-0.2088713 -0.1548547 0.01223635 33 33 33 255 
-0.2086568 -0.1553727 0.002236354 33 33 33 255 
-0.2086568 -0.1553727 0.01223635 33 33 33 255 
-0.2083856 -0.1558635 0.002236354 33 33 33 255 
-0.2083856 -0.1558635 0.01223635 33 33 33 255 
-0.2080611 -0.1563207 0.002236354 33 33 33 255 
-0.2080611 -0.1563207 0.01223635 33 33 33 255 
-0.2076875 -0.1567388 0.002236354 33 33 33 255 
-0.2076875 -0.1567388 0.01223635 33 33 33 255 
-0.2072694 -0.1571125 0.002236354 33 33 33 255 
-0.2072694 -0.1571125 0.01223635 33 33 33 255 
-0.2068121 -0.1574369 0.002236354 33 33 33 255 
-0.2068121 -0.1574369 0.01223635 33 33 33 255 
-0.2063213 -0.1577081 0.002236354 33 33 33 255 
-0.2063213 -0.1577081 0.01223635 33 33 33 255 
-0.2058033 -0.1579227 0.002236354 33 33 33 255 
-0.2058033 -0.1579227 0.01223635 33 33 33 255 
-0.2052645 -0.1580779 0.002236354 33 33 33 255 
-0.2052645 -0.1580779 0.01223635 33 33 33 255 
-0.2052645 -0.1580779 0.02223635 33 33 33 255 
-0.2058033 -0.1579227 0.02223635 33 33 33 255 
-0.2063213 -0.1577081 0.02223635 33 33 33 255 
-0.2068121 -0.1574369 0.02223635 33 33 33 255 
-0.2072694 -0.1571125 0.02223635 33 33 33 255 
-0.2076875 -0.1567388 0.02223635 33 33 33 255 
-0.2080611 -0.1563207 0.02223635 33 33 33 255 
-0.2083856 -0.1558635 0.02223635 33 33 33 255 
-0.2086568 -0.1553727 0.02223635 33 33 33 255 
-0.2088713 -0.1548547 0.02223635 33 33 33 255 
-0.2090266 -0.1543159 0.02223635 33 33 33 255 
-0.2091519 -0.1431229 0.0291457 33 33 33 255 
-0.2091519 -0.1435384 0.03025532 33 33 33 255 
-0.2091519 -0.1438921 0.03138613 33 33 33 255 
-0.2091519 -0.09320328 0.002236354 33 33 33 255 
-0.2091519 -0.1237957 0.01574452 33 33 33 255 
-0.2091519 -0.1249788 0.01580979 33 33 33 255 
-0.2091519 -0.1261564 0.01594013 33 33 33 255 
-0.2091519 -0.1032837 0.0291457 33 33 33 255 
-0.2091519 -0.1037596 0.02806066 33 33 33 255 
-0.2091519 -0.1042946 0.02700348 33 33 33 255 
-0.2091519 -0.1017359 0.03605197 33 33 33 255 
-0.2091519 -0.1018338 0.03487118 33 33 33 255 
-0.2091519 -0.1019965 0.03369757 33 33 33 255 
-0.2091519 -0.1022237 0.03253471 33 33 33 255 
-0.2091519 -0.1025145 0.03138613 33 33 33 255 
-0.2091519 -0.1028682 0.03025532 33 33 33 255 
-0.2091519 -0.104887 0.02597739 33 33 33 255 
-0.2091519 -0.1055351 0.02498548 33 33 33 255 
-0.2091519 -0.1062368 0.02403078 33 33 33 255 
-0.2091519 -0.10699 0.02311619 33 33 33 255 
-0.2091519 -0.1077925 0.02224447 33 33 33 255 
-0.2091519 -0.1086417 0.02141829 33 33 33 255 
-0.2091519 -0.1095352 0.02064015 33 33 33 255 
-0.2091519 -0.1104703 0.0199124 33 33 33 255 
-0.2091519 -0.1114439 0.01923727 33 33 33 255 
-0.2091519 -0.1124533 0.01861681 33 33 33 255 
-0.2091519 -0.1134953 0.01805289 33 33 33 255 
-0.2091519 -0.1145668 0.01754723 33 33 33 255 
-0.2091519 -0.1156646 0.01710136 33 33 33 255 
-0.2091519 -0.1167852 0.01671665 33 33 33 255 
-0.2091519 -0.1179254 0.01639425 33 33 33 255 
-0.2091519 -0.1190815 0.01613515 33 33 33 255 
-0.2091519 -0.1202502 0.01594013 33 33 33 255 
-0.2091519 -0.1214278 0.01580979 33 33 33 255 
-0.2091519 -0.1226109 0.01574452 33 33 33 255 
-0.2091519 -0.1273251 0.01613515 33 33 33 255 
-0.2091519 -0.1284812 0.01639425 33 33 33 255 
-0.2091519 -0.1296214 0.01671665 33 33 33 255 
-0.2091519 -0.130742 0.01710136 33 33 33 255 
-0.2091519 -0.1318398 0.01754723 33 33 33 255 
-0.2091519 -0.1329112 0.01805289 33 33 33 255 
-0.2091519 -0.1339533 0.01861681 33 33 33 255 
-0.2091519 -0.1349627 0.01923727 33 33 33 255 
-0.2091519 -0.1359363 0.0199124 33 33 33 255 
-0.2091519 -0.1368713 0.02064015 33 33 33 255 
-0.2091519 -0.1377648 0.02141829 33 33 33 255 
-0.2091519 -0.1386141 0.02224447 33 33 33 255 
-0.2091519 -0.1394166 0.02311619 33 33 33 255 
-0.2091519 -0.1401698 0.02403078 33 33 33 255 
-0.2091519 -0.1408715 0.02498548 33 33 33 255 
-0.2091519 -0.1415196 0.02597739 33 33 33 255 
-0.2091519 -0.142112 0.02700348 33 33 33 255 
-0.2091519 -0.142647 0.02806066 33 33 33 255 
-0.2091519 -0.1441829 0.03253471 33 33 33 255 
-0.2091519 -0.1444101 0.03369757 33 33 33 255 
-0.2091519 -0.1445728 0.03487118 33 33 33 255 
-0.2091519 -0.1446707 0.03605197 33 33 33 255 
-0.2091205 -0.09264346 0.02223635 33 33 33 255 
-0.2091205 -0.09264346 0.03223635 33 33 33 255 
-0.2090266 -0.0920907 0.03223635 33 33 33 255 
-0.2088713 -0.09155189 0.03223635 33 33 33 255 
-0.2086568 -0.09103388 0.03223635 33 33 33 255 
-0.2083856 -0.09054312 0.03223635 33 33 33 255 
-0.2080611 -0.09008585 0.03223635 33 33 33 255 
-0.2076875 -0.08966776 0.03223635 33 33 33 255 
-0.2072694 -0.08929413 0.03223635 33 33 33 255 
-0.2068121 -0.08896967 0.03223635 33 33 33 255 
-0.2063213 -0.08869845 0.03223635 33 33 33 255 
-0.2058033 -0.08848388 0.03223635 33 33 33 255 
-0.2052645 -0.08832864 0.03223635 33 33 33 255 
-0.2047118 -0.08823474 0.03223635 33 33 33 255 
-0.2047118 -0.08823474 0.02223635 33 33 33 255 
-0.2041519 -0.08820328 0.002236354 33 33 33 255 
-0.2047118 -0.08823474 0.01223635 33 33 33 255 
-0.2047118 -0.08823474 0.002236354 33 33 33 255 
-0.2052645 -0.08832864 0.002236354 33 33 33 255 
-0.2052645 -0.08832864 0.01223635 33 33 33 255 
-0.2058033 -0.08848388 0.002236354 33 33 33 255 
-0.2058033 -0.08848388 0.01223635 33 33 33 255 
-0.2063213 -0.08869845 0.002236354 33 33 33 255 
-0.2063213 -0.08869845 0.01223635 33 33 33 255 
-0.2068121 -0.08896967 0.002236354 33 33 33 255 
-0.2068121 -0.08896967 0.01223635 33 33 33 255 
-0.2072694 -0.08929413 0.002236354 33 33 33 255 
-0.2072694 -0.08929413 0.01223635 33 33 33 255 
-0.2076875 -0.08966776 0.002236354 33 33 33 255 
-0.2076875 -0.08966776 0.01223635 33 33 33 255 
-0.2080611 -0.09008585 0.002236354 33 33 33 255 
-0.2080611 -0.09008585 0.01223635 33 33 33 255 
-0.2083856 -0.09054312 0.002236354 33 33 33 255 
-0.2083856 -0.09054312 0.01223635 33 33 33 255 
-0.2086568 -0.09103388 0.002236354 33 33 33 255 
-0.2086568 -0.09103388 0.01223635 33 33 33 255 
-0.2088713 -0.09155189 0.002236354 33 33 33 255 
-0.2088713 -0.09155189 0.01223635 33 33 33 255 
-0.2090266 -0.0920907 0.002236354 33 33 33 255 
-0.2090266 -0.0920907 0.01223635 33 33 33 255 
-0.2091205 -0.09264346 0.002236354 33 33 33 255 
-0.2091205 -0.09264346 0.01223635 33 33 33 255 
-0.2090266 -0.0920907 0.02223635 33 33 33 255 
-0.2088713 -0.09155189 0.02223635 33 33 33 255 
-0.2086568 -0.09103388 0.02223635 33 33 33 255 
-0.2083856 -0.09054312 0.02223635 33 33 33 255 
-0.2080611 -0.09008585 0.02223635 33 33 33 255 
-0.2076875 -0.08966776 0.02223635 33 33 33 255 
-0.2072694 -0.08929413 0.02223635 33 33 33 255 
-0.2068121 -0.08896967 0.02223635 33 33 33 255 
-0.2063213 -0.08869845 0.02223635 33 33 33 255 
-0.2058033 -0.08848388 0.02223635 33 33 33 255 
-0.2052645 -0.08832864 0.02223635 33 33 33 255 
-0.211339 -0.1615362 0.002236354 33 33 33 255 
-0.2112049 -0.08503293 0.002236354 33 33 33 255 
-0.2109016 -0.08532489 0.002236354 33 33 33 255 
-0.2095717 -0.1604855 0.002236354 33 33 33 255 
-0.2099817 -0.1605815 0.002236354 33 33 33 255 
-0.2103722 -0.1607388 0.002236354 33 33 33 255 
-0.2091519 -0.1604533 0.002236354 33 33 33 255 
-0.2087321 -0.1604855 0.002236354 33 33 33 255 
-0.2083222 -0.1605815 0.002236354 33 33 33 255 
-0.2079317 -0.1607388 0.002236354 33 33 33 255 
-0.2075698 -0.160954 0.002236354 33 33 33 255 
-0.207245 -0.1612219 0.002236354 33 33 33 255 
-0.2069649 -0.1615362 0.002236354 33 33 33 255 
-0.206736 -0.1618896 0.002236354 33 33 33 255 
-0.2065638 -0.1622737 0.002236354 33 33 33 255 
-0.2064522 -0.1626797 0.002236354 33 33 33 255 
-0.2064039 -0.163098 0.002236354 33 33 33 255 
-0.2041519 -0.1682033 0.002236354 33 33 33 255 
-0.2064201 -0.1635187 0.002236354 33 33 33 255 
-0.2141519 -0.1682033 0.002236354 33 33 33 255 
-0.2093624 -0.1659452 0.002236354 33 33 33 255 
-0.2089414 -0.1659452 0.002236354 33 33 33 255 
-0.2085253 -0.1658809 0.002236354 33 33 33 255 
-0.2141519 -0.07820328 0.002236354 33 33 33 255 
-0.2118516 -0.1626797 0.002236354 33 33 33 255 
-0.2118999 -0.163098 0.002236354 33 33 33 255 
-0.2118838 -0.1635187 0.002236354 33 33 33 255 
-0.2041519 -0.07820328 0.002236354 33 33 33 255 
-0.2091519 -0.08045328 0.002236354 33 33 33 255 
-0.2095717 -0.08048551 0.002236354 33 33 33 255 
-0.2099817 -0.08058146 0.002236354 33 33 33 255 
-0.2064039 -0.08309796 0.002236354 33 33 33 255 
-0.2064201 -0.08351868 0.002236354 33 33 33 255 
-0.2065002 -0.08393198 0.002236354 33 33 33 255 
-0.2066425 -0.08432822 0.002236354 33 33 33 255 
-0.2068437 -0.08469809 0.002236354 33 33 33 255 
-0.2070989 -0.08503293 0.002236354 33 33 33 255 
-0.2074023 -0.08532489 0.002236354 33 33 33 255 
-0.2077466 -0.08556711 0.002236354 33 33 33 255 
-0.2081239 -0.08575391 0.002236354 33 33 33 255 
-0.2085253 -0.08588095 0.002236354 33 33 33 255 
-0.2089414 -0.08594523 0.002236354 33 33 33 255 
-0.2093624 -0.08594523 0.002236354 33 33 33 255 
-0.2097785 -0.08588095 0.002236354 33 33 33 255 
-0.2101799 -0.08575391 0.002236354 33 33 33 255 
-0.2105572 -0.08556711 0.002236354 33 33 33 255 
-0.2103722 -0.08073884 0.002236354 33 33 33 255 
-0.2107341 -0.08095398 0.002236354 33 33 33 255 
-0.2110589 -0.08122186 0.002236354 33 33 33 255 
-0.211339 -0.08153617 0.002236354 33 33 33 255 
-0.2115678 -0.08188956 0.002236354 33 33 33 255 
-0.2117401 -0.08227374 0.002236354 33 33 33 255 
-0.2118516 -0.08267972 0.002236354 33 33 33 255 
-0.2118999 -0.08309796 0.002236354 33 33 33 255 
-0.2118838 -0.08351868 0.002236354 33 33 33 255 
-0.2118036 -0.08393198 0.002236354 33 33 33 255 
-0.2117401 -0.1622737 0.002236354 33 33 33 255 
-0.2116613 -0.08432822 0.002236354 33 33 33 255 
-0.2115678 -0.1618896 0.002236354 33 33 33 255 
-0.2114602 -0.08469809 0.002236354 33 33 33 255 
-0.2064522 -0.08267972 0.002236354 33 33 33 255 
-0.2065638 -0.08227374 0.002236354 33 33 33 255 
-0.206736 -0.08188956 0.002236354 33 33 33 255 
-0.2069649 -0.08153617 0.002236354 33 33 33 255 
-0.207245 -0.08122186 0.002236354 33 33 33 255 
-0.2075698 -0.08095398 0.002236354 33 33 33 255 
-0.2079317 -0.08073884 0.002236354 33 33 33 255 
-0.2083222 -0.08058146 0.002236354 33 33 33 255 
-0.2087321 -0.08048551 0.002236354 33 33 33 255 
-0.2107341 -0.160954 0.002236354 33 33 33 255 
-0.2110589 -0.1612219 0.002236354 33 33 33 255 
-0.2118036 -0.163932 0.002236354 33 33 33 255 
-0.2116613 -0.1643282 0.002236354 33 33 33 255 
-0.2114602 -0.1646981 0.002236354 33 33 33 255 
-0.2112049 -0.1650329 0.002236354 33 33 33 255 
-0.2109016 -0.1653249 0.002236354 33 33 33 255 
-0.2105572 -0.1655671 0.002236354 33 33 33 255 
-0.2101799 -0.1657539 0.002236354 33 33 33 255 
-0.2097785 -0.1658809 0.002236354 33 33 33 255 
-0.2081239 -0.1657539 0.002236354 33 33 33 255 
-0.2077466 -0.1655671 0.002236354 33 33 33 255 
-0.2074023 -0.1653249 0.002236354 33 33 33 255 
-0.2070989 -0.1650329 0.002236354 33 33 33 255 
-0.2068437 -0.1646981 0.002236354 33 33 33 255 
-0.2066425 -0.1643282 0.002236354 33 33 33 255 
-0.2065002 -0.163932 0.002236354 33 33 33 255 
-0.2095717 -0.1604855 0.03423635 33 33 33 255 
-0.2091519 -0.1604533 0.03423635 33 33 33 255 
-0.2087321 -0.1604855 0.03423635 33 33 33 255 
-0.2083222 -0.1605815 0.03423635 33 33 33 255 
-0.2079317 -0.1607388 0.03423635 33 33 33 255 
-0.2075698 -0.160954 0.03423635 33 33 33 255 
-0.207245 -0.1612219 0.03423635 33 33 33 255 
-0.2069649 -0.1615362 0.03423635 33 33 33 255 
-0.206736 -0.1618896 0.03423635 33 33 33 255 
-0.2065638 -0.1622737 0.03423635 33 33 33 255 
-0.2064522 -0.1626797 0.03423635 33 33 33 255 
-0.2064039 -0.163098 0.03423635 33 33 33 255 
-0.2064201 -0.1635187 0.03423635 33 33 33 255 
-0.2065002 -0.163932 0.03423635 33 33 33 255 
-0.2066425 -0.1643282 0.03423635 33 33 33 255 
-0.2068437 -0.1646981 0.03423635 33 33 33 255 
-0.2070989 -0.1650329 0.03423635 33 33 33 255 
-0.2074023 -0.1653249 0.03423635 33 33 33 255 
-0.2077466 -0.1655671 0.03423635 33 33 33 255 
-0.2081239 -0.1657539 0.03423635 33 33 33 255 
-0.2085253 -0.1658809 0.03423635 33 33 33 255 
-0.2089414 -0.1659452 0.03423635 33 33 33 255 
-0.2093624 -0.1659452 0.03423635 33 33 33 255 
-0.2097785 -0.1658809 0.03423635 33 33 33 255 
-0.2101799 -0.1657539 0.03423635 33 33 33 255 
-0.2105572 -0.1655671 0.03423635 33 33 33 255 
-0.2109016 -0.1653249 0.03423635 33 33 33 255 
-0.2112049 -0.1650329 0.03423635 33 33 33 255 
-0.2114602 -0.1646981 0.03423635 33 33 33 255 
-0.2116613 -0.1643282 0.03423635 33 33 33 255 
-0.2118036 -0.163932 0.03423635 33 33 33 255 
-0.2118838 -0.1635187 0.03423635 33 33 33 255 
-0.2118999 -0.163098 0.03423635 33 33 33 255 
-0.2118516 -0.1626797 0.03423635 33 33 33 255 
-0.2117401 -0.1622737 0.03423635 33 33 33 255 
-0.2115678 -0.1618896 0.03423635 33 33 33 255 
-0.211339 -0.1615362 0.03423635 33 33 33 255 
-0.2110589 -0.1612219 0.03423635 33 33 33 255 
-0.2107341 -0.160954 0.03423635 33 33 33 255 
-0.2103722 -0.1607388 0.03423635 33 33 33 255 
-0.2099817 -0.1605815 0.03423635 33 33 33 255 
-0.2087321 -0.1604855 0.01023635 33 33 33 255 
-0.2091519 -0.1604533 0.01023635 33 33 33 255 
-0.2095717 -0.1604855 0.01023635 33 33 33 255 
-0.2099817 -0.1605815 0.01023635 33 33 33 255 
-0.2103722 -0.1607388 0.01023635 33 33 33 255 
-0.2107341 -0.160954 0.01023635 33 33 33 255 
-0.2110589 -0.1612219 0.01023635 33 33 33 255 
-0.211339 -0.1615362 0.01023635 33 33 33 255 
-0.2115678 -0.1618896 0.01023635 33 33 33 255 
-0.2117401 -0.1622737 0.01023635 33 33 33 255 
-0.2118516 -0.1626797 0.01023635 33 33 33 255 
-0.2118999 -0.163098 0.01023635 33 33 33 255 
-0.2118838 -0.1635187 0.01023635 33 33 33 255 
-0.2118036 -0.163932 0.01023635 33 33 33 255 
-0.2116613 -0.1643282 0.01023635 33 33 33 255 
-0.2114602 -0.1646981 0.01023635 33 33 33 255 
-0.2112049 -0.1650329 0.01023635 33 33 33 255 
-0.2109016 -0.1653249 0.01023635 33 33 33 255 
-0.2105572 -0.1655671 0.01023635 33 33 33 255 
-0.2101799 -0.1657539 0.01023635 33 33 33 255 
-0.2097785 -0.1658809 0.01023635 33 33 33 255 
-0.2093624 -0.1659452 0.01023635 33 33 33 255 
-0.2089414 -0.1659452 0.01023635 33 33 33 255 
-0.2085253 -0.1658809 0.01023635 33 33 33 255 
-0.2081239 -0.1657539 0.01023635 33 33 33 255 
-0.2077466 -0.1655671 0.01023635 33 33 33 255 
-0.2074023 -0.1653249 0.01023635 33 33 33 255 
-0.2070989 -0.1650329 0.01023635 33 33 33 255 
-0.2068437 -0.1646981 0.01023635 33 33 33 255 
-0.2066425 -0.1643282 0.01023635 33 33 33 255 
-0.2065002 -0.163932 0.01023635 33 33 33 255 
-0.2064201 -0.1635187 0.01023635 33 33 33 255 
-0.2064039 -0.163098 0.01023635 33 33 33 255 
-0.2064522 -0.1626797 0.01023635 33 33 33 255 
-0.2065638 -0.1622737 0.01023635 33 33 33 255 
-0.206736 -0.1618896 0.01023635 33 33 33 255 
-0.2069649 -0.1615362 0.01023635 33 33 33 255 
-0.207245 -0.1612219 0.01023635 33 33 33 255 
-0.2075698 -0.160954 0.01023635 33 33 33 255 
-0.2079317 -0.1607388 0.01023635 33 33 33 255 
-0.2083222 -0.1605815 0.01023635 33 33 33 255 
-0.2091519 -0.1604533 0.02623635 33 33 33 255 
-0.2087321 -0.1604855 0.02623635 33 33 33 255 
-0.2083222 -0.1605815 0.02623635 33 33 33 255 
-0.2079317 -0.1607388 0.02623635 33 33 33 255 
-0.2075698 -0.160954 0.02623635 33 33 33 255 
-0.207245 -0.1612219 0.02623635 33 33 33 255 
-0.2069649 -0.1615362 0.02623635 33 33 33 255 
-0.206736 -0.1618896 0.02623635 33 33 33 255 
-0.2065638 -0.1622737 0.02623635 33 33 33 255 
-0.2064522 -0.1626797 0.02623635 33 33 33 255 
-0.2064039 -0.163098 0.02623635 33 33 33 255 
-0.2064201 -0.1635187 0.02623635 33 33 33 255 
-0.2065002 -0.163932 0.02623635 33 33 33 255 
-0.2066425 -0.1643282 0.02623635 33 33 33 255 
-0.2068437 -0.1646981 0.02623635 33 33 33 255 
-0.2070989 -0.1650329 0.02623635 33 33 33 255 
-0.2074023 -0.1653249 0.02623635 33 33 33 255 
-0.2077466 -0.1655671 0.02623635 33 33 33 255 
-0.2081239 -0.1657539 0.02623635 33 33 33 255 
-0.2085253 -0.1658809 0.02623635 33 33 33 255 
-0.2089414 -0.1659452 0.02623635 33 33 33 255 
-0.2093624 -0.1659452 0.02623635 33 33 33 255 
-0.2097785 -0.1658809 0.02623635 33 33 33 255 
-0.2101799 -0.1657539 0.02623635 33 33 33 255 
-0.2105572 -0.1655671 0.02623635 33 33 33 255 
-0.2109016 -0.1653249 0.02623635 33 33 33 255 
-0.2112049 -0.1650329 0.02623635 33 33 33 255 
-0.2114602 -0.1646981 0.02623635 33 33 33 255 
-0.2116613 -0.1643282 0.02623635 33 33 33 255 
-0.2118036 -0.163932 0.02623635 33 33 33 255 
-0.2118838 -0.1635187 0.02623635 33 33 33 255 
-0.2118999 -0.163098 0.02623635 33 33 33 255 
-0.2118516 -0.1626797 0.02623635 33 33 33 255 
-0.2117401 -0.1622737 0.02623635 33 33 33 255 
-0.2115678 -0.1618896 0.02623635 33 33 33 255 
-0.211339 -0.1615362 0.02623635 33 33 33 255 
-0.2110589 -0.1612219 0.02623635 33 33 33 255 
-0.2107341 -0.160954 0.02623635 33 33 33 255 
-0.2103722 -0.1607388 0.02623635 33 33 33 255 
-0.2099817 -0.1605815 0.02623635 33 33 33 255 
-0.2095717 -0.1604855 0.02623635 33 33 33 255 
-0.2091519 -0.1604533 0.01823635 33 33 33 255 
-0.2087321 -0.1604855 0.01823635 33 33 33 255 
-0.2083222 -0.1605815 0.01823635 33 33 33 255 
-0.2079317 -0.1607388 0.01823635 33 33 33 255 
-0.2075698 -0.160954 0.01823635 33 33 33 255 
-0.207245 -0.1612219 0.01823635 33 33 33 255 
-0.2069649 -0.1615362 0.01823635 33 33 33 255 
-0.206736 -0.1618896 0.01823635 33 33 33 255 
-0.2065638 -0.1622737 0.01823635 33 33 33 255 
-0.2064522 -0.1626797 0.01823635 33 33 33 255 
-0.2064039 -0.163098 0.01823635 33 33 33 255 
-0.2064201 -0.1635187 0.01823635 33 33 33 255 
-0.2065002 -0.163932 0.01823635 33 33 33 255 
-0.2066425 -0.1643282 0.01823635 33 33 33 255 
-0.2068437 -0.1646981 0.01823635 33 33 33 255 
-0.2070989 -0.1650329 0.01823635 33 33 33 255 
-0.2074023 -0.1653249 0.01823635 33 33 33 255 
-0.2077466 -0.1655671 0.01823635 33 33 33 255 
-0.2081239 -0.1657539 0.01823635 33 33 33 255 
-0.2085253 -0.1658809 0.01823635 33 33 33 255 
-0.2089414 -0.1659452 0.01823635 33 33 33 255 
-0.2093624 -0.1659452 0.01823635 33 33 33 255 
-0.2097785 -0.1658809 0.01823635 33 33 33 255 
-0.2101799 -0.1657539 0.01823635 33 33 33 255 
-0.2105572 -0.1655671 0.01823635 33 33 33 255 
-0.2109016 -0.1653249 0.01823635 33 33 33 255 
-0.2112049 -0.1650329 0.01823635 33 33 33 255 
-0.2114602 -0.1646981 0.01823635 33 33 33 255 
-0.2116613 -0.1643282 0.01823635 33 33 33 255 
-0.2118036 -0.163932 0.01823635 33 33 33 255 
-0.2118838 -0.1635187 0.01823635 33 33 33 255 
-0.2118999 -0.163098 0.01823635 33 33 33 255 
-0.2118516 -0.1626797 0.01823635 33 33 33 255 
-0.2117401 -0.1622737 0.01823635 33 33 33 255 
-0.2115678 -0.1618896 0.01823635 33 33 33 255 
-0.211339 -0.1615362 0.01823635 33 33 33 255 
-0.2110589 -0.1612219 0.01823635 33 33 33 255 
-0.2107341 -0.160954 0.01823635 33 33 33 255 
-0.2103722 -0.1607388 0.01823635 33 33 33 255 
-0.2099817 -0.1605815 0.01823635 33 33 33 255 
-0.2095717 -0.1604855 0.01823635 33 33 33 255 
-0.09657171 -0.1604855 0.03423635 33 33 33 255 
-0.09615193 -0.1604533 0.03423635 33 33 33 255 
-0.09573215 -0.1604855 0.03423635 33 33 33 255 
-0.0953222 -0.1605815 0.03423635 33 33 33 255 
-0.0949317 -0.1607388 0.03423635 33 33 33 255 
-0.0945698 -0.160954 0.03423635 33 33 33 255 
-0.09424499 -0.1612219 0.03423635 33 33 33 255 
-0.09396487 -0.1615362 0.03423635 33 33 33 255 
-0.09373602 -0.1618896 0.03423635 33 33 33 255 
-0.0935638 -0.1622737 0.03423635 33 33 33 255 
-0.09345223 -0.1626797 0.03423635 33 33 33 255 
-0.09340394 -0.163098 0.03423635 33 33 33 255 
-0.09342007 -0.1635187 0.03423635 33 33 33 255 
-0.09350023 -0.163932 0.03423635 33 33 33 255 
-0.09364255 -0.1643282 0.03423635 33 33 33 255 
-0.09384368 -0.1646981 0.03423635 33 33 33 255 
-0.09409891 -0.1650329 0.03423635 33 33 33 255 
-0.09440226 -0.1653249 0.03423635 33 33 33 255 
-0.09474663 -0.1655671 0.03423635 33 33 33 255 
-0.09512393 -0.1657539 0.03423635 33 33 33 255 
-0.09552533 -0.1658809 0.03423635 33 33 33 255 
-0.09594142 -0.1659452 0.03423635 33 33 33 255 
-0.09636244 -0.1659452 0.03423635 33 33 33 255 
-0.09677853 -0.1658809 0.03423635 33 33 33 255 
-0.09717993 -0.1657539 0.03423635 33 33 33 255 
-0.09755722 -0.1655671 0.03423635 33 33 33 255 
-0.0979016 -0.1653249 0.03423635 33 33 33 255 
-0.09820495 -0.1650329 0.03423635 33 33 33 255 
-0.09846018 -0.1646981 0.03423635 33 33 33 255 
-0.09866132 -0.1643282 0.03423635 33 33 33 255 
-0.09880362 -0.163932 0.03423635 33 33 33 255 
-0.09888378 -0.1635187 0.03423635 33 33 33 255 
-0.09889991 -0.163098 0.03423635 33 33 33 255 
-0.09885162 -0.1626797 0.03423635 33 33 33 255 
-0.09874006 -0.1622737 0.03423635 33 33 33 255 
-0.09856784 -0.1618896 0.03423635 33 33 33 255 
-0.09833898 -0.1615362 0.03423635 33 33 33 255 
-0.09805886 -0.1612219 0.03423635 33 33 33 255 
-0.09773406 -0.160954 0.03423635 33 33 33 255 
-0.09737216 -0.1607388 0.03423635 33 33 33 255 
-0.09698166 -0.1605815 0.03423635 33 33 33 255 
-0.09573215 -0.1604855 0.01023635 33 33 33 255 
-0.09615193 -0.1604533 0.01023635 33 33 33 255 
-0.09657171 -0.1604855 0.01023635 33 33 33 255 
-0.09698166 -0.1605815 0.01023635 33 33 33 255 
-0.09737216 -0.1607388 0.01023635 33 33 33 255 
-0.09773406 -0.160954 0.01023635 33 33 33 255 
-0.09805886 -0.1612219 0.01023635 33 33 33 255 
-0.09833898 -0.1615362 0.01023635 33 33 33 255 
-0.09856784 -0.1618896 0.01023635 33 33 33 255 
-0.09874006 -0.1622737 0.01023635 33 33 33 255 
-0.09885162 -0.1626797 0.01023635 33 33 33 255 
-0.09889991 -0.163098 0.01023635 33 33 33 255 
-0.09888378 -0.1635187 0.01023635 33 33 33 255 
-0.09880362 -0.163932 0.01023635 33 33 33 255 
-0.09866132 -0.1643282 0.01023635 33 33 33 255 
-0.09846018 -0.1646981 0.01023635 33 33 33 255 
-0.09820495 -0.1650329 0.01023635 33 33 33 255 
-0.0979016 -0.1653249 0.01023635 33 33 33 255 
-0.09755722 -0.1655671 0.01023635 33 33 33 255 
-0.09717993 -0.1657539 0.01023635 33 33 33 255 
-0.09677853 -0.1658809 0.01023635 33 33 33 255 
-0.09636244 -0.1659452 0.01023635 33 33 33 255 
-0.09594142 -0.1659452 0.01023635 33 33 33 255 
-0.09552533 -0.1658809 0.01023635 33 33 33 255 
-0.09512393 -0.1657539 0.01023635 33 33 33 255 
-0.09474663 -0.1655671 0.01023635 33 33 33 255 
-0.09440226 -0.1653249 0.01023635 33 33 33 255 
-0.09409891 -0.1650329 0.01023635 33 33 33 255 
-0.09384368 -0.1646981 0.01023635 33 33 33 255 
-0.09364255 -0.1643282 0.01023635 33 33 33 255 
-0.09350023 -0.163932 0.01023635 33 33 33 255 
-0.09342007 -0.1635187 0.01023635 33 33 33 255 
-0.09340394 -0.163098 0.01023635 33 33 33 255 
-0.09345223 -0.1626797 0.01023635 33 33 33 255 
-0.0935638 -0.1622737 0.01023635 33 33 33 255 
-0.09373602 -0.1618896 0.01023635 33 33 33 255 
-0.09396487 -0.1615362 0.01023635 33 33 33 255 
-0.09424499 -0.1612219 0.01023635 33 33 33 255 
-0.0945698 -0.160954 0.01023635 33 33 33 255 
-0.0949317 -0.1607388 0.01023635 33 33 33 255 
-0.0953222 -0.1605815 0.01023635 33 33 33 255 
-0.09615193 -0.1604533 0.02623635 33 33 33 255 
-0.09573215 -0.1604855 0.02623635 33 33 33 255 
-0.0953222 -0.1605815 0.02623635 33 33 33 255 
-0.0949317 -0.1607388 0.02623635 33 33 33 255 
-0.0945698 -0.160954 0.02623635 33 33 33 255 
-0.09424499 -0.1612219 0.02623635 33 33 33 255 
-0.09396487 -0.1615362 0.02623635 33 33 33 255 
-0.09373602 -0.1618896 0.02623635 33 33 33 255 
-0.0935638 -0.1622737 0.02623635 33 33 33 255 
-0.09345223 -0.1626797 0.02623635 33 33 33 255 
-0.09340394 -0.163098 0.02623635 33 33 33 255 
-0.09342007 -0.1635187 0.02623635 33 33 33 255 
-0.09350023 -0.163932 0.02623635 33 33 33 255 
-0.09364255 -0.1643282 0.02623635 33 33 33 255 
-0.09384368 -0.1646981 0.02623635 33 33 33 255 
-0.09409891 -0.1650329 0.02623635 33 33 33 255 
-0.09440226 -0.1653249 0.02623635 33 33 33 255 
-0.09474663 -0.1655671 0.02623635 33 33 33 255 
-0.09512393 -0.1657539 0.02623635 33 33 33 255 
-0.09552533 -0.1658809 0.02623635 33 33 33 255 
-0.09594142 -0.1659452 0.02623635 33 33 33 255 
-0.09636244 -0.1659452 0.02623635 33 33 33 255 
-0.09677853 -0.1658809 0.02623635 33 33 33 255 
-0.09717993 -0.1657539 0.02623635 33 33 33 255 
-0.09755722 -0.1655671 0.02623635 33 33 33 255 
-0.0979016 -0.1653249 0.02623635 33 33 33 255 
-0.09820495 -0.1650329 0.02623635 33 33 33 255 
-0.09846018 -0.1646981 0.02623635 33 33 33 255 
-0.09866132 -0.1643282 0.02623635 33 33 33 255 
-0.09880362 -0.163932 0.02623635 33 33 33 255 
-0.09888378 -0.1635187 0.02623635 33 33 33 255 
-0.09889991 -0.163098 0.02623635 33 33 33 255 
-0.09885162 -0.1626797 0.02623635 33 33 33 255 
-0.09874006 -0.1622737 0.02623635 33 33 33 255 
-0.09856784 -0.1618896 0.02623635 33 33 33 255 
-0.09833898 -0.1615362 0.02623635 33 33 33 255 
-0.09805886 -0.1612219 0.02623635 33 33 33 255 
-0.09773406 -0.160954 0.02623635 33 33 33 255 
-0.09737216 -0.1607388 0.02623635 33 33 33 255 
-0.09698166 -0.1605815 0.02623635 33 33 33 255 
-0.09657171 -0.1604855 0.02623635 33 33 33 255 
-0.09615193 -0.1604533 0.01823635 33 33 33 255 
-0.09573215 -0.1604855 0.01823635 33 33 33 255 
-0.0953222 -0.1605815 0.01823635 33 33 33 255 
-0.0949317 -0.1607388 0.01823635 33 33 33 255 
-0.0945698 -0.160954 0.01823635 33 33 33 255 
-0.09424499 -0.1612219 0.01823635 33 33 33 255 
-0.09396487 -0.1615362 0.01823635 33 33 33 255 
-0.09373602 -0.1618896 0.01823635 33 33 33 255 
-0.0935638 -0.1622737 0.01823635 33 33 33 255 
-0.09345223 -0.1626797 0.01823635 33 33 33 255 
-0.09340394 -0.163098 0.01823635 33 33 33 255 
-0.09342007 -0.1635187 0.01823635 33 33 33 255 
-0.09350023 -0.163932 0.01823635 33 33 33 255 
-0.09364255 -0.1643282 0.01823635 33 33 33 255 
-0.09384368 -0.1646981 0.01823635 33 33 33 255 
-0.09409891 -0.1650329 0.01823635 33 33 33 255 
-0.09440226 -0.1653249 0.01823635 33 33 33 255 
-0.09474663 -0.1655671 0.01823635 33 33 33 255 
-0.09512393 -0.1657539 0.01823635 33 33 33 255 
-0.09552533 -0.1658809 0.01823635 33 33 33 255 
-0.09594142 -0.1659452 0.01823635 33 33 33 255 
-0.09636244 -0.1659452 0.01823635 33 33 33 255 
-0.09677853 -0.1658809 0.01823635 33 33 33 255 
-0.09717993 -0.1657539 0.01823635 33 33 33 255 
-0.09755722 -0.1655671 0.01823635 33 33 33 255 
-0.0979016 -0.1653249 0.01823635 33 33 33 255 
-0.09820495 -0.1650329 0.01823635 33 33 33 255 
-0.09846018 -0.1646981 0.01823635 33 33 33 255 
-0.09866132 -0.1643282 0.01823635 33 33 33 255 
-0.09880362 -0.163932 0.01823635 33 33 33 255 
-0.09888378 -0.1635187 0.01823635 33 33 33 255 
-0.09889991 -0.163098 0.01823635 33 33 33 255 
-0.09885162 -0.1626797 0.01823635 33 33 33 255 
-0.09874006 -0.1622737 0.01823635 33 33 33 255 
-0.09856784 -0.1618896 0.01823635 33 33 33 255 
-0.09833898 -0.1615362 0.01823635 33 33 33 255 
-0.09805886 -0.1612219 0.01823635 33 33 33 255 
-0.09773406 -0.160954 0.01823635 33 33 33 255 
-0.09737216 -0.1607388 0.01823635 33 33 33 255 
-0.09698166 -0.1605815 0.01823635 33 33 33 255 
-0.09657171 -0.1604855 0.01823635 33 33 33 255 
-0.2064039 -0.08309796 0.03583635 33 33 33 255 
-0.2064201 -0.08351868 0.03583635 33 33 33 255 
-0.2065002 -0.08393198 0.03583635 33 33 33 255 
-0.2066425 -0.08432822 0.03583635 33 33 33 255 
-0.2068437 -0.08469809 0.03583635 33 33 33 255 
-0.2070989 -0.08503293 0.03583635 33 33 33 255 
-0.2074023 -0.08532489 0.03583635 33 33 33 255 
-0.2077466 -0.08556711 0.03583635 33 33 33 255 
-0.2081239 -0.08575391 0.03583635 33 33 33 255 
-0.2085253 -0.08588095 0.03583635 33 33 33 255 
-0.2089414 -0.08594523 0.03583635 33 33 33 255 
-0.2093624 -0.08594523 0.03583635 33 33 33 255 
-0.2097785 -0.08588095 0.03583635 33 33 33 255 
-0.2101799 -0.08575391 0.03583635 33 33 33 255 
-0.2105572 -0.08556711 0.03583635 33 33 33 255 
-0.2109016 -0.08532489 0.03583635 33 33 33 255 
-0.2112049 -0.08503293 0.03583635 33 33 33 255 
-0.2114602 -0.08469809 0.03583635 33 33 33 255 
-0.2116613 -0.08432822 0.03583635 33 33 33 255 
-0.2118036 -0.08393198 0.03583635 33 33 33 255 
-0.2118838 -0.08351868 0.03583635 33 33 33 255 
-0.2118999 -0.08309796 0.03583635 33 33 33 255 
-0.2118516 -0.08267972 0.03583635 33 33 33 255 
-0.2117401 -0.08227374 0.03583635 33 33 33 255 
-0.2115678 -0.08188956 0.03583635 33 33 33 255 
-0.211339 -0.08153617 0.03583635 33 33 33 255 
-0.2110589 -0.08122186 0.03583635 33 33 33 255 
-0.2107341 -0.08095398 0.03583635 33 33 33 255 
-0.2103722 -0.08073884 0.03583635 33 33 33 255 
-0.2099817 -0.08058146 0.03583635 33 33 33 255 
-0.2095717 -0.08048551 0.03583635 33 33 33 255 
-0.2091519 -0.08045328 0.03583635 33 33 33 255 
-0.2087321 -0.08048551 0.03583635 33 33 33 255 
-0.2083222 -0.08058146 0.03583635 33 33 33 255 
-0.2079317 -0.08073884 0.03583635 33 33 33 255 
-0.2075698 -0.08095398 0.03583635 33 33 33 255 
-0.207245 -0.08122186 0.03583635 33 33 33 255 
-0.2069649 -0.08153617 0.03583635 33 33 33 255 
-0.206736 -0.08188956 0.03583635 33 33 33 255 
-0.2065638 -0.08227374 0.03583635 33 33 33 255 
-0.2064522 -0.08267972 0.03583635 33 33 33 255 
-0.2087321 -0.08048551 0.01063635 33 33 33 255 
-0.2091519 -0.08045328 0.01063635 33 33 33 255 
-0.2095717 -0.08048551 0.01063635 33 33 33 255 
-0.2099817 -0.08058146 0.01063635 33 33 33 255 
-0.2103722 -0.08073884 0.01063635 33 33 33 255 
-0.2107341 -0.08095398 0.01063635 33 33 33 255 
-0.2110589 -0.08122186 0.01063635 33 33 33 255 
-0.211339 -0.08153617 0.01063635 33 33 33 255 
-0.2115678 -0.08188956 0.01063635 33 33 33 255 
-0.2117401 -0.08227374 0.01063635 33 33 33 255 
-0.2118516 -0.08267972 0.01063635 33 33 33 255 
-0.2118999 -0.08309796 0.01063635 33 33 33 255 
-0.2118838 -0.08351868 0.01063635 33 33 33 255 
-0.2118036 -0.08393198 0.01063635 33 33 33 255 
-0.2116613 -0.08432822 0.01063635 33 33 33 255 
-0.2114602 -0.08469809 0.01063635 33 33 33 255 
-0.2112049 -0.08503293 0.01063635 33 33 33 255 
-0.2109016 -0.08532489 0.01063635 33 33 33 255 
-0.2105572 -0.08556711 0.01063635 33 33 33 255 
-0.2101799 -0.08575391 0.01063635 33 33 33 255 
-0.2097785 -0.08588095 0.01063635 33 33 33 255 
-0.2093624 -0.08594523 0.01063635 33 33 33 255 
-0.2089414 -0.08594523 0.01063635 33 33 33 255 
-0.2085253 -0.08588095 0.01063635 33 33 33 255 
-0.2081239 -0.08575391 0.01063635 33 33 33 255 
-0.2077466 -0.08556711 0.01063635 33 33 33 255 
-0.2074023 -0.08532489 0.01063635 33 33 33 255 
-0.2070989 -0.08503293 0.01063635 33 33 33 255 
-0.2068437 -0.08469809 0.01063635 33 33 33 255 
-0.2066425 -0.08432822 0.01063635 33 33 33 255 
-0.2065002 -0.08393198 0.01063635 33 33 33 255 
-0.2064201 -0.08351868 0.01063635 33 33 33 255 
-0.2064039 -0.08309796 0.01063635 33 33 33 255 
-0.2064522 -0.08267972 0.01063635 33 33 33 255 
-0.2065638 -0.08227374 0.01063635 33 33 33 255 
-0.206736 -0.08188956 0.01063635 33 33 33 255 
-0.2069649 -0.08153617 0.01063635 33 33 33 255 
-0.207245 -0.08122186 0.01063635 33 33 33 255 
-0.2075698 -0.08095398 0.01063635 33 33 33 255 
-0.2079317 -0.08073884 0.01063635 33 33 33 255 
-0.2083222 -0.08058146 0.01063635 33 33 33 255 
-0.2091519 -0.08045328 0.02743635 33 33 33 255 
-0.2087321 -0.08048551 0.02743635 33 33 33 255 
-0.2083222 -0.08058146 0.02743635 33 33 33 255 
-0.2079317 -0.08073884 0.02743635 33 33 33 255 
-0.2075698 -0.08095398 0.02743635 33 33 33 255 
-0.207245 -0.08122186 0.02743635 33 33 33 255 
-0.2069649 -0.08153617 0.02743635 33 33 33 255 
-0.206736 -0.08188956 0.02743635 33 33 33 255 
-0.2065638 -0.08227374 0.02743635 33 33 33 255 
-0.2064522 -0.08267972 0.02743635 33 33 33 255 
-0.2064039 -0.08309796 0.02743635 33 33 33 255 
-0.2064201 -0.08351868 0.02743635 33 33 33 255 
-0.2065002 -0.08393198 0.02743635 33 33 33 255 
-0.2066425 -0.08432822 0.02743635 33 33 33 255 
-0.2068437 -0.08469809 0.02743635 33 33 33 255 
-0.2070989 -0.08503293 0.02743635 33 33 33 255 
-0.2074023 -0.08532489 0.02743635 33 33 33 255 
-0.2077466 -0.08556711 0.02743635 33 33 33 255 
-0.2081239 -0.08575391 0.02743635 33 33 33 255 
-0.2085253 -0.08588095 0.02743635 33 33 33 255 
-0.2089414 -0.08594523 0.02743635 33 33 33 255 
-0.2093624 -0.08594523 0.02743635 33 33 33 255 
-0.2097785 -0.08588095 0.02743635 33 33 33 255 
-0.2101799 -0.08575391 0.02743635 33 33 33 255 
-0.2105572 -0.08556711 0.02743635 33 33 33 255 
-0.2109016 -0.08532489 0.02743635 33 33 33 255 
-0.2112049 -0.08503293 0.02743635 33 33 33 255 
-0.2114602 -0.08469809 0.02743635 33 33 33 255 
-0.2116613 -0.08432822 0.02743635 33 33 33 255 
-0.2118036 -0.08393198 0.02743635 33 33 33 255 
-0.2118838 -0.08351868 0.02743635 33 33 33 255 
-0.2118999 -0.08309796 0.02743635 33 33 33 255 
-0.2118516 -0.08267972 0.02743635 33 33 33 255 
-0.2117401 -0.08227374 0.02743635 33 33 33 255 
-0.2115678 -0.08188956 0.02743635 33 33 33 255 
-0.211339 -0.08153617 0.02743635 33 33 33 255 
-0.2110589 -0.08122186 0.02743635 33 33 33 255 
-0.2107341 -0.08095398 0.02743635 33 33 33 255 
-0.2103722 -0.08073884 0.02743635 33 33 33 255 
-0.2099817 -0.08058146 0.02743635 33 33 33 255 
-0.2095717 -0.08048551 0.02743635 33 33 33 255 
-0.2091519 -0.08045328 0.01903635 33 33 33 255 
-0.2087321 -0.08048551 0.01903635 33 33 33 255 
-0.2083222 -0.08058146 0.01903635 33 33 33 255 
-0.2079317 -0.08073884 0.01903635 33 33 33 255 
-0.2075698 -0.08095398 0.01903635 33 33 33 255 
-0.207245 -0.08122186 0.01903635 33 33 33 255 
-0.2069649 -0.08153617 0.01903635 33 33 33 255 
-0.206736 -0.08188956 0.01903635 33 33 33 255 
-0.2065638 -0.08227374 0.01903635 33 33 33 255 
-0.2064522 -0.08267972 0.01903635 33 33 33 255 
-0.2064039 -0.08309796 0.01903635 33 33 33 255 
-0.2064201 -0.08351868 0.01903635 33 33 33 255 
-0.2065002 -0.08393198 0.01903635 33 33 33 255 
-0.2066425 -0.08432822 0.01903635 33 33 33 255 
-0.2068437 -0.08469809 0.01903635 33 33 33 255 
-0.2070989 -0.08503293 0.01903635 33 33 33 255 
-0.2074023 -0.08532489 0.01903635 33 33 33 255 
-0.2077466 -0.08556711 0.01903635 33 33 33 255 
-0.2081239 -0.08575391 0.01903635 33 33 33 255 
-0.2085253 -0.08588095 0.01903635 33 33 33 255 
-0.2089414 -0.08594523 0.01903635 33 33 33 255 
-0.2093624 -0.08594523 0.01903635 33 33 33 255 
-0.2097785 -0.08588095 0.01903635 33 33 33 255 
-0.2101799 -0.08575391 0.01903635 33 33 33 255 
-0.2105572 -0.08556711 0.01903635 33 33 33 255 
-0.2109016 -0.08532489 0.01903635 33 33 33 255 
-0.2112049 -0.08503293 0.01903635 33 33 33 255 
-0.2114602 -0.08469809 0.01903635 33 33 33 255 
-0.2116613 -0.08432822 0.01903635 33 33 33 255 
-0.2118036 -0.08393198 0.01903635 33 33 33 255 
-0.2118838 -0.08351868 0.01903635 33 33 33 255 
-0.2118999 -0.08309796 0.01903635 33 33 33 255 
-0.2118516 -0.08267972 0.01903635 33 33 33 255 
-0.2117401 -0.08227374 0.01903635 33 33 33 255 
-0.2115678 -0.08188956 0.01903635 33 33 33 255 
-0.211339 -0.08153617 0.01903635 33 33 33 255 
-0.2110589 -0.08122186 0.01903635 33 33 33 255 
-0.2107341 -0.08095398 0.01903635 33 33 33 255 
-0.2103722 -0.08073884 0.01903635 33 33 33 255 
-0.2099817 -0.08058146 0.01903635 33 33 33 255 
-0.2095717 -0.08048551 0.01903635 33 33 33 255 
-0.09657171 -0.08048551 0.03423635 33 33 33 255 
-0.09615193 -0.08045328 0.03423635 33 33 33 255 
-0.09573215 -0.08048551 0.03423635 33 33 33 255 
-0.0953222 -0.08058146 0.03423635 33 33 33 255 
-0.0949317 -0.08073884 0.03423635 33 33 33 255 
-0.0945698 -0.08095398 0.03423635 33 33 33 255 
-0.09424499 -0.08122186 0.03423635 33 33 33 255 
-0.09396487 -0.08153617 0.03423635 33 33 33 255 
-0.09373602 -0.08188956 0.03423635 33 33 33 255 
-0.0935638 -0.08227374 0.03423635 33 33 33 255 
-0.09345223 -0.08267972 0.03423635 33 33 33 255 
-0.09340394 -0.08309796 0.03423635 33 33 33 255 
-0.09342007 -0.08351868 0.03423635 33 33 33 255 
-0.09350023 -0.08393198 0.03423635 33 33 33 255 
-0.09364255 -0.08432822 0.03423635 33 33 33 255 
-0.09384368 -0.08469809 0.03423635 33 33 33 255 
-0.09409891 -0.08503293 0.03423635 33 33 33 255 
-0.09440226 -0.08532489 0.03423635 33 33 33 255 
-0.09474663 -0.08556711 0.03423635 33 33 33 255 
-0.09512393 -0.08575391 0.03423635 33 33 33 255 
-0.09552533 -0.08588095 0.03423635 33 33 33 255 
-0.09594142 -0.08594523 0.03423635 33 33 33 255 
-0.09636244 -0.08594523 0.03423635 33 33 33 255 
-0.09677853 -0.08588095 0.03423635 33 33 33 255 
-0.09717993 -0.08575391 0.03423635 33 33 33 255 
-0.09755722 -0.08556711 0.03423635 33 33 33 255 
-0.0979016 -0.08532489 0.03423635 33 33 33 255 
-0.09820495 -0.08503293 0.03423635 33 33 33 255 
-0.09846018 -0.08469809 0.03423635 33 33 33 255 
-0.09866132 -0.08432822 0.03423635 33 33 33 255 
-0.09880362 -0.08393198 0.03423635 33 33 33 255 
-0.09888378 -0.08351868 0.03423635 33 33 33 255 
-0.09889991 -0.08309796 0.03423635 33 33 33 255 
-0.09885162 -0.08267972 0.03423635 33 33 33 255 
-0.09874006 -0.08227374 0.03423635 33 33 33 255 
-0.09856784 -0.08188956 0.03423635 33 33 33 255 
-0.09833898 -0.08153617 0.03423635 33 33 33 255 
-0.09805886 -0.08122186 0.03423635 33 33 33 255 
-0.09773406 -0.08095398 0.03423635 33 33 33 255 
-0.09737216 -0.08073884 0.03423635 33 33 33 255 
-0.09698166 -0.08058146 0.03423635 33 33 33 255 
-0.09573215 -0.08048551 0.01023635 33 33 33 255 
-0.09615193 -0.08045328 0.01023635 33 33 33 255 
-0.09657171 -0.08048551 0.01023635 33 33 33 255 
-0.09698166 -0.08058146 0.01023635 33 33 33 255 
-0.09737216 -0.08073884 0.01023635 33 33 33 255 
-0.09773406 -0.08095398 0.01023635 33 33 33 255 
-0.09805886 -0.08122186 0.01023635 33 33 33 255 
-0.09833898 -0.08153617 0.01023635 33 33 33 255 
-0.09856784 -0.08188956 0.01023635 33 33 33 255 
-0.09874006 -0.08227374 0.01023635 33 33 33 255 
-0.09885162 -0.08267972 0.01023635 33 33 33 255 
-0.09889991 -0.08309796 0.01023635 33 33 33 255 
-0.09888378 -0.08351868 0.01023635 33 33 33 255 
-0.09880362 -0.08393198 0.01023635 33 33 33 255 
-0.09866132 -0.08432822 0.01023635 33 33 33 255 
-0.09846018 -0.08469809 0.01023635 33 33 33 255 
-0.09820495 -0.08503293 0.01023635 33 33 33 255 
-0.0979016 -0.08532489 0.01023635 33 33 33 255 
-0.09755722 -0.08556711 0.01023635 33 33 33 255 
-0.09717993 -0.08575391 0.01023635 33 33 33 255 
-0.09677853 -0.08588095 0.01023635 33 33 33 255 
-0.09636244 -0.08594523 0.01023635 33 33 33 255 
-0.09594142 -0.08594523 0.01023635 33 33 33 255 
-0.09552533 -0.08588095 0.01023635 33 33 33 255 
-0.09512393 -0.08575391 0.01023635 33 33 33 255 
-0.09474663 -0.08556711 0.01023635 33 33 33 255 
-0.09440226 -0.08532489 0.01023635 33 33 33 255 
-0.09409891 -0.08503293 0.01023635 33 33 33 255 
-0.09384368 -0.08469809 0.01023635 33 33 33 255 
-0.09364255 -0.08432822 0.01023635 33 33 33 255 
-0.09350023 -0.08393198 0.01023635 33 33 33 255 
-0.09342007 -0.08351868 0.01023635 33 33 33 255 
-0.09340394 -0.08309796 0.01023635 33 33 33 255 
-0.09345223 -0.08267972 0.01023635 33 33 33 255 
-0.0935638 -0.08227374 0.01023635 33 33 33 255 
-0.09373602 -0.08188956 0.01023635 33 33 33 255 
-0.09396487 -0.08153617 0.01023635 33 33 33 255 
-0.09424499 -0.08122186 0.01023635 33 33 33 255 
-0.0945698 -0.08095398 0.01023635 33 33 33 255 
-0.0949317 -0.08073884 0.01023635 33 33 33 255 
-0.0953222 -0.08058146 0.01023635 33 33 33 255 
-0.09615193 -0.08045328 0.02623635 33 33 33 255 
-0.09573215 -0.08048551 0.02623635 33 33 33 255 
-0.0953222 -0.08058146 0.02623635 33 33 33 255 
-0.0949317 -0.08073884 0.02623635 33 33 33 255 
-0.0945698 -0.08095398 0.02623635 33 33 33 255 
-0.09424499 -0.08122186 0.02623635 33 33 33 255 
-0.09396487 -0.08153617 0.02623635 33 33 33 255 
-0.09373602 -0.08188956 0.02623635 33 33 33 255 
-0.0935638 -0.08227374 0.02623635 33 33 33 255 
-0.09345223 -0.08267972 0.02623635 33 33 33 255 
-0.09340394 -0.08309796 0.02623635 33 33 33 255 
-0.09342007 -0.08351868 0.02623635 33 33 33 255 
-0.09350023 -0.08393198 0.02623635 33 33 33 255 
-0.09364255 -0.08432822 0.02623635 33 33 33 255 
-0.09384368 -0.08469809 0.02623635 33 33 33 255 
-0.09409891 -0.08503293 0.02623635 33 33 33 255 
-0.09440226 -0.08532489 0.02623635 33 33 33 255 
-0.09474663 -0.08556711 0.02623635 33 33 33 255 
-0.09512393 -0.08575391 0.02623635 33 33 33 255 
-0.09552533 -0.08588095 0.02623635 33 33 33 255 
-0.09594142 -0.08594523 0.02623635 33 33 33 255 
-0.09636244 -0.08594523 0.02623635 33 33 33 255 
-0.09677853 -0.08588095 0.02623635 33 33 33 255 
-0.09717993 -0.08575391 0.02623635 33 33 33 255 
-0.09755722 -0.08556711 0.02623635 33 33 33 255 
-0.0979016 -0.08532489 0.02623635 33 33 33 255 
-0.09820495 -0.08503293 0.02623635 33 33 33 255 
-0.09846018 -0.08469809 0.02623635 33 33 33 255 
-0.09866132 -0.08432822 0.02623635 33 33 33 255 
-0.09880362 -0.08393198 0.02623635 33 33 33 255 
-0.09888378 -0.08351868 0.02623635 33 33 33 255 
-0.09889991 -0.08309796 0.02623635 33 33 33 255 
-0.09885162 -0.08267972 0.02623635 33 33 33 255 
-0.09874006 -0.08227374 0.02623635 33 33 33 255 
-0.09856784 -0.08188956 0.02623635 33 33 33 255 
-0.09833898 -0.08153617 0.02623635 33 33 33 255 
-0.09805886 -0.08122186 0.02623635 33 33 33 255 
-0.09773406 -0.08095398 0.02623635 33 33 33 255 
-0.09737216 -0.08073884 0.02623635 33 33 33 255 
-0.09698166 -0.08058146 0.02623635 33 33 33 255 
-0.09657171 -0.08048551 0.02623635 33 33 33 255 
-0.09615193 -0.08045328 0.01823635 33 33 33 255 
-0.09573215 -0.08048551 0.01823635 33 33 33 255 
-0.0953222 -0.08058146 0.01823635 33 33 33 255 
-0.0949317 -0.08073884 0.01823635 33 33 33 255 
-0.0945698 -0.08095398 0.01823635 33 33 33 255 
-0.09424499 -0.08122186 0.01823635 33 33 33 255 
-0.09396487 -0.08153617 0.01823635 33 33 33 255 
-0.09373602 -0.08188956 0.01823635 33 33 33 255 
-0.0935638 -0.08227374 0.01823635 33 33 33 255 
-0.09345223 -0.08267972 0.01823635 33 33 33 255 
-0.09340394 -0.08309796 0.01823635 33 33 33 255 
-0.09342007 -0.08351868 0.01823635 33 33 33 255 
-0.09350023 -0.08393198 0.01823635 33 33 33 255 
-0.09364255 -0.08432822 0.01823635 33 33 33 255 
-0.09384368 -0.08469809 0.01823635 33 33 33 255 
-0.09409891 -0.08503293 0.01823635 33 33 33 255 
-0.09440226 -0.08532489 0.01823635 33 33 33 255 
-0.09474663 -0.08556711 0.01823635 33 33 33 255 
-0.09512393 -0.08575391 0.01823635 33 33 33 255 
-0.09552533 -0.08588095 0.01823635 33 33 33 255 
-0.09594142 -0.08594523 0.01823635 33 33 33 255 
-0.09636244 -0.08594523 0.01823635 33 33 33 255 
-0.09677853 -0.08588095 0.01823635 33 33 33 255 
-0.09717993 -0.08575391 0.01823635 33 33 33 255 
-0.09755722 -0.08556711 0.01823635 33 33 33 255 
-0.0979016 -0.08532489 0.01823635 33 33 33 255 
-0.09820495 -0.08503293 0.01823635 33 33 33 255 
-0.09846018 -0.08469809 0.01823635 33 33 33 255 
-0.09866132 -0.08432822 0.01823635 33 33 33 255 
-0.09880362 -0.08393198 0.01823635 33 33 33 255 
-0.09888378 -0.08351868 0.01823635 33 33 33 255 
-0.09889991 -0.08309796 0.01823635 33 33 33 255 
-0.09885162 -0.08267972 0.01823635 33 33 33 255 
-0.09874006 -0.08227374 0.01823635 33 33 33 255 
-0.09856784 -0.08188956 0.01823635 33 33 33 255 
-0.09833898 -0.08153617 0.01823635 33 33 33 255 
-0.09805886 -0.08122186 0.01823635 33 33 33 255 
-0.09773406 -0.08095398 0.01823635 33 33 33 255 
-0.09737216 -0.08073884 0.01823635 33 33 33 255 
-0.09698166 -0.08058146 0.01823635 33 33 33 255 
-0.09657171 -0.08048551 0.01823635 33 33 33 255 
-0.2141519 -0.1416708 0.0361404 33 33 33 255 
-0.2141519 -0.1415734 0.0350483 33 33 33 255 
-0.2141519 -0.1414116 0.03396389 33 33 33 255 
-0.2141519 -0.1411857 0.03289096 33 33 33 255 
-0.2141519 -0.1408967 0.0318333 33 33 33 255 
-0.2141519 -0.1405456 0.03079462 33 33 33 255 
-0.2141519 -0.1401335 0.02977857 33 33 33 255 
-0.2141519 -0.139662 0.02878871 33 33 33 255 
-0.2141519 -0.1391326 0.02782853 33 33 33 255 
-0.2141519 -0.1385473 0.02690139 33 33 33 255 
-0.2141519 -0.1379081 0.02601055 33 33 33 255 
-0.2141519 -0.1372173 0.02515914 33 33 33 255 
-0.2141519 -0.1364772 0.02435016 33 33 33 255 
-0.2141519 -0.1356905 0.02358644 33 33 33 255 
-0.2141519 -0.1348599 0.02287066 33 33 33 255 
-0.2141519 -0.1339884 0.02220535 33 33 33 255 
-0.2141519 -0.133079 0.02159283 33 33 33 255 
-0.2141519 -0.1321349 0.02103526 33 33 33 255 
-0.2141519 -0.1311595 0.02053459 33 33 33 255 
-0.2141519 -0.1301561 0.0200926 33 33 33 255 
-0.2141519 -0.1291283 0.01971082 33 33 33 255 
-0.2141519 -0.1280797 0.0193906 33 33 33 255 
-0.2141519 -0.1270139 0.01913306 33 33 33 255 
-0.2141519 -0.1259347 0.01893911 33 33 33 255 
-0.2141519 -0.124846 0.01880943 33 33 33 255 
-0.2141519 -0.1237515 0.01874448 33 33 33 255 
-0.2141519 -0.1226551 0.01874448 33 33 33 255 
-0.2141519 -0.1215606 0.01880943 33 33 33 255 
-0.2141519 -0.1204718 0.01893911 33 33 33 255 
-0.2141519 -0.1193927 0.01913306 33 33 33 255 
-0.2141519 -0.1183269 0.0193906 33 33 33 255 
-0.2141519 -0.1172783 0.01971082 33 33 33 255 
-0.2141519 -0.1162505 0.0200926 33 33 33 255 
-0.2141519 -0.1152471 0.02053459 33 33 33 255 
-0.2141519 -0.1142716 0.02103526 33 33 33 255 
-0.2141519 -0.1133275 0.02159283 33 33 33 255 
-0.2141519 -0.1124182 0.02220535 33 33 33 255 
-0.2141519 -0.1115467 0.02287066 33 33 33 255 
-0.2141519 -0.1107161 0.02358644 33 33 33 255 
-0.2141519 -0.1099294 0.02435016 33 33 33 255 
-0.2141519 -0.1091893 0.02515914 33 33 33 255 
-0.2141519 -0.1084985 0.02601055 33 33 33 255 
-0.2141519 -0.1078593 0.02690139 33 33 33 255 
-0.2141519 -0.107274 0.02782853 33 33 33 255 
-0.2141519 -0.1067446 0.02878871 33 33 33 255 
-0.2141519 -0.1062731 0.02977857 33 33 33 255 
-0.2141519 -0.105861 0.03079462 33 33 33 255 
-0.2141519 -0.1055099 0.0318333 33 33 33 255 
-0.2141519 -0.1052209 0.03289096 33 33 33 255 
-0.2141519 -0.104995 0.03396389 33 33 33 255 
-0.2141519 -0.1048331 0.0350483 33 33 33 255 
-0.2141519 -0.1047358 0.0361404 33 33 33 255 
-0.09115193 -0.09323627 0.03583018 33 33 33 255 
-0.09115193 -0.09333511 0.03442711 33 33 33 255 
-0.09115193 -0.09349961 0.03303021 33 33 33 255 
-0.09115193 -0.0937294 0.03164255 33 33 33 255 
-0.09115193 -0.09402399 0.03026719 33 33 33 255 
-0.09115193 -0.09438273 0.02890715 33 33 33 255 
-0.09115193 -0.09480481 0.02756542 33 33 33 255 
-0.09115193 -0.09528934 0.02624495 33 33 33 255 
-0.09115193 -0.09583521 0.02494864 33 33 33 255 
-0.09115193 -0.09644122 0.02367934 33 33 33 255 
-0.09115193 -0.09710611 0.02243985 33 33 33 255 
-0.09115193 -0.09782834 0.02123288 33 33 33 255 
-0.09115193 -0.09860633 0.02006108 33 33 33 255 
-0.09115193 -0.09943841 0.01892705 33 33 33 255 
-0.09115193 -0.1003227 0.01783326 33 33 33 255 
-0.09115193 -0.1012574 0.01678212 33 33 33 255 
-0.09115193 -0.1022402 0.01577595 33 33 33 255 
-0.09115193 -0.1032691 0.01481694 33 33 33 255 
-0.09115193 -0.1043419 0.01390723 33 33 33 255 
-0.09115193 -0.1054561 0.01304879 33 33 33 255 
-0.09115193 -0.1066093 0.01224353 33 33 33 255 
-0.09115193 -0.1077991 0.0114932 33 33 33 255 
-0.09115193 -0.1090226 0.01079947 33 33 33 255 
-0.09115193 -0.1102774 0.01016384 33 33 33 255 
-0.09115193 -0.1115605 0.009587732 33 33 33 255 
-0.09115193 -0.1128693 0.009072399 33 33 33 255 
-0.09115193 -0.1142007 0.008618976 33 33 33 255 
-0.09115193 -0.115552 0.00822846 33 33 33 255 
-0.09115193 -0.1169201 0.00790171 33 33 33 255 
-0.09115193 -0.118302 0.007639444 33 33 33 255 
-0.09115193 -0.1196946 0.007442238 33 33 33 255 
-0.09115193 -0.121095 0.007310526 33 33 33 255 
-0.09115193 -0.1225 0.007244598 33 33 33 255 
-0.09115193 -0.1239066 0.007244598 33 33 33 255 
-0.09115193 -0.1253116 0.007310526 33 33 33 255 
-0.09115193 -0.1267119 0.007442238 33 33 33 255 
-0.09115193 -0.1281046 0.007639444 33 33 33 255 
-0.09115193 -0.1294865 0.00790171 33 33 33 255 
-0.09115193 -0.1308546 0.00822846 33 33 33 255 
-0.09115193 -0.1322058 0.008618976 33 33 33 255 
-0.09115193 -0.1335373 0.009072399 33 33 33 255 
-0.09115193 -0.134846 0.009587732 33 33 33 255 
-0.09115193 -0.1361292 0.01016384 33 33 33 255 
-0.09115193 -0.1373839 0.01079947 33 33 33 255 
-0.09115193 -0.1386075 0.0114932 33 33 33 255 
-0.09115193 -0.1397972 0.01224353 33 33 33 255 
-0.09115193 -0.1409505 0.01304879 33 33 33 255 
-0.09115193 -0.1420647 0.01390723 33 33 33 255 
-0.09115193 -0.1431374 0.01481694 33 33 33 255 
-0.09115193 -0.1441664 0.01577595 33 33 33 255 
-0.09115193 -0.1451492 0.01678212 33 33 33 255 
-0.09115193 -0.1460838 0.01783326 33 33 33 255 
-0.09115193 -0.1469682 0.01892705 33 33 33 255 
-0.09115193 -0.1478002 0.02006108 33 33 33 255 
-0.09115193 -0.1485783 0.02123288 33 33 33 255 
-0.09115193 -0.1493005 0.02243985 33 33 33 255 
-0.09115193 -0.1499653 0.02367934 33 33 33 255 
-0.09115193 -0.1505714 0.02494864 33 33 33 255 
-0.09115193 -0.1511173 0.02624495 33 33 33 255 
-0.09115193 -0.1516017 0.02756542 33 33 33 255 
-0.09115193 -0.1520238 0.02890715 33 33 33 255 
-0.09115193 -0.1523826 0.03026719 33 33 33 255 
-0.09115193 -0.1526772 0.03164255 33 33 33 255 
-0.09115193 -0.152907 0.03303021 33 33 33 255 
-0.09115193 -0.1530715 0.03442711 33 33 33 255 
-0.09115193 -0.1531703 0.03583018 33 33 33 255 
-0.1161519 -0.1581709 0.03573057 33 33 33 255 
-0.1361519 -0.1581709 0.03573057 33 33 33 255 
-0.1161519 -0.1580737 0.03422759 33 33 33 255 
-0.1361519 -0.1580737 0.03422759 33 33 33 255 
-0.1161519 -0.157912 0.03273017 33 33 33 255 
-0.1361519 -0.157912 0.03273017 33 33 33 255 
-0.1161519 -0.157686 0.03124109 33 33 33 255 
-0.1361519 -0.157686 0.03124109 33 33 33 255 
-0.1161519 -0.1573962 0.02976312 33 33 33 255 
-0.1361519 -0.1573962 0.02976312 33 33 33 255 
-0.1161519 -0.157043 0.02829899 33 33 33 255 
-0.1361519 -0.157043 0.02829899 33 33 33 255 
-0.1161519 -0.1566271 0.02685141 33 33 33 255 
-0.1361519 -0.1566271 0.02685141 33 33 33 255 
-0.1161519 -0.1561494 0.02542305 33 33 33 255 
-0.1361519 -0.1561494 0.02542305 33 33 33 255 
-0.1161519 -0.1556107 0.02401657 33 33 33 255 
-0.1361519 -0.1556107 0.02401657 33 33 33 255 
-0.1161519 -0.1550119 0.02263458 33 33 33 255 
-0.1361519 -0.1550119 0.02263458 33 33 33 255 
-0.1161519 -0.1543542 0.02127962 33 33 33 255 
-0.1361519 -0.1543542 0.02127962 33 33 33 255 
-0.1161519 -0.1536389 0.01995421 33 33 33 255 
-0.1361519 -0.1536389 0.01995421 33 33 33 255 
-0.1161519 -0.1528672 0.0186608 33 33 33 255 
-0.1361519 -0.1528672 0.0186608 33 33 33 255 
-0.1161519 -0.1520406 0.01740179 33 33 33 255 
-0.1361519 -0.1520406 0.01740179 33 33 33 255 
-0.1161519 -0.1511606 0.01617951 33 33 33 255 
-0.1361519 -0.1511606 0.01617951 33 33 33 255 
-0.1161519 -0.1502288 0.01499622 33 33 33 255 
-0.1361519 -0.1502288 0.01499622 33 33 33 255 
-0.1161519 -0.1492469 0.01385412 33 33 33 255 
-0.1361519 -0.1492469 0.01385412 33 33 33 255 
-0.1161519 -0.1482169 0.01275531 33 33 33 255 
-0.1361519 -0.1482169 0.01275531 33 33 33 255 
-0.1161519 -0.1471405 0.01170184 33 33 33 255 
-0.1361519 -0.1471405 0.01170184 33 33 33 255 
-0.1161519 -0.1460197 0.01069565 33 33 33 255 
-0.1361519 -0.1460197 0.01069565 33 33 33 255 
-0.1161519 -0.1448568 0.009738608 33 33 33 255 
-0.1361519 -0.1448568 0.009738608 33 33 33 255 
-0.1161519 -0.1436537 0.008832486 33 33 33 255 
-0.1361519 -0.1436537 0.008832486 33 33 33 255 
-0.1161519 -0.1424128 0.007978962 33 33 33 255 
-0.1361519 -0.1424128 0.007978962 33 33 33 255 
-0.1161519 -0.1411363 0.007179615 33 33 33 255 
-0.1361519 -0.1411363 0.007179615 33 33 33 255 
-0.1161519 -0.1398266 0.006435927 33 33 33 255 
-0.1361519 -0.1398266 0.006435927 33 33 33 255 
-0.1161519 -0.1384861 0.005749273 33 33 33 255 
-0.1361519 -0.1384861 0.005749273 33 33 33 255 
-0.1161519 -0.1371173 0.005120927 33 33 33 255 
-0.1361519 -0.1371173 0.005120927 33 33 33 255 
-0.1161519 -0.1357227 0.00455205 33 33 33 255 
-0.1361519 -0.1357227 0.00455205 33 33 33 255 
-0.1161519 -0.134305 0.004043698 33 33 33 255 
-0.1361519 -0.134305 0.004043698 33 33 33 255 
-0.1161519 -0.1328667 0.003596811 33 33 33 255 
-0.1361519 -0.1328667 0.003596811 33 33 33 255 
-0.1161519 -0.1314105 0.003212217 33 33 33 255 
-0.1361519 -0.1314105 0.003212217 33 33 33 255 
-0.1161519 -0.1299391 0.002890627 33 33 33 255 
-0.1361519 -0.1299391 0.002890627 33 33 33 255 
-0.1161519 -0.1284552 0.002632638 33 33 33 255 
-0.1361519 -0.1284552 0.002632638 33 33 33 255 
-0.1161519 -0.1269616 0.002438727 33 33 33 255 
-0.1361519 -0.1269616 0.002438727 33 33 33 255 
-0.1161519 -0.1254611 0.002309253 33 33 33 255 
-0.1361519 -0.1254611 0.002309253 33 33 33 255 
-0.1161519 -0.1239564 0.002244456 33 33 33 255 
-0.1361519 -0.1239564 0.002244456 33 33 33 255 
-0.1161519 -0.1224502 0.002244456 33 33 33 255 
-0.1361519 -0.1224502 0.002244456 33 33 33 255 
-0.1161519 -0.1209455 0.002309253 33 33 33 255 
-0.1361519 -0.1209455 0.002309253 33 33 33 255 
-0.1161519 -0.119445 0.002438727 33 33 33 255 
-0.1361519 -0.119445 0.002438727 33 33 33 255 
-0.1161519 -0.1179514 0.002632638 33 33 33 255 
-0.1361519 -0.1179514 0.002632638 33 33 33 255 
-0.1161519 -0.1164675 0.002890627 33 33 33 255 
-0.1361519 -0.1164675 0.002890627 33 33 33 255 
-0.1161519 -0.1149961 0.003212217 33 33 33 255 
-0.1361519 -0.1149961 0.003212217 33 33 33 255 
-0.1161519 -0.1135399 0.003596811 33 33 33 255 
-0.1361519 -0.1135399 0.003596811 33 33 33 255 
-0.1161519 -0.1121016 0.004043698 33 33 33 255 
-0.1361519 -0.1121016 0.004043698 33 33 33 255 
-0.1161519 -0.1106838 0.00455205 33 33 33 255 
-0.1361519 -0.1106838 0.00455205 33 33 33 255 
-0.1161519 -0.1092893 0.005120927 33 33 33 255 
-0.1361519 -0.1092893 0.005120927 33 33 33 255 
-0.1161519 -0.1079205 0.005749273 33 33 33 255 
-0.1361519 -0.1079205 0.005749273 33 33 33 255 
-0.1161519 -0.10658 0.006435927 33 33 33 255 
-0.1361519 -0.10658 0.006435927 33 33 33 255 
-0.1161519 -0.1052703 0.007179615 33 33 33 255 
-0.1361519 -0.1052703 0.007179615 33 33 33 255 
-0.1161519 -0.1039938 0.007978962 33 33 33 255 
-0.1361519 -0.1039938 0.007978962 33 33 33 255 
-0.1161519 -0.1027528 0.008832486 33 33 33 255 
-0.1361519 -0.1027528 0.008832486 33 33 33 255 
-0.1161519 -0.1015498 0.009738608 33 33 33 255 
-0.1361519 -0.1015498 0.009738608 33 33 33 255 
-0.1161519 -0.1003868 0.01069565 33 33 33 255 
-0.1361519 -0.1003868 0.01069565 33 33 33 255 
-0.1161519 -0.09926611 0.01170184 33 33 33 255 
-0.1361519 -0.09926611 0.01170184 33 33 33 255 
-0.1161519 -0.09818973 0.01275531 33 33 33 255 
-0.1361519 -0.09818973 0.01275531 33 33 33 255 
-0.1161519 -0.09715964 0.01385412 33 33 33 255 
-0.1361519 -0.09715964 0.01385412 33 33 33 255 
-0.1161519 -0.09617779 0.01499622 33 33 33 255 
-0.1361519 -0.09617779 0.01499622 33 33 33 255 
-0.1161519 -0.095246 0.01617951 33 33 33 255 
-0.1361519 -0.095246 0.01617951 33 33 33 255 
-0.1161519 -0.094366 0.01740179 33 33 33 255 
-0.1361519 -0.094366 0.01740179 33 33 33 255 
-0.1161519 -0.09353937 0.0186608 33 33 33 255 
-0.1361519 -0.09353937 0.0186608 33 33 33 255 
-0.1161519 -0.09276767 0.01995421 33 33 33 255 
-0.1361519 -0.09276767 0.01995421 33 33 33 255 
-0.1161519 -0.09205234 0.02127962 33 33 33 255 
-0.1361519 -0.09205234 0.02127962 33 33 33 255 
-0.1161519 -0.09139469 0.02263458 33 33 33 255 
-0.1361519 -0.09139469 0.02263458 33 33 33 255 
-0.1161519 -0.09079593 0.02401657 33 33 33 255 
-0.1361519 -0.09079593 0.02401657 33 33 33 255 
-0.1161519 -0.09025718 0.02542305 33 33 33 255 
-0.1361519 -0.09025718 0.02542305 33 33 33 255 
-0.1161519 -0.08977945 0.02685141 33 33 33 255 
-0.1361519 -0.08977945 0.02685141 33 33 33 255 
-0.1161519 -0.08936362 0.02829899 33 33 33 255 
-0.1361519 -0.08936362 0.02829899 33 33 33 255 
-0.1161519 -0.08901044 0.02976312 33 33 33 255 
-0.1361519 -0.08901044 0.02976312 33 33 33 255 
-0.1161519 -0.08872058 0.03124109 33 33 33 255 
-0.1361519 -0.08872058 0.03124109 33 33 33 255 
-0.1161519 -0.08849457 0.03273017 33 33 33 255 
-0.1361519 -0.08849457 0.03273017 33 33 33 255 
-0.1161519 -0.08833285 0.03422759 33 33 33 255 
-0.1361519 -0.08833285 0.03422759 33 33 33 255 
-0.1161519 -0.08823569 0.03573057 33 33 33 255 
-0.1361519 -0.08823569 0.03573057 33 33 33 255 
-0.1361519 -0.1017359 0.03605197 33 33 33 255 
-0.1604853 -0.1017359 0.03605197 33 33 33 255 
-0.1848186 -0.1017359 0.03605197 33 33 33 255 
-0.1848186 -0.1018338 0.03487118 33 33 33 255 
-0.1848186 -0.1019965 0.03369757 33 33 33 255 
-0.1848186 -0.1022237 0.03253471 33 33 33 255 
-0.1848186 -0.1025145 0.03138613 33 33 33 255 
-0.1848186 -0.1028682 0.03025532 33 33 33 255 
-0.1848186 -0.1032837 0.0291457 33 33 33 255 
-0.1848186 -0.1037596 0.02806066 33 33 33 255 
-0.1848186 -0.1042946 0.02700348 33 33 33 255 
-0.1848186 -0.104887 0.02597739 33 33 33 255 
-0.1848186 -0.1055351 0.02498548 33 33 33 255 
-0.1848186 -0.1062368 0.02403078 33 33 33 255 
-0.1848186 -0.10699 0.02311619 33 33 33 255 
-0.1848186 -0.1077925 0.02224447 33 33 33 255 
-0.1848186 -0.1086417 0.02141829 33 33 33 255 
-0.1848186 -0.1095352 0.02064015 33 33 33 255 
-0.1848186 -0.1104703 0.0199124 33 33 33 255 
-0.1848186 -0.1114439 0.01923727 33 33 33 255 
-0.1848186 -0.1124533 0.01861681 33 33 33 255 
-0.1848186 -0.1134953 0.01805289 33 33 33 255 
-0.1848186 -0.1145668 0.01754723 33 33 33 255 
-0.1848186 -0.1156646 0.01710136 33 33 33 255 
-0.1848186 -0.1167852 0.01671665 33 33 33 255 
-0.1848186 -0.1179254 0.01639425 33 33 33 255 
-0.1848186 -0.1190815 0.01613515 33 33 33 255 
-0.1848186 -0.1202502 0.01594013 33 33 33 255 
-0.1848186 -0.1214278 0.01580979 33 33 33 255 
-0.1848186 -0.1226109 0.01574452 33 33 33 255 
-0.1848186 -0.1237957 0.01574452 33 33 33 255 
-0.1848186 -0.1249788 0.01580979 33 33 33 255 
-0.1848186 -0.1261564 0.01594013 33 33 33 255 
-0.1848186 -0.1273251 0.01613515 33 33 33 255 
-0.1848186 -0.1284812 0.01639425 33 33 33 255 
-0.1848186 -0.1296214 0.01671665 33 33 33 255 
-0.1848186 -0.130742 0.01710136 33 33 33 255 
-0.1848186 -0.1318398 0.01754723 33 33 33 255 
-0.1848186 -0.1329112 0.01805289 33 33 33 255 
-0.1848186 -0.1339533 0.01861681 33 33 33 255 
-0.1848186 -0.1349627 0.01923727 33 33 33 255 
-0.1848186 -0.1359363 0.0199124 33 33 33 255 
-0.1848186 -0.1368713 0.02064015 33 33 33 255 
-0.1848186 -0.1377648 0.02141829 33 33 33 255 
-0.1848186 -0.1386141 0.02224447 33 33 33 255 
-0.1848186 -0.1394166 0.02311619 33 33 33 255 
-0.1848186 -0.1401698 0.02403078 33 33 33 255 
-0.1848186 -0.1408715 0.02498548 33 33 33 255 
-0.1848186 -0.1415196 0.02597739 33 33 33 255 
-0.1848186 -0.142112 0.02700348 33 33 33 255 
-0.1848186 -0.142647 0.02806066 33 33 33 255 
-0.1848186 -0.1431229 0.0291457 33 33 33 255 
-0.1848186 -0.1435384 0.03025532 33 33 33 255 
-0.1848186 -0.1438921 0.03138613 33 33 33 255 
-0.1848186 -0.1441829 0.03253471 33 33 33 255 
-0.1848186 -0.1444101 0.03369757 33 33 33 255 
-0.1848186 -0.1445728 0.03487118 33 33 33 255 
-0.1848186 -0.1446707 0.03605197 33 33 33 255 
-0.1604853 -0.1446707 0.03605197 33 33 33 255 
-0.1361519 -0.1446707 0.03605197 33 33 33 255 
-0.1361519 -0.1445728 0.03487118 33 33 33 255 
-0.1604853 -0.1445728 0.03487118 33 33 33 255 
-0.1361519 -0.1444101 0.03369757 33 33 33 255 
-0.1604853 -0.1444101 0.03369757 33 33 33 255 
-0.1361519 -0.1441829 0.03253471 33 33 33 255 
-0.1604853 -0.1441829 0.03253471 33 33 33 255 
-0.1361519 -0.1438921 0.03138613 33 33 33 255 
-0.1604853 -0.1438921 0.03138613 33 33 33 255 
-0.1361519 -0.1435384 0.03025532 33 33 33 255 
-0.1604853 -0.1435384 0.03025532 33 33 33 255 
-0.1361519 -0.1431229 0.0291457 33 33 33 255 
-0.1604853 -0.1431229 0.0291457 33 33 33 255 
-0.1361519 -0.142647 0.02806066 33 33 33 255 
-0.1604853 -0.142647 0.02806066 33 33 33 255 
-0.1361519 -0.142112 0.02700348 33 33 33 255 
-0.1604853 -0.142112 0.02700348 33 33 33 255 
-0.1361519 -0.1415196 0.02597739 33 33 33 255 
-0.1604853 -0.1415196 0.02597739 33 33 33 255 
-0.1361519 -0.1408715 0.02498548 33 33 33 255 
-0.1604853 -0.1408715 0.02498548 33 33 33 255 
-0.1361519 -0.1401698 0.02403078 33 33 33 255 
-0.1604853 -0.1401698 0.02403078 33 33 33 255 
-0.1361519 -0.1394166 0.02311619 33 33 33 255 
-0.1604853 -0.1394166 0.02311619 33 33 33 255 
-0.1361519 -0.1386141 0.02224447 33 33 33 255 
-0.1604853 -0.1386141 0.02224447 33 33 33 255 
-0.1361519 -0.1377648 0.02141829 33 33 33 255 
-0.1604853 -0.1377648 0.02141829 33 33 33 255 
-0.1361519 -0.1368713 0.02064015 33 33 33 255 
-0.1604853 -0.1368713 0.02064015 33 33 33 255 
-0.1361519 -0.1359363 0.0199124 33 33 33 255 
-0.1604853 -0.1359363 0.0199124 33 33 33 255 
-0.1361519 -0.1349627 0.01923727 33 33 33 255 
-0.1604853 -0.1349627 0.01923727 33 33 33 255 
-0.1361519 -0.1339533 0.01861681 33 33 33 255 
-0.1604853 -0.1339533 0.01861681 33 33 33 255 
-0.1361519 -0.1329112 0.01805289 33 33 33 255 
-0.1604853 -0.1329112 0.01805289 33 33 33 255 
-0.1361519 -0.1318398 0.01754723 33 33 33 255 
-0.1604853 -0.1318398 0.01754723 33 33 33 255 
-0.1361519 -0.130742 0.01710136 33 33 33 255 
-0.1604853 -0.130742 0.01710136 33 33 33 255 
-0.1361519 -0.1296214 0.01671665 33 33 33 255 
-0.1604853 -0.1296214 0.01671665 33 33 33 255 
-0.1361519 -0.1284812 0.01639425 33 33 33 255 
-0.1604853 -0.1284812 0.01639425 33 33 33 255 
-0.1361519 -0.1273251 0.01613515 33 33 33 255 
-0.1604853 -0.1273251 0.01613515 33 33 33 255 
-0.1361519 -0.1261564 0.01594013 33 33 33 255 
-0.1604853 -0.1261564 0.01594013 33 33 33 255 
-0.1361519 -0.1249788 0.01580979 33 33 33 255 
-0.1604853 -0.1249788 0.01580979 33 33 33 255 
-0.1361519 -0.1237957 0.01574452 33 33 33 255 
-0.1604853 -0.1237957 0.01574452 33 33 33 255 
-0.1361519 -0.1226109 0.01574452 33 33 33 255 
-0.1604853 -0.1226109 0.01574452 33 33 33 255 
-0.1361519 -0.1214278 0.01580979 33 33 33 255 
-0.1604853 -0.1214278 0.01580979 33 33 33 255 
-0.1361519 -0.1202502 0.01594013 33 33 33 255 
-0.1604853 -0.1202502 0.01594013 33 33 33 255 
-0.1361519 -0.1190815 0.01613515 33 33 33 255 
-0.1604853 -0.1190815 0.01613515 33 33 33 255 
-0.1361519 -0.1179254 0.01639425 33 33 33 255 
-0.1604853 -0.1179254 0.01639425 33 33 33 255 
-0.1361519 -0.1167852 0.01671665 33 33 33 255 
-0.1604853 -0.1167852 0.01671665 33 33 33 255 
-0.1361519 -0.1156646 0.01710136 33 33 33 255 
-0.1604853 -0.1156646 0.01710136 33 33 33 255 
-0.1361519 -0.1145668 0.01754723 33 33 33 255 
-0.1604853 -0.1145668 0.01754723 33 33 33 255 
-0.1361519 -0.1134953 0.01805289 33 33 33 255 
-0.1604853 -0.1134953 0.01805289 33 33 33 255 
-0.1361519 -0.1124533 0.01861681 33 33 33 255 
-0.1604853 -0.1124533 0.01861681 33 33 33 255 
-0.1361519 -0.1114439 0.01923727 33 33 33 255 
-0.1604853 -0.1114439 0.01923727 33 33 33 255 
-0.1361519 -0.1104703 0.0199124 33 33 33 255 
-0.1604853 -0.1104703 0.0199124 33 33 33 255 
-0.1361519 -0.1095352 0.02064015 33 33 33 255 
-0.1604853 -0.1095352 0.02064015 33 33 33 255 
-0.1361519 -0.1086417 0.02141829 33 33 33 255 
-0.1604853 -0.1086417 0.02141829 33 33 33 255 
-0.1361519 -0.1077925 0.02224447 33 33 33 255 
-0.1604853 -0.1077925 0.02224447 33 33 33 255 
-0.1361519 -0.10699 0.02311619 33 33 33 255 
-0.1604853 -0.10699 0.02311619 33 33 33 255 
-0.1361519 -0.1062368 0.02403078 33 33 33 255 
-0.1604853 -0.1062368 0.02403078 33 33 33 255 
-0.1361519 -0.1055351 0.02498548 33 33 33 255 
-0.1604853 -0.1055351 0.02498548 33 33 33 255 
-0.1361519 -0.104887 0.02597739 33 33 33 255 
-0.1604853 -0.104887 0.02597739 33 33 33 255 
-0.1361519 -0.1042946 0.02700348 33 33 33 255 
-0.1604853 -0.1042946 0.02700348 33 33 33 255 
-0.1361519 -0.1037596 0.02806066 33 33 33 255 
-0.1604853 -0.1037596 0.02806066 33 33 33 255 
-0.1361519 -0.1032837 0.0291457 33 33 33 255 
-0.1604853 -0.1032837 0.0291457 33 33 33 255 
-0.1361519 -0.1028682 0.03025532 33 33 33 255 
-0.1604853 -0.1028682 0.03025532 33 33 33 255 
-0.1361519 -0.1025145 0.03138613 33 33 33 255 
-0.1604853 -0.1025145 0.03138613 33 33 33 255 
-0.1361519 -0.1022237 0.03253471 33 33 33 255 
-0.1604853 -0.1022237 0.03253471 33 33 33 255 
-0.1361519 -0.1019965 0.03369757 33 33 33 255 
-0.1604853 -0.1019965 0.03369757 33 33 33 255 
-0.1361519 -0.1018338 0.03487118 33 33 33 255 
-0.1604853 -0.1018338 0.03487118 33 33 33 255 
-0.1341519 -0.1416708 0.0361404 33 33 33 255 
-0.1541519 -0.1416708 0.0361404 33 33 33 255 
-0.1741519 -0.1416708 0.0361404 33 33 33 255 
-0.1941519 -0.1416708 0.0361404 33 33 33 255 
-0.1941519 -0.1415734 0.0350483 33 33 33 255 
-0.1941519 -0.1414116 0.03396389 33 33 33 255 
-0.1941519 -0.1411857 0.03289096 33 33 33 255 
-0.1941519 -0.1408967 0.0318333 33 33 33 255 
-0.1941519 -0.1405456 0.03079462 33 33 33 255 
-0.1941519 -0.1401335 0.02977857 33 33 33 255 
-0.1941519 -0.139662 0.02878871 33 33 33 255 
-0.1941519 -0.1391326 0.02782853 33 33 33 255 
-0.1941519 -0.1385473 0.02690139 33 33 33 255 
-0.1941519 -0.1379081 0.02601055 33 33 33 255 
-0.1941519 -0.1372173 0.02515914 33 33 33 255 
-0.1941519 -0.1364772 0.02435016 33 33 33 255 
-0.1941519 -0.1356905 0.02358644 33 33 33 255 
-0.1941519 -0.1348599 0.02287066 33 33 33 255 
-0.1941519 -0.1339884 0.02220535 33 33 33 255 
-0.1941519 -0.133079 0.02159283 33 33 33 255 
-0.1941519 -0.1321349 0.02103526 33 33 33 255 
-0.1941519 -0.1311595 0.02053459 33 33 33 255 
-0.1941519 -0.1301561 0.0200926 33 33 33 255 
-0.1941519 -0.1291283 0.01971082 33 33 33 255 
-0.1941519 -0.1280797 0.0193906 33 33 33 255 
-0.1941519 -0.1270139 0.01913306 33 33 33 255 
-0.1941519 -0.1259347 0.01893911 33 33 33 255 
-0.1941519 -0.124846 0.01880943 33 33 33 255 
-0.1941519 -0.1237515 0.01874448 33 33 33 255 
-0.1941519 -0.1226551 0.01874448 33 33 33 255 
-0.1941519 -0.1215606 0.01880943 33 33 33 255 
-0.1941519 -0.1204718 0.01893911 33 33 33 255 
-0.1941519 -0.1193927 0.01913306 33 33 33 255 
-0.1941519 -0.1183269 0.0193906 33 33 33 255 
-0.1941519 -0.1172783 0.01971082 33 33 33 255 
-0.1941519 -0.1162505 0.0200926 33 33 33 255 
-0.1941519 -0.1152471 0.02053459 33 33 33 255 
-0.1941519 -0.1142716 0.02103526 33 33 33 255 
-0.1941519 -0.1133275 0.02159283 33 33 33 255 
-0.1941519 -0.1124182 0.02220535 33 33 33 255 
-0.1941519 -0.1115467 0.02287066 33 33 33 255 
-0.1941519 -0.1107161 0.02358644 33 33 33 255 
-0.1941519 -0.1099294 0.02435016 33 33 33 255 
-0.1941519 -0.1091893 0.02515914 33 33 33 255 
-0.1941519 -0.1084985 0.02601055 33 33 33 255 
-0.1941519 -0.1078593 0.02690139 33 33 33 255 
-0.1941519 -0.107274 0.02782853 33 33 33 255 
-0.1941519 -0.1067446 0.02878871 33 33 33 255 
-0.1941519 -0.1062731 0.02977857 33 33 33 255 
-0.1941519 -0.105861 0.03079462 33 33 33 255 
-0.1941519 -0.1055099 0.0318333 33 33 33 255 
-0.1941519 -0.1052209 0.03289096 33 33 33 255 
-0.1941519 -0.104995 0.03396389 33 33 33 255 
-0.1941519 -0.1048331 0.0350483 33 33 33 255 
-0.1941519 -0.1047358 0.0361404 33 33 33 255 
-0.1741519 -0.1047358 0.0361404 33 33 33 255 
-0.1541519 -0.1047358 0.0361404 33 33 33 255 
-0.1341519 -0.1047358 0.0361404 33 33 33 255 
-0.1341519 -0.1048331 0.0350483 33 33 33 255 
-0.1541519 -0.1048331 0.0350483 33 33 33 255 
-0.1341519 -0.104995 0.03396389 33 33 33 255 
-0.1541519 -0.104995 0.03396389 33 33 33 255 
-0.1341519 -0.1052209 0.03289096 33 33 33 255 
-0.1541519 -0.1052209 0.03289096 33 33 33 255 
-0.1341519 -0.1055099 0.0318333 33 33 33 255 
-0.1541519 -0.1055099 0.0318333 33 33 33 255 
-0.1341519 -0.105861 0.03079462 33 33 33 255 
-0.1541519 -0.105861 0.03079462 33 33 33 255 
-0.1341519 -0.1062731 0.02977857 33 33 33 255 
-0.1541519 -0.1062731 0.02977857 33 33 33 255 
-0.1341519 -0.1067446 0.02878871 33 33 33 255 
-0.1541519 -0.1067446 0.02878871 33 33 33 255 
-0.1341519 -0.107274 0.02782853 33 33 33 255 
-0.1541519 -0.107274 0.02782853 33 33 33 255 
-0.1341519 -0.1078593 0.02690139 33 33 33 255 
-0.1541519 -0.1078593 0.02690139 33 33 33 255 
-0.1341519 -0.1084985 0.02601055 33 33 33 255 
-0.1541519 -0.1084985 0.02601055 33 33 33 255 
-0.1341519 -0.1091893 0.02515914 33 33 33 255 
-0.1541519 -0.1091893 0.02515914 33 33 33 255 
-0.1341519 -0.1099294 0.02435016 33 33 33 255 
-0.1541519 -0.1099294 0.02435016 33 33 33 255 
-0.1341519 -0.1107161 0.02358644 33 33 33 255 
-0.1541519 -0.1107161 0.02358644 33 33 33 255 
-0.1341519 -0.1115467 0.02287066 33 33 33 255 
-0.1541519 -0.1115467 0.02287066 33 33 33 255 
-0.1341519 -0.1124182 0.02220535 33 33 33 255 
-0.1541519 -0.1124182 0.02220535 33 33 33 255 
-0.1341519 -0.1133275 0.02159283 33 33 33 255 
-0.1541519 -0.1133275 0.02159283 33 33 33 255 
-0.1341519 -0.1142716 0.02103526 33 33 33 255 
-0.1541519 -0.1142716 0.02103526 33 33 33 255 
-0.1341519 -0.1152471 0.02053459 33 33 33 255 
-0.1541519 -0.1152471 0.02053459 33 33 33 255 
-0.1341519 -0.1162505 0.0200926 33 33 33 255 
-0.1541519 -0.1162505 0.0200926 33 33 33 255 
-0.1341519 -0.1172783 0.01971082 33 33 33 255 
-0.1541519 -0.1172783 0.01971082 33 33 33 255 
-0.1341519 -0.1183269 0.0193906 33 33 33 255 
-0.1541519 -0.1183269 0.0193906 33 33 33 255 
-0.1341519 -0.1193927 0.01913306 33 33 33 255 
-0.1541519 -0.1193927 0.01913306 33 33 33 255 
-0.1341519 -0.1204718 0.01893911 33 33 33 255 
-0.1541519 -0.1204718 0.01893911 33 33 33 255 
-0.1341519 -0.1215606 0.01880943 33 33 33 255 
-0.1541519 -0.1215606 0.01880943 33 33 33 255 
-0.1341519 -0.1226551 0.01874448 33 33 33 255 
-0.1541519 -0.1226551 0.01874448 33 33 33 255 
-0.1341519 -0.1237515 0.01874448 33 33 33 255 
-0.1541519 -0.1237515 0.01874448 33 33 33 255 
-0.1341519 -0.124846 0.01880943 33 33 33 255 
-0.1541519 -0.124846 0.01880943 33 33 33 255 
-0.1341519 -0.1259347 0.01893911 33 33 33 255 
-0.1541519 -0.1259347 0.01893911 33 33 33 255 
-0.1341519 -0.1270139 0.01913306 33 33 33 255 
-0.1541519 -0.1270139 0.01913306 33 33 33 255 
-0.1341519 -0.1280797 0.0193906 33 33 33 255 
-0.1541519 -0.1280797 0.0193906 33 33 33 255 
-0.1341519 -0.1291283 0.01971082 33 33 33 255 
-0.1541519 -0.1291283 0.01971082 33 33 33 255 
-0.1341519 -0.1301561 0.0200926 33 33 33 255 
-0.1541519 -0.1301561 0.0200926 33 33 33 255 
-0.1341519 -0.1311595 0.02053459 33 33 33 255 
-0.1541519 -0.1311595 0.02053459 33 33 33 255 
-0.1341519 -0.1321349 0.02103526 33 33 33 255 
-0.1541519 -0.1321349 0.02103526 33 33 33 255 
-0.1341519 -0.133079 0.02159283 33 33 33 255 
-0.1541519 -0.133079 0.02159283 33 33 33 255 
-0.1341519 -0.1339884 0.02220535 33 33 33 255 
-0.1541519 -0.1339884 0.02220535 33 33 33 255 
-0.1341519 -0.1348599 0.02287066 33 33 33 255 
-0.1541519 -0.1348599 0.02287066 33 33 33 255 
-0.1341519 -0.1356905 0.02358644 33 33 33 255 
-0.1541519 -0.1356905 0.02358644 33 33 33 255 
-0.1341519 -0.1364772 0.02435016 33 33 33 255 
-0.1541519 -0.1364772 0.02435016 33 33 33 255 
-0.1341519 -0.1372173 0.02515914 33 33 33 255 
-0.1541519 -0.1372173 0.02515914 33 33 33 255 
-0.1341519 -0.1379081 0.02601055 33 33 33 255 
-0.1541519 -0.1379081 0.02601055 33 33 33 255 
-0.1341519 -0.1385473 0.02690139 33 33 33 255 
-0.1541519 -0.1385473 0.02690139 33 33 33 255 
-0.1341519 -0.1391326 0.02782853 33 33 33 255 
-0.1541519 -0.1391326 0.02782853 33 33 33 255 
-0.1341519 -0.139662 0.02878871 33 33 33 255 
-0.1541519 -0.139662 0.02878871 33 33 33 255 
-0.1341519 -0.1401335 0.02977857 33 33 33 255 
-0.1541519 -0.1401335 0.02977857 33 33 33 255 
-0.1341519 -0.1405456 0.03079462 33 33 33 255 
-0.1541519 -0.1405456 0.03079462 33 33 33 255 
-0.1341519 -0.1408967 0.0318333 33 33 33 255 
-0.1541519 -0.1408967 0.0318333 33 33 33 255 
-0.1341519 -0.1411857 0.03289096 33 33 33 255 
-0.1541519 -0.1411857 0.03289096 33 33 33 255 
-0.1341519 -0.1414116 0.03396389 33 33 33 255 
-0.1541519 -0.1414116 0.03396389 33 33 33 255 
-0.1341519 -0.1415734 0.0350483 33 33 33 255 
-0.1541519 -0.1415734 0.0350483 33 33 33 255 
-0.1741519 -0.1415734 0.0350483 33 33 33 255 
-0.1741519 -0.1414116 0.03396389 33 33 33 255 
-0.1741519 -0.1411857 0.03289096 33 33 33 255 
-0.1741519 -0.1408967 0.0318333 33 33 33 255 
-0.1741519 -0.1405456 0.03079462 33 33 33 255 
-0.1741519 -0.1401335 0.02977857 33 33 33 255 
-0.1741519 -0.139662 0.02878871 33 33 33 255 
-0.1741519 -0.1391326 0.02782853 33 33 33 255 
-0.1741519 -0.1385473 0.02690139 33 33 33 255 
-0.1741519 -0.1379081 0.02601055 33 33 33 255 
-0.1741519 -0.1372173 0.02515914 33 33 33 255 
-0.1741519 -0.1364772 0.02435016 33 33 33 255 
-0.1741519 -0.1356905 0.02358644 33 33 33 255 
-0.1741519 -0.1348599 0.02287066 33 33 33 255 
-0.1741519 -0.1339884 0.02220535 33 33 33 255 
-0.1741519 -0.133079 0.02159283 33 33 33 255 
-0.1741519 -0.1321349 0.02103526 33 33 33 255 
-0.1741519 -0.1311595 0.02053459 33 33 33 255 
-0.1741519 -0.1301561 0.0200926 33 33 33 255 
-0.1741519 -0.1291283 0.01971082 33 33 33 255 
-0.1741519 -0.1280797 0.0193906 33 33 33 255 
-0.1741519 -0.1270139 0.01913306 33 33 33 255 
-0.1741519 -0.1259347 0.01893911 33 33 33 255 
-0.1741519 -0.124846 0.01880943 33 33 33 255 
-0.1741519 -0.1237515 0.01874448 33 33 33 255 
-0.1741519 -0.1226551 0.01874448 33 33 33 255 
-0.1741519 -0.1215606 0.01880943 33 33 33 255 
-0.1741519 -0.1204718 0.01893911 33 33 33 255 
-0.1741519 -0.1193927 0.01913306 33 33 33 255 
-0.1741519 -0.1183269 0.0193906 33 33 33 255 
-0.1741519 -0.1172783 0.01971082 33 33 33 255 
-0.1741519 -0.1162505 0.0200926 33 33 33 255 
-0.1741519 -0.1152471 0.02053459 33 33 33 255 
-0.1741519 -0.1142716 0.02103526 33 33 33 255 
-0.1741519 -0.1133275 0.02159283 33 33 33 255 
-0.1741519 -0.1124182 0.02220535 33 33 33 255 
-0.1741519 -0.1115467 0.02287066 33 33 33 255 
-0.1741519 -0.1107161 0.02358644 33 33 33 255 
-0.1741519 -0.1099294 0.02435016 33 33 33 255 
-0.1741519 -0.1091893 0.02515914 33 33 33 255 
-0.1741519 -0.1084985 0.02601055 33 33 33 255 
-0.1741519 -0.1078593 0.02690139 33 33 33 255 
-0.1741519 -0.107274 0.02782853 33 33 33 255 
-0.1741519 -0.1067446 0.02878871 33 33 33 255 
-0.1741519 -0.1062731 0.02977857 33 33 33 255 
-0.1741519 -0.105861 0.03079462 33 33 33 255 
-0.1741519 -0.1055099 0.0318333 33 33 33 255 
-0.1741519 -0.1052209 0.03289096 33 33 33 255 
-0.1741519 -0.104995 0.03396389 33 33 33 255 
-0.1741519 -0.1048331 0.0350483 33 33 33 255 
-0.1341519 -0.1531703 0.03583018 33 33 33 255 
-0.1341519 -0.1530715 0.03442711 33 33 33 255 
-0.1341519 -0.152907 0.03303021 33 33 33 255 
-0.1341519 -0.1526772 0.03164255 33 33 33 255 
-0.1341519 -0.1523826 0.03026719 33 33 33 255 
-0.1341519 -0.1520238 0.02890715 33 33 33 255 
-0.1341519 -0.1516017 0.02756542 33 33 33 255 
-0.1341519 -0.1511173 0.02624495 33 33 33 255 
-0.1341519 -0.1505714 0.02494864 33 33 33 255 
-0.1341519 -0.1499653 0.02367934 33 33 33 255 
-0.1341519 -0.1493005 0.02243985 33 33 33 255 
-0.1341519 -0.1485783 0.02123288 33 33 33 255 
-0.1341519 -0.1478002 0.02006108 33 33 33 255 
-0.1341519 -0.1469682 0.01892705 33 33 33 255 
-0.1341519 -0.1460838 0.01783326 33 33 33 255 
-0.1341519 -0.1451492 0.01678212 33 33 33 255 
-0.1341519 -0.1441664 0.01577595 33 33 33 255 
-0.1341519 -0.1431374 0.01481694 33 33 33 255 
-0.1341519 -0.1420647 0.01390723 33 33 33 255 
-0.1341519 -0.1409505 0.01304879 33 33 33 255 
-0.1341519 -0.1397972 0.01224353 33 33 33 255 
-0.1341519 -0.1386075 0.0114932 33 33 33 255 
-0.1341519 -0.1373839 0.01079947 33 33 33 255 
-0.1341519 -0.1361292 0.01016384 33 33 33 255 
-0.1341519 -0.134846 0.009587732 33 33 33 255 
-0.1341519 -0.1335373 0.009072399 33 33 33 255 
-0.1341519 -0.1322058 0.008618976 33 33 33 255 
-0.1341519 -0.1308546 0.00822846 33 33 33 255 
-0.1341519 -0.1294865 0.00790171 33 33 33 255 
-0.1341519 -0.1281046 0.007639444 33 33 33 255 
-0.1341519 -0.1267119 0.007442238 33 33 33 255 
-0.1341519 -0.1253116 0.007310526 33 33 33 255 
-0.1341519 -0.1239066 0.007244598 33 33 33 255 
-0.1341519 -0.1225 0.007244598 33 33 33 255 
-0.1341519 -0.121095 0.007310526 33 33 33 255 
-0.1341519 -0.1196946 0.007442238 33 33 33 255 
-0.1341519 -0.118302 0.007639444 33 33 33 255 
-0.1341519 -0.1169201 0.00790171 33 33 33 255 
-0.1341519 -0.115552 0.00822846 33 33 33 255 
-0.1341519 -0.1142007 0.008618976 33 33 33 255 
-0.1341519 -0.1128693 0.009072399 33 33 33 255 
-0.1341519 -0.1115605 0.009587732 33 33 33 255 
-0.1341519 -0.1102774 0.01016384 33 33 33 255 
-0.1341519 -0.1090226 0.01079947 33 33 33 255 
-0.1341519 -0.1077991 0.0114932 33 33 33 255 
-0.1341519 -0.1066093 0.01224353 33 33 33 255 
-0.1341519 -0.1054561 0.01304879 33 33 33 255 
-0.1341519 -0.1043419 0.01390723 33 33 33 255 
-0.1341519 -0.1032691 0.01481694 33 33 33 255 
-0.1341519 -0.1022402 0.01577595 33 33 33 255 
-0.1341519 -0.1012574 0.01678212 33 33 33 255 
-0.1341519 -0.1003227 0.01783326 33 33 33 255 
-0.1341519 -0.09943841 0.01892705 33 33 33 255 
-0.1341519 -0.09860633 0.02006108 33 33 33 255 
-0.1341519 -0.09782834 0.02123288 33 33 33 255 
-0.1341519 -0.09710611 0.02243985 33 33 33 255 
-0.1341519 -0.09644122 0.02367934 33 33 33 255 
-0.1341519 -0.09583521 0.02494864 33 33 33 255 
-0.1341519 -0.09528934 0.02624495 33 33 33 255 
-0.1341519 -0.09480481 0.02756542 33 33 33 255 
-0.1341519 -0.09438273 0.02890715 33 33 33 255 
-0.1341519 -0.09402399 0.03026719 33 33 33 255 
-0.1341519 -0.0937294 0.03164255 33 33 33 255 
-0.1341519 -0.09349961 0.03303021 33 33 33 255 
-0.1341519 -0.09333511 0.03442711 33 33 33 255 
-0.1341519 -0.09323627 0.03583018 33 33 33 255 
-0.1126519 -0.09323627 0.03583018 33 33 33 255 
-0.1126519 -0.09333511 0.03442711 33 33 33 255 
-0.1126519 -0.09349961 0.03303021 33 33 33 255 
-0.1126519 -0.0937294 0.03164255 33 33 33 255 
-0.1126519 -0.09402399 0.03026719 33 33 33 255 
-0.1126519 -0.09438273 0.02890715 33 33 33 255 
-0.1126519 -0.09480481 0.02756542 33 33 33 255 
-0.1126519 -0.09528934 0.02624495 33 33 33 255 
-0.1126519 -0.09583521 0.02494864 33 33 33 255 
-0.1126519 -0.09644122 0.02367934 33 33 33 255 
-0.1126519 -0.09710611 0.02243985 33 33 33 255 
-0.1126519 -0.09782834 0.02123288 33 33 33 255 
-0.1126519 -0.09860633 0.02006108 33 33 33 255 
-0.1126519 -0.09943841 0.01892705 33 33 33 255 
-0.1126519 -0.1003227 0.01783326 33 33 33 255 
-0.1126519 -0.1012574 0.01678212 33 33 33 255 
-0.1126519 -0.1022402 0.01577595 33 33 33 255 
-0.1126519 -0.1032691 0.01481694 33 33 33 255 
-0.1126519 -0.1043419 0.01390723 33 33 33 255 
-0.1126519 -0.1054561 0.01304879 33 33 33 255 
-0.1126519 -0.1066093 0.01224353 33 33 33 255 
-0.1126519 -0.1077991 0.0114932 33 33 33 255 
-0.1126519 -0.1090226 0.01079947 33 33 33 255 
-0.1126519 -0.1102774 0.01016384 33 33 33 255 
-0.1126519 -0.1115605 0.009587732 33 33 33 255 
-0.1126519 -0.1128693 0.009072399 33 33 33 255 
-0.1126519 -0.1142007 0.008618976 33 33 33 255 
-0.1126519 -0.115552 0.00822846 33 33 33 255 
-0.1126519 -0.1169201 0.00790171 33 33 33 255 
-0.1126519 -0.118302 0.007639444 33 33 33 255 
-0.1126519 -0.1196946 0.007442238 33 33 33 255 
-0.1126519 -0.121095 0.007310526 33 33 33 255 
-0.1126519 -0.1225 0.007244598 33 33 33 255 
-0.1126519 -0.1239066 0.007244598 33 33 33 255 
-0.1126519 -0.1253116 0.007310526 33 33 33 255 
-0.1126519 -0.1267119 0.007442238 33 33 33 255 
-0.1126519 -0.1281046 0.007639444 33 33 33 255 
-0.1126519 -0.1294865 0.00790171 33 33 33 255 
-0.1126519 -0.1308546 0.00822846 33 33 33 255 
-0.1126519 -0.1322058 0.008618976 33 33 33 255 
-0.1126519 -0.1335373 0.009072399 33 33 33 255 
-0.1126519 -0.134846 0.009587732 33 33 33 255 
-0.1126519 -0.1361292 0.01016384 33 33 33 255 
-0.1126519 -0.1373839 0.01079947 33 33 33 255 
-0.1126519 -0.1386075 0.0114932 33 33 33 255 
-0.1126519 -0.1397972 0.01224353 33 33 33 255 
-0.1126519 -0.1409505 0.01304879 33 33 33 255 
-0.1126519 -0.1420647 0.01390723 33 33 33 255 
-0.1126519 -0.1431374 0.01481694 33 33 33 255 
-0.1126519 -0.1441664 0.01577595 33 33 33 255 
-0.1126519 -0.1451492 0.01678212 33 33 33 255 
-0.1126519 -0.1460838 0.01783326 33 33 33 255 
-0.1126519 -0.1469682 0.01892705 33 33 33 255 
-0.1126519 -0.1478002 0.02006108 33 33 33 255 
-0.1126519 -0.1485783 0.02123288 33 33 33 255 
-0.1126519 -0.1493005 0.02243985 33 33 33 255 
-0.1126519 -0.1499653 0.02367934 33 33 33 255 
-0.1126519 -0.1505714 0.02494864 33 33 33 255 
-0.1126519 -0.1511173 0.02624495 33 33 33 255 
-0.1126519 -0.1516017 0.02756542 33 33 33 255 
-0.1126519 -0.1520238 0.02890715 33 33 33 255 
-0.1126519 -0.1523826 0.03026719 33 33 33 255 
-0.1126519 -0.1526772 0.03164255 33 33 33 255 
-0.1126519 -0.152907 0.03303021 33 33 33 255 
-0.1126519 -0.1530715 0.03442711 33 33 33 255 
-0.1126519 -0.1531703 0.03583018 33 33 33 255 
3 0 1 2 0 0 0 255 
3 2 1 3 0 0 0 255 
3 2 3 4 0 0 0 255 
3 4 3 5 0 0 0 255 
3 4 5 6 0 0 0 255 
3 6 5 7 0 0 0 255 
3 6 7 8 0 0 0 255 
3 8 7 9 0 0 0 255 
3 8 9 10 0 0 0 255 
3 10 9 11 0 0 0 255 
3 10 11 12 0 0 0 255 
3 12 11 13 0 0 0 255 
3 12 13 14 0 0 0 255 
3 14 13 15 0 0 0 255 
3 14 15 16 0 0 0 255 
3 16 15 17 0 0 0 255 
3 16 17 18 0 0 0 255 
3 18 17 19 0 0 0 255 
3 18 19 20 0 0 0 255 
3 20 19 21 0 0 0 255 
3 20 21 22 0 0 0 255 
3 22 21 23 0 0 0 255 
3 22 23 24 0 0 0 255 
3 24 23 25 0 0 0 255 
3 24 25 26 0 0 0 255 
3 26 25 27 0 0 0 255 
3 26 27 28 0 0 0 255 
3 28 27 29 0 0 0 255 
3 28 29 30 0 0 0 255 
3 30 29 31 0 0 0 255 
3 30 31 32 0 0 0 255 
3 32 31 33 0 0 0 255 
3 32 33 34 0 0 0 255 
3 34 33 35 0 0 0 255 
3 34 35 36 0 0 0 255 
3 36 35 37 0 0 0 255 
3 36 37 38 0 0 0 255 
3 38 37 39 0 0 0 255 
3 38 39 40 0 0 0 255 
3 40 39 41 0 0 0 255 
3 40 41 42 0 0 0 255 
3 42 41 43 0 0 0 255 
3 42 43 44 0 0 0 255 
3 44 43 45 0 0 0 255 
3 44 45 46 0 0 0 255 
3 46 45 47 0 0 0 255 
3 46 47 48 0 0 0 255 
3 48 47 49 0 0 0 255 
3 48 49 50 0 0 0 255 
3 50 49 51 0 0 0 255 
3 50 51 52 0 0 0 255 
3 52 51 53 0 0 0 255 
3 52 53 54 0 0 0 255 
3 54 53 55 0 0 0 255 
3 54 55 56 0 0 0 255 
3 56 55 57 0 0 0 255 
3 56 57 58 0 0 0 255 
3 58 57 59 0 0 0 255 
3 58 59 60 0 0 0 255 
3 60 59 61 0 0 0 255 
3 60 61 62 0 0 0 255 
3 62 61 63 0 0 0 255 
3 62 63 64 0 0 0 255 
3 64 63 65 0 0 0 255 
3 64 65 66 0 0 0 255 
3 66 65 67 0 0 0 255 
3 66 67 68 0 0 0 255 
3 68 67 69 0 0 0 255 
3 68 69 70 0 0 0 255 
3 70 69 71 0 0 0 255 
3 70 71 72 0 0 0 255 
3 72 71 73 0 0 0 255 
3 72 73 74 0 0 0 255 
3 74 73 75 0 0 0 255 
3 74 75 76 0 0 0 255 
3 76 75 77 0 0 0 255 
3 76 77 0 0 0 0 255 
3 0 77 1 0 0 0 255 
3 78 79 80 0 0 0 255 
3 80 79 81 0 0 0 255 
3 80 81 82 0 0 0 255 
3 82 81 83 0 0 0 255 
3 82 83 84 0 0 0 255 
3 84 83 85 0 0 0 255 
3 84 85 86 0 0 0 255 
3 86 85 87 0 0 0 255 
3 86 87 88 0 0 0 255 
3 88 87 89 0 0 0 255 
3 88 89 90 0 0 0 255 
3 90 89 91 0 0 0 255 
3 90 91 92 0 0 0 255 
3 92 91 93 0 0 0 255 
3 92 93 94 0 0 0 255 
3 94 93 95 0 0 0 255 
3 94 95 96 0 0 0 255 
3 96 95 97 0 0 0 255 
3 96 97 98 0 0 0 255 
3 98 97 99 0 0 0 255 
3 98 99 100 0 0 0 255 
3 100 99 101 0 0 0 255 
3 100 101 102 0 0 0 255 
3 102 101 103 0 0 0 255 
3 102 103 104 0 0 0 255 
3 104 103 105 0 0 0 255 
3 104 105 106 0 0 0 255 
3 106 105 107 0 0 0 255 
3 106 107 108 0 0 0 255 
3 108 107 109 0 0 0 255 
3 108 109 110 0 0 0 255 
3 110 109 111 0 0 0 255 
3 110 111 112 0 0 0 255 
3 112 111 113 0 0 0 255 
3 112 113 114 0 0 0 255 
3 114 113 115 0 0 0 255 
3 114 115 116 0 0 0 255 
3 116 115 117 0 0 0 255 
3 116 117 118 0 0 0 255 
3 118 117 119 0 0 0 255 
3 118 119 120 0 0 0 255 
3 120 119 121 0 0 0 255 
3 120 121 122 0 0 0 255 
3 122 121 123 0 0 0 255 
3 122 123 124 0 0 0 255 
3 124 123 125 0 0 0 255 
3 124 125 126 0 0 0 255 
3 126 125 127 0 0 0 255 
3 126 127 128 0 0 0 255 
3 128 127 129 0 0 0 255 
3 128 129 130 0 0 0 255 
3 130 129 131 0 0 0 255 
3 130 131 132 0 0 0 255 
3 132 131 133 0 0 0 255 
3 132 133 134 0 0 0 255 
3 134 133 135 0 0 0 255 
3 134 135 136 0 0 0 255 
3 136 135 137 0 0 0 255 
3 136 137 138 0 0 0 255 
3 138 137 139 0 0 0 255 
3 138 139 140 0 0 0 255 
3 140 139 141 0 0 0 255 
3 140 141 142 0 0 0 255 
3 142 141 143 0 0 0 255 
3 142 143 144 0 0 0 255 
3 144 143 145 0 0 0 255 
3 144 145 146 0 0 0 255 
3 146 145 147 0 0 0 255 
3 146 147 148 0 0 0 255 
3 148 147 149 0 0 0 255 
3 148 149 150 0 0 0 255 
3 150 149 151 0 0 0 255 
3 150 151 152 0 0 0 255 
3 152 151 153 0 0 0 255 
3 152 153 154 0 0 0 255 
3 154 153 155 0 0 0 255 
3 154 155 78 0 0 0 255 
3 78 155 79 0 0 0 255 
3 3 81 5 0 0 0 255 
3 5 81 79 0 0 0 255 
3 5 79 7 0 0 0 255 
3 7 79 155 0 0 0 255 
3 7 155 9 0 0 0 255 
3 9 155 153 0 0 0 255 
3 9 153 11 0 0 0 255 
3 11 153 151 0 0 0 255 
3 11 151 13 0 0 0 255 
3 13 151 149 0 0 0 255 
3 13 149 15 0 0 0 255 
3 15 149 147 0 0 0 255 
3 15 147 17 0 0 0 255 
3 17 147 145 0 0 0 255 
3 17 145 19 0 0 0 255 
3 19 145 143 0 0 0 255 
3 19 143 21 0 0 0 255 
3 21 143 141 0 0 0 255 
3 21 141 23 0 0 0 255 
3 23 141 139 0 0 0 255 
3 23 139 25 0 0 0 255 
3 25 139 137 0 0 0 255 
3 25 137 27 0 0 0 255 
3 27 137 135 0 0 0 255 
3 27 135 29 0 0 0 255 
3 29 135 133 0 0 0 255 
3 29 133 31 0 0 0 255 
3 31 133 131 0 0 0 255 
3 31 131 33 0 0 0 255 
3 33 131 129 0 0 0 255 
3 33 129 35 0 0 0 255 
3 35 129 127 0 0 0 255 
3 35 127 37 0 0 0 255 
3 37 127 125 0 0 0 255 
3 37 125 39 0 0 0 255 
3 39 125 123 0 0 0 255 
3 39 123 41 0 0 0 255 
3 41 123 121 0 0 0 255 
3 41 121 43 0 0 0 255 
3 43 121 119 0 0 0 255 
3 43 119 45 0 0 0 255 
3 45 119 117 0 0 0 255 
3 45 117 47 0 0 0 255 
3 47 117 115 0 0 0 255 
3 47 115 49 0 0 0 255 
3 49 115 113 0 0 0 255 
3 49 113 51 0 0 0 255 
3 51 113 111 0 0 0 255 
3 51 111 53 0 0 0 255 
3 53 111 109 0 0 0 255 
3 53 109 55 0 0 0 255 
3 55 109 107 0 0 0 255 
3 55 107 57 0 0 0 255 
3 57 107 105 0 0 0 255 
3 57 105 59 0 0 0 255 
3 59 105 103 0 0 0 255 
3 59 103 61 0 0 0 255 
3 61 103 101 0 0 0 255 
3 61 101 63 0 0 0 255 
3 63 101 99 0 0 0 255 
3 63 99 65 0 0 0 255 
3 65 99 97 0 0 0 255 
3 65 97 67 0 0 0 255 
3 67 97 95 0 0 0 255 
3 67 95 69 0 0 0 255 
3 69 95 93 0 0 0 255 
3 69 93 71 0 0 0 255 
3 71 93 91 0 0 0 255 
3 71 91 73 0 0 0 255 
3 73 91 89 0 0 0 255 
3 73 89 75 0 0 0 255 
3 75 89 87 0 0 0 255 
3 75 87 77 0 0 0 255 
3 77 87 85 0 0 0 255 
3 77 85 1 0 0 0 255 
3 1 85 83 0 0 0 255 
3 1 83 3 0 0 0 255 
3 3 83 81 0 0 0 255 
3 156 157 158 0 0 0 255 
3 158 157 159 0 0 0 255 
3 158 159 160 0 0 0 255 
3 160 159 161 0 0 0 255 
3 161 159 162 0 0 0 255 
3 162 159 163 0 0 0 255 
3 162 163 164 0 0 0 255 
3 164 163 165 0 0 0 255 
3 164 165 166 0 0 0 255 
3 166 165 167 0 0 0 255 
3 166 167 168 0 0 0 255 
3 168 167 169 0 0 0 255 
3 168 169 170 0 0 0 255 
3 170 169 171 0 0 0 255 
3 170 171 172 0 0 0 255 
3 172 171 173 0 0 0 255 
3 172 173 174 0 0 0 255 
3 174 173 175 0 0 0 255 
3 174 175 176 0 0 0 255 
3 176 175 177 0 0 0 255 
3 176 177 178 0 0 0 255 
3 178 177 179 0 0 0 255 
3 179 177 180 0 0 0 255 
3 180 177 181 0 0 0 255 
3 180 181 182 0 0 0 255 
3 182 181 183 0 0 0 255 
3 182 183 184 0 0 0 255 
3 184 183 185 0 0 0 255 
3 184 185 186 0 0 0 255 
3 186 185 187 0 0 0 255 
3 186 187 188 0 0 0 255 
3 188 187 189 0 0 0 255 
3 188 189 190 0 0 0 255 
3 190 189 191 0 0 0 255 
3 190 191 156 0 0 0 255 
3 156 191 157 0 0 0 255 
3 163 159 157 0 0 0 255 
3 163 157 191 0 0 0 255 
3 165 163 191 0 0 0 255 
3 165 191 189 0 0 0 255 
3 167 165 189 0 0 0 255 
3 167 189 187 0 0 0 255 
3 169 167 187 0 0 0 255 
3 169 187 185 0 0 0 255 
3 171 169 185 0 0 0 255 
3 171 185 183 0 0 0 255 
3 173 171 183 0 0 0 255 
3 173 183 181 0 0 0 255 
3 175 173 181 0 0 0 255 
3 175 181 177 0 0 0 255 
3 192 193 194 0 0 0 255 
3 194 193 195 0 0 0 255 
3 194 195 196 0 0 0 255 
3 196 195 197 0 0 0 255 
3 197 195 198 0 0 0 255 
3 198 195 199 0 0 0 255 
3 198 199 200 0 0 0 255 
3 200 199 201 0 0 0 255 
3 200 201 202 0 0 0 255 
3 202 201 203 0 0 0 255 
3 202 203 204 0 0 0 255 
3 204 203 205 0 0 0 255 
3 204 205 206 0 0 0 255 
3 206 205 207 0 0 0 255 
3 206 207 208 0 0 0 255 
3 208 207 209 0 0 0 255 
3 208 209 210 0 0 0 255 
3 210 209 211 0 0 0 255 
3 210 211 212 0 0 0 255 
3 212 211 213 0 0 0 255 
3 212 213 214 0 0 0 255 
3 214 213 215 0 0 0 255 
3 215 213 216 0 0 0 255 
3 216 213 217 0 0 0 255 
3 216 217 218 0 0 0 255 
3 218 217 219 0 0 0 255 
3 218 219 220 0 0 0 255 
3 220 219 221 0 0 0 255 
3 220 221 222 0 0 0 255 
3 222 221 223 0 0 0 255 
3 222 223 224 0 0 0 255 
3 224 223 225 0 0 0 255 
3 224 225 226 0 0 0 255 
3 226 225 227 0 0 0 255 
3 226 227 192 0 0 0 255 
3 192 227 193 0 0 0 255 
3 199 195 193 0 0 0 255 
3 199 193 227 0 0 0 255 
3 201 199 227 0 0 0 255 
3 201 227 225 0 0 0 255 
3 203 201 225 0 0 0 255 
3 203 225 223 0 0 0 255 
3 205 203 223 0 0 0 255 
3 205 223 221 0 0 0 255 
3 207 205 221 0 0 0 255 
3 207 221 219 0 0 0 255 
3 209 207 219 0 0 0 255 
3 209 219 217 0 0 0 255 
3 211 209 217 0 0 0 255 
3 211 217 213 0 0 0 255 
3 178 228 176 0 0 0 255 
3 176 228 229 0 0 0 255 
3 176 229 196 0 0 0 255 
3 196 229 194 0 0 0 255 
3 194 229 230 0 0 0 255 
3 178 231 228 0 0 0 255 
3 232 233 234 0 0 0 255 
3 234 233 235 0 0 0 255 
3 234 235 236 0 0 0 255 
3 236 235 237 0 0 0 255 
3 237 235 238 0 0 0 255 
3 238 235 239 0 0 0 255 
3 238 239 240 0 0 0 255 
3 240 239 241 0 0 0 255 
3 240 241 242 0 0 0 255 
3 242 241 243 0 0 0 255 
3 242 243 244 0 0 0 255 
3 244 243 245 0 0 0 255 
3 244 245 246 0 0 0 255 
3 246 245 247 0 0 0 255 
3 246 247 248 0 0 0 255 
3 248 247 249 0 0 0 255 
3 248 249 250 0 0 0 255 
3 250 249 251 0 0 0 255 
3 250 251 252 0 0 0 255 
3 252 251 253 0 0 0 255 
3 252 253 254 0 0 0 255 
3 254 253 255 0 0 0 255 
3 255 253 256 0 0 0 255 
3 256 253 257 0 0 0 255 
3 256 257 258 0 0 0 255 
3 258 257 259 0 0 0 255 
3 258 259 260 0 0 0 255 
3 260 259 261 0 0 0 255 
3 260 261 262 0 0 0 255 
3 262 261 263 0 0 0 255 
3 262 263 264 0 0 0 255 
3 264 263 265 0 0 0 255 
3 264 265 266 0 0 0 255 
3 266 265 267 0 0 0 255 
3 266 267 232 0 0 0 255 
3 232 267 233 0 0 0 255 
3 239 235 233 0 0 0 255 
3 239 233 267 0 0 0 255 
3 241 239 267 0 0 0 255 
3 241 267 265 0 0 0 255 
3 243 241 265 0 0 0 255 
3 243 265 263 0 0 0 255 
3 245 243 263 0 0 0 255 
3 245 263 261 0 0 0 255 
3 247 245 261 0 0 0 255 
3 247 261 259 0 0 0 255 
3 249 247 259 0 0 0 255 
3 249 259 257 0 0 0 255 
3 251 249 257 0 0 0 255 
3 251 257 253 0 0 0 255 
3 179 268 178 0 0 0 255 
3 178 268 269 0 0 0 255 
3 178 269 231 0 0 0 255 
3 179 180 268 0 0 0 255 
3 268 180 182 0 0 0 255 
3 268 182 184 0 0 0 255 
3 184 186 268 0 0 0 255 
3 268 186 158 0 0 0 255 
3 268 158 254 0 0 0 255 
3 186 188 158 0 0 0 255 
3 158 188 190 0 0 0 255 
3 158 190 156 0 0 0 255 
3 255 256 254 0 0 0 255 
3 254 256 258 0 0 0 255 
3 254 258 260 0 0 0 255 
3 254 260 270 0 0 0 255 
3 270 260 262 0 0 0 255 
3 270 262 264 0 0 0 255 
3 264 266 270 0 0 0 255 
3 270 266 232 0 0 0 255 
3 270 232 234 0 0 0 255 
3 271 272 234 0 0 0 255 
3 234 272 270 0 0 0 255 
3 270 268 254 0 0 0 255 
3 271 234 273 0 0 0 255 
3 273 234 236 0 0 0 255 
3 273 236 274 0 0 0 255 
3 275 276 274 0 0 0 255 
3 274 276 277 0 0 0 255 
3 274 277 273 0 0 0 255 
3 276 278 277 0 0 0 255 
3 277 278 279 0 0 0 255 
3 280 281 282 0 0 0 255 
3 282 281 283 0 0 0 255 
3 282 283 284 0 0 0 255 
3 284 283 285 0 0 0 255 
3 284 285 286 0 0 0 255 
3 286 285 287 0 0 0 255 
3 287 285 288 0 0 0 255 
3 287 288 289 0 0 0 255 
3 289 288 290 0 0 0 255 
3 289 290 291 0 0 0 255 
3 291 290 292 0 0 0 255 
3 291 292 293 0 0 0 255 
3 293 292 294 0 0 0 255 
3 293 294 295 0 0 0 255 
3 295 294 296 0 0 0 255 
3 295 296 297 0 0 0 255 
3 297 296 298 0 0 0 255 
3 297 298 299 0 0 0 255 
3 299 298 300 0 0 0 255 
3 299 300 276 0 0 0 255 
3 276 300 301 0 0 0 255 
3 276 301 278 0 0 0 255 
3 278 301 302 0 0 0 255 
3 278 302 303 0 0 0 255 
3 303 302 304 0 0 0 255 
3 304 302 305 0 0 0 255 
3 304 305 306 0 0 0 255 
3 306 305 307 0 0 0 255 
3 306 307 308 0 0 0 255 
3 308 307 309 0 0 0 255 
3 308 309 310 0 0 0 255 
3 310 309 311 0 0 0 255 
3 310 311 312 0 0 0 255 
3 312 311 313 0 0 0 255 
3 312 313 314 0 0 0 255 
3 314 313 315 0 0 0 255 
3 314 315 280 0 0 0 255 
3 280 315 281 0 0 0 255 
3 288 285 283 0 0 0 255 
3 283 281 316 0 0 0 255 
3 316 281 315 0 0 0 255 
3 316 315 317 0 0 0 255 
3 317 315 313 0 0 0 255 
3 317 313 318 0 0 0 255 
3 318 313 311 0 0 0 255 
3 318 311 319 0 0 0 255 
3 319 311 309 0 0 0 255 
3 319 309 320 0 0 0 255 
3 320 309 307 0 0 0 255 
3 320 307 321 0 0 0 255 
3 321 307 305 0 0 0 255 
3 321 305 301 0 0 0 255 
3 301 305 302 0 0 0 255 
3 290 288 316 0 0 0 255 
3 316 288 283 0 0 0 255 
3 290 316 317 0 0 0 255 
3 292 290 317 0 0 0 255 
3 292 317 318 0 0 0 255 
3 294 292 318 0 0 0 255 
3 294 318 319 0 0 0 255 
3 296 294 319 0 0 0 255 
3 296 319 320 0 0 0 255 
3 298 296 320 0 0 0 255 
3 298 320 321 0 0 0 255 
3 300 298 321 0 0 0 255 
3 300 321 301 0 0 0 255 
3 272 271 322 0 0 0 255 
3 322 271 273 0 0 0 255 
3 279 323 277 0 0 0 255 
3 277 323 324 0 0 0 255 
3 277 324 273 0 0 0 255 
3 273 324 322 0 0 0 255 
3 231 269 228 0 0 0 255 
3 228 269 325 0 0 0 255 
3 326 230 327 0 0 0 255 
3 327 230 229 0 0 0 255 
3 327 229 325 0 0 0 255 
3 325 229 228 0 0 0 255 
3 215 216 214 0 0 0 255 
3 214 216 218 0 0 0 255 
3 214 218 220 0 0 0 255 
3 214 220 328 0 0 0 255 
3 328 220 222 0 0 0 255 
3 328 222 224 0 0 0 255 
3 224 226 328 0 0 0 255 
3 328 226 192 0 0 0 255 
3 328 192 194 0 0 0 255 
3 230 326 194 0 0 0 255 
3 194 326 328 0 0 0 255 
3 328 329 214 0 0 0 255 
3 214 329 282 0 0 0 255 
3 282 329 310 0 0 0 255 
3 282 310 312 0 0 0 255 
3 323 278 329 0 0 0 255 
3 329 278 303 0 0 0 255 
3 329 303 304 0 0 0 255 
3 323 279 278 0 0 0 255 
3 304 306 329 0 0 0 255 
3 329 306 308 0 0 0 255 
3 329 308 310 0 0 0 255 
3 312 314 282 0 0 0 255 
3 282 314 280 0 0 0 255 
3 326 327 328 0 0 0 255 
3 328 327 330 0 0 0 255 
3 330 327 325 0 0 0 255 
3 330 325 331 0 0 0 255 
3 331 325 268 0 0 0 255 
3 268 325 269 0 0 0 255 
3 332 331 270 0 0 0 255 
3 270 331 268 0 0 0 255 
3 323 329 324 0 0 0 255 
3 324 329 333 0 0 0 255 
3 324 333 332 0 0 0 255 
3 324 332 322 0 0 0 255 
3 322 332 270 0 0 0 255 
3 322 270 272 0 0 0 255 
3 330 333 328 0 0 0 255 
3 328 333 329 0 0 0 255 
3 331 332 330 0 0 0 255 
3 330 332 333 0 0 0 255 
3 196 334 176 0 0 0 255 
3 176 334 335 0 0 0 255 
3 176 335 336 0 0 0 255 
3 197 337 196 0 0 0 255 
3 196 337 338 0 0 0 255 
3 196 338 339 0 0 0 255 
3 337 197 340 0 0 0 255 
3 340 197 198 0 0 0 255 
3 340 198 341 0 0 0 255 
3 341 198 342 0 0 0 255 
3 342 198 200 0 0 0 255 
3 342 200 343 0 0 0 255 
3 343 200 202 0 0 0 255 
3 343 202 344 0 0 0 255 
3 344 202 204 0 0 0 255 
3 344 204 345 0 0 0 255 
3 345 204 346 0 0 0 255 
3 346 204 206 0 0 0 255 
3 346 206 347 0 0 0 255 
3 347 206 208 0 0 0 255 
3 347 208 210 0 0 0 255 
3 210 212 347 0 0 0 255 
3 348 349 347 0 0 0 255 
3 347 349 350 0 0 0 255 
3 347 350 351 0 0 0 255 
3 160 161 348 0 0 0 255 
3 348 161 162 0 0 0 255 
3 348 162 164 0 0 0 255 
3 164 166 348 0 0 0 255 
3 348 166 168 0 0 0 255 
3 348 168 170 0 0 0 255 
3 170 172 348 0 0 0 255 
3 348 172 174 0 0 0 255 
3 348 174 176 0 0 0 255 
3 339 352 196 0 0 0 255 
3 196 352 353 0 0 0 255 
3 196 353 334 0 0 0 255 
3 336 354 176 0 0 0 255 
3 176 354 355 0 0 0 255 
3 176 355 356 0 0 0 255 
3 176 356 348 0 0 0 255 
3 348 356 357 0 0 0 255 
3 348 357 358 0 0 0 255 
3 358 359 348 0 0 0 255 
3 348 359 360 0 0 0 255 
3 348 360 361 0 0 0 255 
3 361 362 348 0 0 0 255 
3 348 362 363 0 0 0 255 
3 348 363 364 0 0 0 255 
3 364 365 348 0 0 0 255 
3 348 365 366 0 0 0 255 
3 348 366 349 0 0 0 255 
3 351 367 347 0 0 0 255 
3 347 367 368 0 0 0 255 
3 347 368 369 0 0 0 255 
3 369 370 347 0 0 0 255 
3 347 370 371 0 0 0 255 
3 347 371 372 0 0 0 255 
3 372 373 347 0 0 0 255 
3 347 373 374 0 0 0 255 
3 347 374 375 0 0 0 255 
3 375 376 347 0 0 0 255 
3 347 376 346 0 0 0 255 
3 274 236 377 0 0 0 255 
3 377 236 378 0 0 0 255 
3 378 236 237 0 0 0 255 
3 378 237 238 0 0 0 255 
3 238 240 378 0 0 0 255 
3 378 240 242 0 0 0 255 
3 378 242 244 0 0 0 255 
3 244 246 378 0 0 0 255 
3 378 246 248 0 0 0 255 
3 378 248 250 0 0 0 255 
3 250 252 378 0 0 0 255 
3 379 276 380 0 0 0 255 
3 380 276 275 0 0 0 255 
3 380 275 381 0 0 0 255 
3 381 275 382 0 0 0 255 
3 382 275 383 0 0 0 255 
3 383 275 384 0 0 0 255 
3 384 275 385 0 0 0 255 
3 284 286 379 0 0 0 255 
3 379 286 276 0 0 0 255 
3 287 293 286 0 0 0 255 
3 286 293 295 0 0 0 255 
3 286 295 297 0 0 0 255 
3 289 291 287 0 0 0 255 
3 287 291 293 0 0 0 255 
3 297 299 286 0 0 0 255 
3 286 299 276 0 0 0 255 
3 381 386 380 0 0 0 255 
3 380 386 387 0 0 0 255 
3 380 387 388 0 0 0 255 
3 388 389 380 0 0 0 255 
3 380 389 390 0 0 0 255 
3 380 390 391 0 0 0 255 
3 391 392 380 0 0 0 255 
3 380 392 393 0 0 0 255 
3 380 393 394 0 0 0 255 
3 394 395 380 0 0 0 255 
3 380 395 396 0 0 0 255 
3 380 396 397 0 0 0 255 
3 398 399 400 0 0 0 255 
3 400 399 401 0 0 0 255 
3 402 403 404 0 0 0 255 
3 404 403 405 0 0 0 255 
3 406 407 408 0 0 0 255 
3 408 407 409 0 0 0 255 
3 410 411 412 0 0 0 255 
3 412 411 413 0 0 0 255 
3 414 415 416 0 0 0 255 
3 416 415 417 0 0 0 255 
3 416 417 418 0 0 0 255 
3 415 414 419 0 0 0 255 
3 419 414 420 0 0 0 255 
3 419 420 421 0 0 0 255 
3 419 421 422 0 0 0 255 
3 422 421 423 0 0 0 255 
3 422 423 424 0 0 0 255 
3 422 424 425 0 0 0 255 
3 425 424 426 0 0 0 255 
3 425 426 427 0 0 0 255 
3 425 427 428 0 0 0 255 
3 428 427 429 0 0 0 255 
3 428 429 430 0 0 0 255 
3 428 430 431 0 0 0 255 
3 431 430 432 0 0 0 255 
3 431 432 433 0 0 0 255 
3 433 432 434 0 0 0 255 
3 433 434 435 0 0 0 255 
3 433 435 436 0 0 0 255 
3 436 435 437 0 0 0 255 
3 436 437 438 0 0 0 255 
3 438 437 439 0 0 0 255 
3 438 439 401 0 0 0 255 
3 401 439 412 0 0 0 255 
3 401 412 400 0 0 0 255 
3 400 412 413 0 0 0 255 
3 400 413 405 0 0 0 255 
3 405 413 408 0 0 0 255 
3 405 408 409 0 0 0 255 
3 440 441 409 0 0 0 255 
3 409 441 442 0 0 0 255 
3 409 442 443 0 0 0 255 
3 444 445 440 0 0 0 255 
3 440 445 446 0 0 0 255 
3 440 446 447 0 0 0 255 
3 404 448 444 0 0 0 255 
3 444 448 449 0 0 0 255 
3 444 449 450 0 0 0 255 
3 405 409 404 0 0 0 255 
3 404 409 451 0 0 0 255 
3 404 451 452 0 0 0 255 
3 438 401 453 0 0 0 255 
3 453 401 454 0 0 0 255 
3 453 454 455 0 0 0 255 
3 455 454 456 0 0 0 255 
3 456 454 457 0 0 0 255 
3 457 454 458 0 0 0 255 
3 458 454 459 0 0 0 255 
3 459 454 460 0 0 0 255 
3 460 454 461 0 0 0 255 
3 461 454 462 0 0 0 255 
3 462 454 463 0 0 0 255 
3 463 454 464 0 0 0 255 
3 464 454 465 0 0 0 255 
3 465 454 466 0 0 0 255 
3 466 454 467 0 0 0 255 
3 466 467 468 0 0 0 255 
3 468 467 469 0 0 0 255 
3 469 467 470 0 0 0 255 
3 470 467 471 0 0 0 255 
3 471 467 472 0 0 0 255 
3 472 467 473 0 0 0 255 
3 473 467 474 0 0 0 255 
3 474 467 475 0 0 0 255 
3 475 467 476 0 0 0 255 
3 476 467 477 0 0 0 255 
3 477 467 478 0 0 0 255 
3 478 467 416 0 0 0 255 
3 478 416 479 0 0 0 255 
3 479 416 480 0 0 0 255 
3 480 416 481 0 0 0 255 
3 481 416 482 0 0 0 255 
3 482 416 483 0 0 0 255 
3 483 416 484 0 0 0 255 
3 484 416 418 0 0 0 255 
3 485 486 409 0 0 0 255 
3 409 486 451 0 0 0 255 
3 452 487 404 0 0 0 255 
3 404 487 488 0 0 0 255 
3 404 488 489 0 0 0 255 
3 489 490 404 0 0 0 255 
3 404 490 491 0 0 0 255 
3 404 491 492 0 0 0 255 
3 492 448 404 0 0 0 255 
3 450 493 444 0 0 0 255 
3 444 493 494 0 0 0 255 
3 444 494 495 0 0 0 255 
3 495 496 444 0 0 0 255 
3 444 496 497 0 0 0 255 
3 444 497 498 0 0 0 255 
3 498 499 444 0 0 0 255 
3 444 499 500 0 0 0 255 
3 444 500 501 0 0 0 255 
3 501 445 444 0 0 0 255 
3 447 502 440 0 0 0 255 
3 440 502 503 0 0 0 255 
3 440 503 504 0 0 0 255 
3 504 505 440 0 0 0 255 
3 440 505 506 0 0 0 255 
3 440 506 507 0 0 0 255 
3 507 508 440 0 0 0 255 
3 440 508 441 0 0 0 255 
3 443 509 409 0 0 0 255 
3 409 509 510 0 0 0 255 
3 409 510 511 0 0 0 255 
3 511 512 409 0 0 0 255 
3 409 512 513 0 0 0 255 
3 409 513 514 0 0 0 255 
3 514 485 409 0 0 0 255 
3 515 516 384 0 0 0 255 
3 384 516 383 0 0 0 255 
3 517 518 519 0 0 0 255 
3 519 518 520 0 0 0 255 
3 519 520 385 0 0 0 255 
3 275 274 385 0 0 0 255 
3 385 274 377 0 0 0 255 
3 385 377 519 0 0 0 255 
3 521 522 523 0 0 0 255 
3 523 522 524 0 0 0 255 
3 78 80 160 0 0 0 255 
3 160 80 82 0 0 0 255 
3 160 82 84 0 0 0 255 
3 84 86 160 0 0 0 255 
3 160 86 88 0 0 0 255 
3 160 88 90 0 0 0 255 
3 90 92 160 0 0 0 255 
3 160 92 158 0 0 0 255 
3 158 92 94 0 0 0 255 
3 158 94 96 0 0 0 255 
3 96 98 158 0 0 0 255 
3 158 98 100 0 0 0 255 
3 158 100 254 0 0 0 255 
3 254 100 102 0 0 0 255 
3 254 102 104 0 0 0 255 
3 104 106 254 0 0 0 255 
3 254 106 252 0 0 0 255 
3 252 106 108 0 0 0 255 
3 252 108 110 0 0 0 255 
3 110 112 252 0 0 0 255 
3 252 112 114 0 0 0 255 
3 252 114 116 0 0 0 255 
3 116 118 252 0 0 0 255 
3 252 118 120 0 0 0 255 
3 252 120 122 0 0 0 255 
3 122 124 252 0 0 0 255 
3 252 124 126 0 0 0 255 
3 252 126 128 0 0 0 255 
3 128 130 252 0 0 0 255 
3 252 130 132 0 0 0 255 
3 252 132 134 0 0 0 255 
3 134 136 252 0 0 0 255 
3 252 136 138 0 0 0 255 
3 252 138 525 0 0 0 255 
3 525 138 140 0 0 0 255 
3 525 140 160 0 0 0 255 
3 160 140 142 0 0 0 255 
3 160 142 144 0 0 0 255 
3 144 146 160 0 0 0 255 
3 160 146 148 0 0 0 255 
3 160 148 150 0 0 0 255 
3 150 152 160 0 0 0 255 
3 160 152 154 0 0 0 255 
3 160 154 78 0 0 0 255 
3 525 526 252 0 0 0 255 
3 252 526 378 0 0 0 255 
3 160 348 525 0 0 0 255 
3 519 523 517 0 0 0 255 
3 517 523 524 0 0 0 255 
3 517 524 527 0 0 0 255 
3 527 524 528 0 0 0 255 
3 528 524 529 0 0 0 255 
3 529 524 530 0 0 0 255 
3 530 524 531 0 0 0 255 
3 531 524 532 0 0 0 255 
3 532 524 533 0 0 0 255 
3 533 524 534 0 0 0 255 
3 534 524 535 0 0 0 255 
3 535 524 536 0 0 0 255 
3 535 536 537 0 0 0 255 
3 537 536 538 0 0 0 255 
3 538 536 539 0 0 0 255 
3 539 536 540 0 0 0 255 
3 540 536 541 0 0 0 255 
3 541 536 542 0 0 0 255 
3 542 536 543 0 0 0 255 
3 543 536 544 0 0 0 255 
3 544 536 545 0 0 0 255 
3 545 536 546 0 0 0 255 
3 546 536 547 0 0 0 255 
3 547 536 548 0 0 0 255 
3 547 548 549 0 0 0 255 
3 549 548 550 0 0 0 255 
3 550 548 551 0 0 0 255 
3 551 548 552 0 0 0 255 
3 552 548 553 0 0 0 255 
3 553 548 554 0 0 0 255 
3 554 548 555 0 0 0 255 
3 555 548 556 0 0 0 255 
3 556 548 557 0 0 0 255 
3 557 548 558 0 0 0 255 
3 558 548 517 0 0 0 255 
3 558 517 559 0 0 0 255 
3 559 517 560 0 0 0 255 
3 560 517 561 0 0 0 255 
3 561 517 562 0 0 0 255 
3 562 517 563 0 0 0 255 
3 563 517 564 0 0 0 255 
3 564 517 565 0 0 0 255 
3 565 517 566 0 0 0 255 
3 566 517 567 0 0 0 255 
3 567 517 568 0 0 0 255 
3 568 517 569 0 0 0 255 
3 569 517 527 0 0 0 255 
3 570 407 571 0 0 0 255 
3 571 407 572 0 0 0 255 
3 573 571 574 0 0 0 255 
3 574 571 575 0 0 0 255 
3 575 571 576 0 0 0 255 
3 576 571 577 0 0 0 255 
3 577 571 578 0 0 0 255 
3 578 571 579 0 0 0 255 
3 579 571 580 0 0 0 255 
3 580 571 581 0 0 0 255 
3 581 571 582 0 0 0 255 
3 582 571 583 0 0 0 255 
3 583 571 584 0 0 0 255 
3 584 571 585 0 0 0 255 
3 585 571 586 0 0 0 255 
3 586 571 587 0 0 0 255 
3 587 571 588 0 0 0 255 
3 588 571 589 0 0 0 255 
3 589 571 590 0 0 0 255 
3 590 571 591 0 0 0 255 
3 591 571 592 0 0 0 255 
3 592 571 593 0 0 0 255 
3 593 571 594 0 0 0 255 
3 594 571 595 0 0 0 255 
3 595 571 596 0 0 0 255 
3 596 571 597 0 0 0 255 
3 597 571 598 0 0 0 255 
3 598 571 599 0 0 0 255 
3 599 571 600 0 0 0 255 
3 600 571 601 0 0 0 255 
3 601 571 602 0 0 0 255 
3 602 571 603 0 0 0 255 
3 603 571 604 0 0 0 255 
3 604 571 605 0 0 0 255 
3 605 571 606 0 0 0 255 
3 606 571 607 0 0 0 255 
3 607 571 608 0 0 0 255 
3 608 571 609 0 0 0 255 
3 609 571 572 0 0 0 255 
3 518 610 611 0 0 0 255 
3 611 610 612 0 0 0 255 
3 573 613 612 0 0 0 255 
3 612 613 614 0 0 0 255 
3 612 614 615 0 0 0 255 
3 615 616 612 0 0 0 255 
3 612 616 617 0 0 0 255 
3 612 617 618 0 0 0 255 
3 618 619 612 0 0 0 255 
3 612 619 620 0 0 0 255 
3 612 620 621 0 0 0 255 
3 621 622 612 0 0 0 255 
3 612 622 623 0 0 0 255 
3 612 623 624 0 0 0 255 
3 624 625 612 0 0 0 255 
3 612 625 626 0 0 0 255 
3 612 626 627 0 0 0 255 
3 627 628 612 0 0 0 255 
3 612 628 629 0 0 0 255 
3 612 629 630 0 0 0 255 
3 630 631 612 0 0 0 255 
3 612 631 632 0 0 0 255 
3 612 632 633 0 0 0 255 
3 633 634 612 0 0 0 255 
3 612 634 635 0 0 0 255 
3 612 635 636 0 0 0 255 
3 636 637 612 0 0 0 255 
3 612 637 638 0 0 0 255 
3 612 638 639 0 0 0 255 
3 639 640 612 0 0 0 255 
3 612 640 641 0 0 0 255 
3 612 641 642 0 0 0 255 
3 642 643 612 0 0 0 255 
3 612 643 644 0 0 0 255 
3 612 644 645 0 0 0 255 
3 645 646 612 0 0 0 255 
3 612 646 647 0 0 0 255 
3 612 647 648 0 0 0 255 
3 648 611 612 0 0 0 255 
3 570 649 407 0 0 0 255 
3 407 649 440 0 0 0 255 
3 407 440 409 0 0 0 255 
3 650 651 652 0 0 0 255 
3 652 651 653 0 0 0 255 
3 652 653 654 0 0 0 255 
3 654 653 655 0 0 0 255 
3 655 653 656 0 0 0 255 
3 656 653 657 0 0 0 255 
3 657 653 658 0 0 0 255 
3 658 653 659 0 0 0 255 
3 659 653 660 0 0 0 255 
3 660 653 661 0 0 0 255 
3 661 653 662 0 0 0 255 
3 662 653 663 0 0 0 255 
3 663 653 664 0 0 0 255 
3 664 653 665 0 0 0 255 
3 665 653 666 0 0 0 255 
3 665 666 573 0 0 0 255 
3 573 666 667 0 0 0 255 
3 573 667 668 0 0 0 255 
3 650 669 651 0 0 0 255 
3 651 669 670 0 0 0 255 
3 651 670 671 0 0 0 255 
3 671 672 651 0 0 0 255 
3 651 672 673 0 0 0 255 
3 651 673 674 0 0 0 255 
3 674 675 651 0 0 0 255 
3 651 675 676 0 0 0 255 
3 651 676 677 0 0 0 255 
3 651 677 610 0 0 0 255 
3 610 677 678 0 0 0 255 
3 610 678 679 0 0 0 255 
3 679 680 610 0 0 0 255 
3 610 680 681 0 0 0 255 
3 610 681 682 0 0 0 255 
3 682 683 610 0 0 0 255 
3 610 683 612 0 0 0 255 
3 612 683 684 0 0 0 255 
3 612 684 685 0 0 0 255 
3 685 686 612 0 0 0 255 
3 612 686 687 0 0 0 255 
3 612 687 688 0 0 0 255 
3 688 689 612 0 0 0 255 
3 612 689 690 0 0 0 255 
3 612 690 573 0 0 0 255 
3 573 690 691 0 0 0 255 
3 573 691 692 0 0 0 255 
3 692 693 573 0 0 0 255 
3 573 693 694 0 0 0 255 
3 573 694 695 0 0 0 255 
3 695 665 573 0 0 0 255 
3 696 697 571 0 0 0 255 
3 571 697 698 0 0 0 255 
3 571 698 699 0 0 0 255 
3 699 700 571 0 0 0 255 
3 571 700 701 0 0 0 255 
3 571 701 570 0 0 0 255 
3 570 701 702 0 0 0 255 
3 570 702 703 0 0 0 255 
3 703 704 570 0 0 0 255 
3 570 704 705 0 0 0 255 
3 570 705 706 0 0 0 255 
3 706 707 570 0 0 0 255 
3 570 707 649 0 0 0 255 
3 649 707 708 0 0 0 255 
3 649 708 709 0 0 0 255 
3 709 710 649 0 0 0 255 
3 649 710 711 0 0 0 255 
3 649 711 712 0 0 0 255 
3 712 713 649 0 0 0 255 
3 649 713 714 0 0 0 255 
3 649 714 715 0 0 0 255 
3 715 716 649 0 0 0 255 
3 649 716 717 0 0 0 255 
3 649 717 718 0 0 0 255 
3 649 718 719 0 0 0 255 
3 719 718 720 0 0 0 255 
3 719 720 721 0 0 0 255 
3 721 722 719 0 0 0 255 
3 719 722 723 0 0 0 255 
3 719 723 724 0 0 0 255 
3 724 725 719 0 0 0 255 
3 719 725 726 0 0 0 255 
3 719 726 727 0 0 0 255 
3 727 728 719 0 0 0 255 
3 719 728 729 0 0 0 255 
3 719 729 666 0 0 0 255 
3 668 730 573 0 0 0 255 
3 573 730 731 0 0 0 255 
3 573 731 732 0 0 0 255 
3 732 733 573 0 0 0 255 
3 573 733 734 0 0 0 255 
3 573 734 571 0 0 0 255 
3 571 734 696 0 0 0 255 
3 653 719 666 0 0 0 255 
3 610 518 651 0 0 0 255 
3 651 518 548 0 0 0 255 
3 548 518 517 0 0 0 255 
3 735 736 737 0 0 0 255 
3 737 736 738 0 0 0 255 
3 737 738 416 0 0 0 255 
3 416 738 739 0 0 0 255 
3 416 739 414 0 0 0 255 
3 414 739 420 0 0 0 255 
3 420 739 740 0 0 0 255 
3 420 740 421 0 0 0 255 
3 421 740 741 0 0 0 255 
3 421 741 423 0 0 0 255 
3 423 741 742 0 0 0 255 
3 423 742 424 0 0 0 255 
3 424 742 743 0 0 0 255 
3 424 743 426 0 0 0 255 
3 426 743 744 0 0 0 255 
3 426 744 427 0 0 0 255 
3 427 744 745 0 0 0 255 
3 427 745 429 0 0 0 255 
3 429 745 746 0 0 0 255 
3 429 746 430 0 0 0 255 
3 430 746 747 0 0 0 255 
3 430 747 432 0 0 0 255 
3 432 747 748 0 0 0 255 
3 432 748 434 0 0 0 255 
3 434 748 749 0 0 0 255 
3 434 749 435 0 0 0 255 
3 435 749 750 0 0 0 255 
3 435 750 437 0 0 0 255 
3 437 750 751 0 0 0 255 
3 437 751 439 0 0 0 255 
3 439 751 752 0 0 0 255 
3 439 752 753 0 0 0 255 
3 753 752 754 0 0 0 255 
3 753 754 755 0 0 0 255 
3 755 754 756 0 0 0 255 
3 756 754 757 0 0 0 255 
3 756 757 758 0 0 0 255 
3 758 757 759 0 0 0 255 
3 758 759 760 0 0 0 255 
3 760 759 761 0 0 0 255 
3 760 761 762 0 0 0 255 
3 762 761 763 0 0 0 255 
3 762 763 764 0 0 0 255 
3 764 763 765 0 0 0 255 
3 764 765 766 0 0 0 255 
3 766 765 767 0 0 0 255 
3 766 767 768 0 0 0 255 
3 768 767 769 0 0 0 255 
3 768 769 770 0 0 0 255 
3 770 769 771 0 0 0 255 
3 770 771 772 0 0 0 255 
3 772 771 773 0 0 0 255 
3 772 773 774 0 0 0 255 
3 774 773 775 0 0 0 255 
3 774 775 776 0 0 0 255 
3 776 775 777 0 0 0 255 
3 776 777 735 0 0 0 255 
3 735 777 736 0 0 0 255 
3 740 739 738 0 0 0 255 
3 738 736 778 0 0 0 255 
3 778 736 777 0 0 0 255 
3 778 777 779 0 0 0 255 
3 779 777 775 0 0 0 255 
3 779 775 780 0 0 0 255 
3 780 775 773 0 0 0 255 
3 780 773 781 0 0 0 255 
3 781 773 771 0 0 0 255 
3 781 771 782 0 0 0 255 
3 782 771 769 0 0 0 255 
3 782 769 783 0 0 0 255 
3 783 769 767 0 0 0 255 
3 783 767 784 0 0 0 255 
3 784 767 765 0 0 0 255 
3 784 765 785 0 0 0 255 
3 785 765 763 0 0 0 255 
3 785 763 786 0 0 0 255 
3 786 763 761 0 0 0 255 
3 786 761 787 0 0 0 255 
3 787 761 759 0 0 0 255 
3 787 759 788 0 0 0 255 
3 788 759 757 0 0 0 255 
3 788 757 752 0 0 0 255 
3 752 757 754 0 0 0 255 
3 741 740 778 0 0 0 255 
3 778 740 738 0 0 0 255 
3 741 778 779 0 0 0 255 
3 742 741 779 0 0 0 255 
3 742 779 780 0 0 0 255 
3 743 742 780 0 0 0 255 
3 743 780 781 0 0 0 255 
3 744 743 781 0 0 0 255 
3 744 781 782 0 0 0 255 
3 745 744 782 0 0 0 255 
3 745 782 783 0 0 0 255 
3 746 745 783 0 0 0 255 
3 746 783 784 0 0 0 255 
3 747 746 784 0 0 0 255 
3 747 784 785 0 0 0 255 
3 748 747 785 0 0 0 255 
3 748 785 786 0 0 0 255 
3 749 748 786 0 0 0 255 
3 749 786 787 0 0 0 255 
3 750 749 787 0 0 0 255 
3 750 787 788 0 0 0 255 
3 751 750 788 0 0 0 255 
3 751 788 752 0 0 0 255 
3 753 789 439 0 0 0 255 
3 439 789 790 0 0 0 255 
3 439 790 791 0 0 0 255 
3 792 793 753 0 0 0 255 
3 753 793 794 0 0 0 255 
3 753 794 795 0 0 0 255 
3 382 796 792 0 0 0 255 
3 792 796 797 0 0 0 255 
3 792 797 798 0 0 0 255 
3 383 516 382 0 0 0 255 
3 382 516 799 0 0 0 255 
3 382 799 800 0 0 0 255 
3 800 801 382 0 0 0 255 
3 382 801 802 0 0 0 255 
3 382 802 803 0 0 0 255 
3 803 804 382 0 0 0 255 
3 382 804 796 0 0 0 255 
3 798 805 792 0 0 0 255 
3 792 805 806 0 0 0 255 
3 792 806 807 0 0 0 255 
3 807 808 792 0 0 0 255 
3 792 808 809 0 0 0 255 
3 792 809 810 0 0 0 255 
3 810 811 792 0 0 0 255 
3 792 811 812 0 0 0 255 
3 792 812 813 0 0 0 255 
3 813 814 792 0 0 0 255 
3 792 814 815 0 0 0 255 
3 792 815 816 0 0 0 255 
3 816 817 792 0 0 0 255 
3 792 817 818 0 0 0 255 
3 792 818 819 0 0 0 255 
3 819 820 792 0 0 0 255 
3 792 820 821 0 0 0 255 
3 792 821 822 0 0 0 255 
3 822 823 792 0 0 0 255 
3 792 823 793 0 0 0 255 
3 795 824 753 0 0 0 255 
3 753 824 825 0 0 0 255 
3 753 825 826 0 0 0 255 
3 826 827 753 0 0 0 255 
3 753 827 828 0 0 0 255 
3 753 828 829 0 0 0 255 
3 829 830 753 0 0 0 255 
3 753 830 831 0 0 0 255 
3 753 831 832 0 0 0 255 
3 832 833 753 0 0 0 255 
3 753 833 834 0 0 0 255 
3 753 834 835 0 0 0 255 
3 835 836 753 0 0 0 255 
3 753 836 837 0 0 0 255 
3 753 837 838 0 0 0 255 
3 838 839 753 0 0 0 255 
3 753 839 840 0 0 0 255 
3 753 840 841 0 0 0 255 
3 841 789 753 0 0 0 255 
3 791 842 439 0 0 0 255 
3 439 842 843 0 0 0 255 
3 439 843 844 0 0 0 255 
3 844 845 439 0 0 0 255 
3 439 845 410 0 0 0 255 
3 439 410 412 0 0 0 255 
3 792 846 382 0 0 0 255 
3 382 846 847 0 0 0 255 
3 382 847 381 0 0 0 255 
3 381 847 386 0 0 0 255 
3 386 847 848 0 0 0 255 
3 386 848 387 0 0 0 255 
3 387 848 849 0 0 0 255 
3 387 849 388 0 0 0 255 
3 388 849 850 0 0 0 255 
3 388 850 389 0 0 0 255 
3 389 850 851 0 0 0 255 
3 389 851 390 0 0 0 255 
3 390 851 852 0 0 0 255 
3 390 852 391 0 0 0 255 
3 391 852 853 0 0 0 255 
3 391 853 392 0 0 0 255 
3 392 853 854 0 0 0 255 
3 392 854 393 0 0 0 255 
3 393 854 855 0 0 0 255 
3 393 855 394 0 0 0 255 
3 394 855 856 0 0 0 255 
3 394 856 395 0 0 0 255 
3 395 856 857 0 0 0 255 
3 395 857 396 0 0 0 255 
3 396 857 858 0 0 0 255 
3 396 858 397 0 0 0 255 
3 397 858 859 0 0 0 255 
3 397 859 380 0 0 0 255 
3 380 859 860 0 0 0 255 
3 380 860 861 0 0 0 255 
3 861 860 862 0 0 0 255 
3 861 862 863 0 0 0 255 
3 863 862 864 0 0 0 255 
3 864 862 865 0 0 0 255 
3 864 865 866 0 0 0 255 
3 866 865 867 0 0 0 255 
3 866 867 868 0 0 0 255 
3 868 867 869 0 0 0 255 
3 868 869 870 0 0 0 255 
3 870 869 871 0 0 0 255 
3 870 871 872 0 0 0 255 
3 872 871 873 0 0 0 255 
3 872 873 874 0 0 0 255 
3 874 873 875 0 0 0 255 
3 874 875 876 0 0 0 255 
3 876 875 877 0 0 0 255 
3 876 877 878 0 0 0 255 
3 878 877 879 0 0 0 255 
3 878 879 880 0 0 0 255 
3 880 879 881 0 0 0 255 
3 880 881 882 0 0 0 255 
3 882 881 883 0 0 0 255 
3 882 883 884 0 0 0 255 
3 884 883 885 0 0 0 255 
3 884 885 886 0 0 0 255 
3 886 885 887 0 0 0 255 
3 886 887 792 0 0 0 255 
3 792 887 846 0 0 0 255 
3 848 847 846 0 0 0 255 
3 846 887 888 0 0 0 255 
3 888 887 885 0 0 0 255 
3 888 885 889 0 0 0 255 
3 889 885 883 0 0 0 255 
3 889 883 890 0 0 0 255 
3 890 883 881 0 0 0 255 
3 890 881 891 0 0 0 255 
3 891 881 879 0 0 0 255 
3 891 879 892 0 0 0 255 
3 892 879 877 0 0 0 255 
3 892 877 893 0 0 0 255 
3 893 877 875 0 0 0 255 
3 893 875 894 0 0 0 255 
3 894 875 873 0 0 0 255 
3 894 873 895 0 0 0 255 
3 895 873 871 0 0 0 255 
3 895 871 896 0 0 0 255 
3 896 871 869 0 0 0 255 
3 896 869 897 0 0 0 255 
3 897 869 867 0 0 0 255 
3 897 867 898 0 0 0 255 
3 898 867 865 0 0 0 255 
3 898 865 860 0 0 0 255 
3 860 865 862 0 0 0 255 
3 849 848 888 0 0 0 255 
3 888 848 846 0 0 0 255 
3 849 888 889 0 0 0 255 
3 850 849 889 0 0 0 255 
3 850 889 890 0 0 0 255 
3 851 850 890 0 0 0 255 
3 851 890 891 0 0 0 255 
3 852 851 891 0 0 0 255 
3 852 891 892 0 0 0 255 
3 853 852 892 0 0 0 255 
3 853 892 893 0 0 0 255 
3 854 853 893 0 0 0 255 
3 854 893 894 0 0 0 255 
3 855 854 894 0 0 0 255 
3 855 894 895 0 0 0 255 
3 856 855 895 0 0 0 255 
3 856 895 896 0 0 0 255 
3 857 856 896 0 0 0 255 
3 857 896 897 0 0 0 255 
3 858 857 897 0 0 0 255 
3 858 897 898 0 0 0 255 
3 859 858 898 0 0 0 255 
3 859 898 860 0 0 0 255 
3 753 899 792 0 0 0 255 
3 792 899 900 0 0 0 255 
3 792 900 901 0 0 0 255 
3 755 902 753 0 0 0 255 
3 753 902 903 0 0 0 255 
3 753 903 904 0 0 0 255 
3 902 755 905 0 0 0 255 
3 905 755 756 0 0 0 255 
3 905 756 758 0 0 0 255 
3 905 758 906 0 0 0 255 
3 906 758 760 0 0 0 255 
3 906 760 762 0 0 0 255 
3 906 762 907 0 0 0 255 
3 907 762 764 0 0 0 255 
3 907 764 908 0 0 0 255 
3 908 764 766 0 0 0 255 
3 908 766 909 0 0 0 255 
3 909 766 768 0 0 0 255 
3 909 768 910 0 0 0 255 
3 910 768 911 0 0 0 255 
3 911 768 770 0 0 0 255 
3 911 770 912 0 0 0 255 
3 912 770 772 0 0 0 255 
3 912 772 913 0 0 0 255 
3 913 772 914 0 0 0 255 
3 914 772 915 0 0 0 255 
3 915 772 774 0 0 0 255 
3 915 774 776 0 0 0 255 
3 735 916 776 0 0 0 255 
3 776 916 917 0 0 0 255 
3 776 917 915 0 0 0 255 
3 735 737 916 0 0 0 255 
3 918 919 916 0 0 0 255 
3 916 919 920 0 0 0 255 
3 916 920 921 0 0 0 255 
3 922 923 918 0 0 0 255 
3 918 923 924 0 0 0 255 
3 918 924 925 0 0 0 255 
3 926 927 922 0 0 0 255 
3 922 927 928 0 0 0 255 
3 922 928 929 0 0 0 255 
3 861 863 926 0 0 0 255 
3 926 863 864 0 0 0 255 
3 926 864 930 0 0 0 255 
3 930 864 866 0 0 0 255 
3 930 866 931 0 0 0 255 
3 931 866 868 0 0 0 255 
3 931 868 932 0 0 0 255 
3 932 868 933 0 0 0 255 
3 933 868 870 0 0 0 255 
3 933 870 934 0 0 0 255 
3 934 870 935 0 0 0 255 
3 935 870 872 0 0 0 255 
3 935 872 936 0 0 0 255 
3 936 872 874 0 0 0 255 
3 936 874 937 0 0 0 255 
3 937 874 876 0 0 0 255 
3 937 876 938 0 0 0 255 
3 938 876 878 0 0 0 255 
3 938 878 939 0 0 0 255 
3 939 878 880 0 0 0 255 
3 939 880 940 0 0 0 255 
3 940 880 882 0 0 0 255 
3 940 882 884 0 0 0 255 
3 940 884 941 0 0 0 255 
3 941 884 886 0 0 0 255 
3 941 886 942 0 0 0 255 
3 942 886 792 0 0 0 255 
3 942 792 943 0 0 0 255 
3 943 792 944 0 0 0 255 
3 944 792 901 0 0 0 255 
3 929 945 922 0 0 0 255 
3 922 945 946 0 0 0 255 
3 922 946 947 0 0 0 255 
3 947 948 922 0 0 0 255 
3 922 948 949 0 0 0 255 
3 922 949 950 0 0 0 255 
3 950 951 922 0 0 0 255 
3 922 951 952 0 0 0 255 
3 922 952 953 0 0 0 255 
3 953 954 922 0 0 0 255 
3 922 954 923 0 0 0 255 
3 923 954 955 0 0 0 255 
3 955 954 956 0 0 0 255 
3 955 956 957 0 0 0 255 
3 957 956 958 0 0 0 255 
3 957 958 899 0 0 0 255 
3 899 958 900 0 0 0 255 
3 930 959 926 0 0 0 255 
3 926 959 960 0 0 0 255 
3 926 960 961 0 0 0 255 
3 961 962 926 0 0 0 255 
3 926 962 963 0 0 0 255 
3 926 963 964 0 0 0 255 
3 964 965 926 0 0 0 255 
3 926 965 966 0 0 0 255 
3 926 966 967 0 0 0 255 
3 967 927 926 0 0 0 255 
3 904 968 753 0 0 0 255 
3 753 968 969 0 0 0 255 
3 753 969 899 0 0 0 255 
3 925 970 918 0 0 0 255 
3 918 970 971 0 0 0 255 
3 918 971 972 0 0 0 255 
3 972 973 918 0 0 0 255 
3 918 973 974 0 0 0 255 
3 918 974 975 0 0 0 255 
3 975 976 918 0 0 0 255 
3 918 976 977 0 0 0 255 
3 918 977 919 0 0 0 255 
3 921 978 916 0 0 0 255 
3 916 978 979 0 0 0 255 
3 916 979 980 0 0 0 255 
3 980 981 916 0 0 0 255 
3 916 981 982 0 0 0 255 
3 916 982 983 0 0 0 255 
3 983 984 916 0 0 0 255 
3 916 984 917 0 0 0 255 
3 737 416 916 0 0 0 255 
3 916 416 467 0 0 0 255 
3 422 985 419 0 0 0 255 
3 419 985 986 0 0 0 255 
3 419 986 415 0 0 0 255 
3 415 986 987 0 0 0 255 
3 415 987 417 0 0 0 255 
3 417 987 988 0 0 0 255 
3 417 988 418 0 0 0 255 
3 418 988 989 0 0 0 255 
3 418 989 484 0 0 0 255 
3 484 989 990 0 0 0 255 
3 484 990 483 0 0 0 255 
3 483 990 991 0 0 0 255 
3 483 991 482 0 0 0 255 
3 482 991 992 0 0 0 255 
3 482 992 481 0 0 0 255 
3 481 992 993 0 0 0 255 
3 481 993 480 0 0 0 255 
3 480 993 994 0 0 0 255 
3 480 994 479 0 0 0 255 
3 479 994 995 0 0 0 255 
3 479 995 478 0 0 0 255 
3 478 995 996 0 0 0 255 
3 478 996 477 0 0 0 255 
3 477 996 997 0 0 0 255 
3 477 997 476 0 0 0 255 
3 476 997 998 0 0 0 255 
3 476 998 475 0 0 0 255 
3 475 998 999 0 0 0 255 
3 475 999 474 0 0 0 255 
3 474 999 1000 0 0 0 255 
3 474 1000 473 0 0 0 255 
3 473 1000 1001 0 0 0 255 
3 473 1001 472 0 0 0 255 
3 472 1001 1002 0 0 0 255 
3 472 1002 471 0 0 0 255 
3 471 1002 1003 0 0 0 255 
3 471 1003 470 0 0 0 255 
3 470 1003 1004 0 0 0 255 
3 470 1004 469 0 0 0 255 
3 469 1004 1005 0 0 0 255 
3 469 1005 468 0 0 0 255 
3 468 1005 1006 0 0 0 255 
3 468 1006 466 0 0 0 255 
3 466 1006 1007 0 0 0 255 
3 466 1007 465 0 0 0 255 
3 465 1007 1008 0 0 0 255 
3 465 1008 464 0 0 0 255 
3 464 1008 1009 0 0 0 255 
3 464 1009 463 0 0 0 255 
3 463 1009 1010 0 0 0 255 
3 463 1010 462 0 0 0 255 
3 462 1010 1011 0 0 0 255 
3 462 1011 461 0 0 0 255 
3 461 1011 1012 0 0 0 255 
3 461 1012 460 0 0 0 255 
3 460 1012 1013 0 0 0 255 
3 460 1013 459 0 0 0 255 
3 459 1013 1014 0 0 0 255 
3 459 1014 458 0 0 0 255 
3 458 1014 1015 0 0 0 255 
3 458 1015 457 0 0 0 255 
3 457 1015 1016 0 0 0 255 
3 457 1016 456 0 0 0 255 
3 456 1016 1017 0 0 0 255 
3 456 1017 455 0 0 0 255 
3 455 1017 1018 0 0 0 255 
3 455 1018 453 0 0 0 255 
3 453 1018 1019 0 0 0 255 
3 453 1019 438 0 0 0 255 
3 438 1019 1020 0 0 0 255 
3 438 1020 436 0 0 0 255 
3 436 1020 1021 0 0 0 255 
3 436 1021 433 0 0 0 255 
3 433 1021 1022 0 0 0 255 
3 433 1022 431 0 0 0 255 
3 431 1022 1023 0 0 0 255 
3 431 1023 428 0 0 0 255 
3 428 1023 1024 0 0 0 255 
3 428 1024 425 0 0 0 255 
3 425 1024 1025 0 0 0 255 
3 425 1025 422 0 0 0 255 
3 422 1025 985 0 0 0 255 
3 906 1026 905 0 0 0 255 
3 905 1026 1027 0 0 0 255 
3 905 1027 902 0 0 0 255 
3 902 1027 1028 0 0 0 255 
3 902 1028 903 0 0 0 255 
3 903 1028 1029 0 0 0 255 
3 903 1029 904 0 0 0 255 
3 904 1029 1030 0 0 0 255 
3 904 1030 968 0 0 0 255 
3 968 1030 1031 0 0 0 255 
3 968 1031 969 0 0 0 255 
3 969 1031 1032 0 0 0 255 
3 969 1032 899 0 0 0 255 
3 899 1032 1033 0 0 0 255 
3 899 1033 957 0 0 0 255 
3 957 1033 1034 0 0 0 255 
3 957 1034 955 0 0 0 255 
3 955 1034 1035 0 0 0 255 
3 955 1035 923 0 0 0 255 
3 923 1035 1036 0 0 0 255 
3 923 1036 924 0 0 0 255 
3 924 1036 1037 0 0 0 255 
3 924 1037 925 0 0 0 255 
3 925 1037 1038 0 0 0 255 
3 925 1038 970 0 0 0 255 
3 970 1038 1039 0 0 0 255 
3 970 1039 971 0 0 0 255 
3 971 1039 1040 0 0 0 255 
3 971 1040 972 0 0 0 255 
3 972 1040 1041 0 0 0 255 
3 972 1041 973 0 0 0 255 
3 973 1041 1042 0 0 0 255 
3 973 1042 974 0 0 0 255 
3 974 1042 1043 0 0 0 255 
3 974 1043 975 0 0 0 255 
3 975 1043 1044 0 0 0 255 
3 975 1044 976 0 0 0 255 
3 976 1044 1045 0 0 0 255 
3 976 1045 977 0 0 0 255 
3 977 1045 1046 0 0 0 255 
3 977 1046 919 0 0 0 255 
3 919 1046 1047 0 0 0 255 
3 919 1047 920 0 0 0 255 
3 920 1047 1048 0 0 0 255 
3 920 1048 921 0 0 0 255 
3 921 1048 1049 0 0 0 255 
3 921 1049 978 0 0 0 255 
3 978 1049 1050 0 0 0 255 
3 978 1050 979 0 0 0 255 
3 979 1050 1051 0 0 0 255 
3 979 1051 980 0 0 0 255 
3 980 1051 1052 0 0 0 255 
3 980 1052 981 0 0 0 255 
3 981 1052 1053 0 0 0 255 
3 981 1053 982 0 0 0 255 
3 982 1053 1054 0 0 0 255 
3 982 1054 983 0 0 0 255 
3 983 1054 1055 0 0 0 255 
3 983 1055 984 0 0 0 255 
3 984 1055 1056 0 0 0 255 
3 984 1056 917 0 0 0 255 
3 917 1056 1057 0 0 0 255 
3 917 1057 915 0 0 0 255 
3 915 1057 1058 0 0 0 255 
3 915 1058 914 0 0 0 255 
3 914 1058 1059 0 0 0 255 
3 914 1059 913 0 0 0 255 
3 913 1059 1060 0 0 0 255 
3 913 1060 912 0 0 0 255 
3 912 1060 1061 0 0 0 255 
3 912 1061 911 0 0 0 255 
3 911 1061 1062 0 0 0 255 
3 911 1062 910 0 0 0 255 
3 910 1062 1063 0 0 0 255 
3 910 1063 909 0 0 0 255 
3 909 1063 1064 0 0 0 255 
3 909 1064 908 0 0 0 255 
3 908 1064 1065 0 0 0 255 
3 908 1065 907 0 0 0 255 
3 907 1065 1066 0 0 0 255 
3 907 1066 906 0 0 0 255 
3 906 1066 1026 0 0 0 255 
3 986 1067 987 0 0 0 255 
3 987 1067 1068 0 0 0 255 
3 987 1068 988 0 0 0 255 
3 988 1068 1069 0 0 0 255 
3 988 1069 989 0 0 0 255 
3 989 1069 1070 0 0 0 255 
3 989 1070 990 0 0 0 255 
3 990 1070 1071 0 0 0 255 
3 990 1071 991 0 0 0 255 
3 991 1071 1072 0 0 0 255 
3 991 1072 992 0 0 0 255 
3 992 1072 1073 0 0 0 255 
3 992 1073 993 0 0 0 255 
3 993 1073 1074 0 0 0 255 
3 993 1074 994 0 0 0 255 
3 994 1074 1075 0 0 0 255 
3 994 1075 995 0 0 0 255 
3 995 1075 1076 0 0 0 255 
3 995 1076 996 0 0 0 255 
3 996 1076 1077 0 0 0 255 
3 996 1077 997 0 0 0 255 
3 997 1077 1078 0 0 0 255 
3 997 1078 998 0 0 0 255 
3 998 1078 1079 0 0 0 255 
3 998 1079 999 0 0 0 255 
3 999 1079 1080 0 0 0 255 
3 999 1080 1000 0 0 0 255 
3 1000 1080 1081 0 0 0 255 
3 1000 1081 1001 0 0 0 255 
3 1001 1081 1082 0 0 0 255 
3 1001 1082 1002 0 0 0 255 
3 1002 1082 1083 0 0 0 255 
3 1002 1083 1003 0 0 0 255 
3 1003 1083 1084 0 0 0 255 
3 1003 1084 1004 0 0 0 255 
3 1004 1084 1085 0 0 0 255 
3 1004 1085 1005 0 0 0 255 
3 1005 1085 1086 0 0 0 255 
3 1005 1086 1006 0 0 0 255 
3 1006 1086 1087 0 0 0 255 
3 1006 1087 1007 0 0 0 255 
3 1007 1087 1088 0 0 0 255 
3 1007 1088 1008 0 0 0 255 
3 1008 1088 1089 0 0 0 255 
3 1008 1089 1009 0 0 0 255 
3 1009 1089 1090 0 0 0 255 
3 1009 1090 1010 0 0 0 255 
3 1010 1090 1091 0 0 0 255 
3 1010 1091 1011 0 0 0 255 
3 1011 1091 1092 0 0 0 255 
3 1011 1092 1012 0 0 0 255 
3 1012 1092 1093 0 0 0 255 
3 1012 1093 1013 0 0 0 255 
3 1013 1093 1094 0 0 0 255 
3 1013 1094 1014 0 0 0 255 
3 1014 1094 1095 0 0 0 255 
3 1014 1095 1015 0 0 0 255 
3 1015 1095 1096 0 0 0 255 
3 1015 1096 1016 0 0 0 255 
3 1016 1096 1097 0 0 0 255 
3 1016 1097 1017 0 0 0 255 
3 1017 1097 1098 0 0 0 255 
3 1017 1098 1018 0 0 0 255 
3 1018 1098 1099 0 0 0 255 
3 1018 1099 1019 0 0 0 255 
3 1019 1099 1100 0 0 0 255 
3 1019 1100 1020 0 0 0 255 
3 1020 1100 1101 0 0 0 255 
3 1020 1101 1021 0 0 0 255 
3 1021 1101 1102 0 0 0 255 
3 1021 1102 1022 0 0 0 255 
3 1022 1102 1103 0 0 0 255 
3 1022 1103 1023 0 0 0 255 
3 1023 1103 1104 0 0 0 255 
3 1023 1104 1024 0 0 0 255 
3 1024 1104 1105 0 0 0 255 
3 1024 1105 1025 0 0 0 255 
3 1025 1105 1106 0 0 0 255 
3 1025 1106 985 0 0 0 255 
3 985 1106 1107 0 0 0 255 
3 985 1107 986 0 0 0 255 
3 986 1107 1067 0 0 0 255 
3 1067 1108 1068 0 0 0 255 
3 1068 1108 1109 0 0 0 255 
3 1068 1109 1069 0 0 0 255 
3 1069 1109 1110 0 0 0 255 
3 1069 1110 1070 0 0 0 255 
3 1070 1110 1111 0 0 0 255 
3 1070 1111 1071 0 0 0 255 
3 1071 1111 1112 0 0 0 255 
3 1071 1112 1072 0 0 0 255 
3 1072 1112 1113 0 0 0 255 
3 1072 1113 1073 0 0 0 255 
3 1073 1113 1114 0 0 0 255 
3 1073 1114 1074 0 0 0 255 
3 1074 1114 1115 0 0 0 255 
3 1074 1115 1075 0 0 0 255 
3 1075 1115 1116 0 0 0 255 
3 1075 1116 1076 0 0 0 255 
3 1076 1116 1117 0 0 0 255 
3 1076 1117 1077 0 0 0 255 
3 1077 1117 1118 0 0 0 255 
3 1077 1118 1078 0 0 0 255 
3 1078 1118 1119 0 0 0 255 
3 1078 1119 1079 0 0 0 255 
3 1079 1119 1120 0 0 0 255 
3 1079 1120 1080 0 0 0 255 
3 1080 1120 1121 0 0 0 255 
3 1080 1121 1081 0 0 0 255 
3 1081 1121 1122 0 0 0 255 
3 1081 1122 1082 0 0 0 255 
3 1082 1122 1123 0 0 0 255 
3 1082 1123 1083 0 0 0 255 
3 1083 1123 1124 0 0 0 255 
3 1083 1124 1084 0 0 0 255 
3 1084 1124 1125 0 0 0 255 
3 1084 1125 1085 0 0 0 255 
3 1085 1125 1126 0 0 0 255 
3 1085 1126 1086 0 0 0 255 
3 1086 1126 1127 0 0 0 255 
3 1086 1127 1087 0 0 0 255 
3 1087 1127 1128 0 0 0 255 
3 1087 1128 1088 0 0 0 255 
3 1088 1128 1129 0 0 0 255 
3 1088 1129 1089 0 0 0 255 
3 1089 1129 1130 0 0 0 255 
3 1089 1130 1090 0 0 0 255 
3 1090 1130 1131 0 0 0 255 
3 1090 1131 1091 0 0 0 255 
3 1091 1131 1132 0 0 0 255 
3 1091 1132 1092 0 0 0 255 
3 1092 1132 1133 0 0 0 255 
3 1092 1133 1093 0 0 0 255 
3 1093 1133 1134 0 0 0 255 
3 1093 1134 1094 0 0 0 255 
3 1094 1134 1135 0 0 0 255 
3 1094 1135 1095 0 0 0 255 
3 1095 1135 1136 0 0 0 255 
3 1095 1136 1096 0 0 0 255 
3 1096 1136 1137 0 0 0 255 
3 1096 1137 1097 0 0 0 255 
3 1097 1137 1138 0 0 0 255 
3 1097 1138 1098 0 0 0 255 
3 1098 1138 1139 0 0 0 255 
3 1098 1139 1099 0 0 0 255 
3 1099 1139 1140 0 0 0 255 
3 1099 1140 1100 0 0 0 255 
3 1100 1140 1141 0 0 0 255 
3 1100 1141 1101 0 0 0 255 
3 1101 1141 1142 0 0 0 255 
3 1101 1142 1102 0 0 0 255 
3 1102 1142 1143 0 0 0 255 
3 1102 1143 1103 0 0 0 255 
3 1103 1143 1144 0 0 0 255 
3 1103 1144 1104 0 0 0 255 
3 1104 1144 1145 0 0 0 255 
3 1104 1145 1105 0 0 0 255 
3 1105 1145 1146 0 0 0 255 
3 1105 1146 1106 0 0 0 255 
3 1106 1146 1147 0 0 0 255 
3 1106 1147 1107 0 0 0 255 
3 1107 1147 1148 0 0 0 255 
3 1107 1148 1067 0 0 0 255 
3 1067 1148 1108 0 0 0 255 
3 1108 1027 1109 0 0 0 255 
3 1109 1027 1026 0 0 0 255 
3 1109 1026 1110 0 0 0 255 
3 1110 1026 1066 0 0 0 255 
3 1110 1066 1111 0 0 0 255 
3 1111 1066 1065 0 0 0 255 
3 1111 1065 1112 0 0 0 255 
3 1112 1065 1064 0 0 0 255 
3 1112 1064 1113 0 0 0 255 
3 1113 1064 1063 0 0 0 255 
3 1113 1063 1114 0 0 0 255 
3 1114 1063 1062 0 0 0 255 
3 1114 1062 1115 0 0 0 255 
3 1115 1062 1061 0 0 0 255 
3 1115 1061 1116 0 0 0 255 
3 1116 1061 1060 0 0 0 255 
3 1116 1060 1117 0 0 0 255 
3 1117 1060 1059 0 0 0 255 
3 1117 1059 1118 0 0 0 255 
3 1118 1059 1058 0 0 0 255 
3 1118 1058 1119 0 0 0 255 
3 1119 1058 1057 0 0 0 255 
3 1119 1057 1120 0 0 0 255 
3 1120 1057 1056 0 0 0 255 
3 1120 1056 1121 0 0 0 255 
3 1121 1056 1055 0 0 0 255 
3 1121 1055 1122 0 0 0 255 
3 1122 1055 1054 0 0 0 255 
3 1122 1054 1123 0 0 0 255 
3 1123 1054 1053 0 0 0 255 
3 1123 1053 1124 0 0 0 255 
3 1124 1053 1052 0 0 0 255 
3 1124 1052 1125 0 0 0 255 
3 1125 1052 1051 0 0 0 255 
3 1125 1051 1126 0 0 0 255 
3 1126 1051 1050 0 0 0 255 
3 1126 1050 1127 0 0 0 255 
3 1127 1050 1049 0 0 0 255 
3 1127 1049 1128 0 0 0 255 
3 1128 1049 1048 0 0 0 255 
3 1128 1048 1129 0 0 0 255 
3 1129 1048 1047 0 0 0 255 
3 1129 1047 1130 0 0 0 255 
3 1130 1047 1046 0 0 0 255 
3 1130 1046 1131 0 0 0 255 
3 1131 1046 1045 0 0 0 255 
3 1131 1045 1132 0 0 0 255 
3 1132 1045 1044 0 0 0 255 
3 1132 1044 1133 0 0 0 255 
3 1133 1044 1043 0 0 0 255 
3 1133 1043 1134 0 0 0 255 
3 1134 1043 1042 0 0 0 255 
3 1134 1042 1135 0 0 0 255 
3 1135 1042 1041 0 0 0 255 
3 1135 1041 1136 0 0 0 255 
3 1136 1041 1040 0 0 0 255 
3 1136 1040 1137 0 0 0 255 
3 1137 1040 1039 0 0 0 255 
3 1137 1039 1138 0 0 0 255 
3 1138 1039 1038 0 0 0 255 
3 1138 1038 1139 0 0 0 255 
3 1139 1038 1037 0 0 0 255 
3 1139 1037 1140 0 0 0 255 
3 1140 1037 1036 0 0 0 255 
3 1140 1036 1141 0 0 0 255 
3 1141 1036 1035 0 0 0 255 
3 1141 1035 1142 0 0 0 255 
3 1142 1035 1034 0 0 0 255 
3 1142 1034 1143 0 0 0 255 
3 1143 1034 1033 0 0 0 255 
3 1143 1033 1144 0 0 0 255 
3 1144 1033 1032 0 0 0 255 
3 1144 1032 1145 0 0 0 255 
3 1145 1032 1031 0 0 0 255 
3 1145 1031 1146 0 0 0 255 
3 1146 1031 1030 0 0 0 255 
3 1146 1030 1147 0 0 0 255 
3 1147 1030 1029 0 0 0 255 
3 1147 1029 1148 0 0 0 255 
3 1148 1029 1028 0 0 0 255 
3 1148 1028 1108 0 0 0 255 
3 1108 1028 1027 0 0 0 255 
3 485 1149 486 0 0 0 255 
3 486 1149 1150 0 0 0 255 
3 486 1150 451 0 0 0 255 
3 451 1150 1151 0 0 0 255 
3 451 1151 452 0 0 0 255 
3 452 1151 1152 0 0 0 255 
3 452 1152 487 0 0 0 255 
3 487 1152 1153 0 0 0 255 
3 487 1153 488 0 0 0 255 
3 488 1153 1154 0 0 0 255 
3 488 1154 489 0 0 0 255 
3 489 1154 1155 0 0 0 255 
3 489 1155 490 0 0 0 255 
3 490 1155 1156 0 0 0 255 
3 490 1156 491 0 0 0 255 
3 491 1156 1157 0 0 0 255 
3 491 1157 492 0 0 0 255 
3 492 1157 1158 0 0 0 255 
3 492 1158 448 0 0 0 255 
3 448 1158 1159 0 0 0 255 
3 448 1159 449 0 0 0 255 
3 449 1159 1160 0 0 0 255 
3 449 1160 450 0 0 0 255 
3 450 1160 1161 0 0 0 255 
3 450 1161 493 0 0 0 255 
3 493 1161 1162 0 0 0 255 
3 493 1162 494 0 0 0 255 
3 494 1162 1163 0 0 0 255 
3 494 1163 495 0 0 0 255 
3 495 1163 1164 0 0 0 255 
3 495 1164 496 0 0 0 255 
3 496 1164 1165 0 0 0 255 
3 496 1165 497 0 0 0 255 
3 497 1165 1166 0 0 0 255 
3 497 1166 498 0 0 0 255 
3 498 1166 1167 0 0 0 255 
3 498 1167 499 0 0 0 255 
3 499 1167 1168 0 0 0 255 
3 499 1168 500 0 0 0 255 
3 500 1168 1169 0 0 0 255 
3 500 1169 501 0 0 0 255 
3 501 1169 1170 0 0 0 255 
3 501 1170 445 0 0 0 255 
3 445 1170 1171 0 0 0 255 
3 445 1171 446 0 0 0 255 
3 446 1171 1172 0 0 0 255 
3 446 1172 447 0 0 0 255 
3 447 1172 1173 0 0 0 255 
3 447 1173 502 0 0 0 255 
3 502 1173 1174 0 0 0 255 
3 502 1174 503 0 0 0 255 
3 503 1174 1175 0 0 0 255 
3 503 1175 504 0 0 0 255 
3 504 1175 1176 0 0 0 255 
3 504 1176 505 0 0 0 255 
3 505 1176 1177 0 0 0 255 
3 505 1177 506 0 0 0 255 
3 506 1177 1178 0 0 0 255 
3 506 1178 507 0 0 0 255 
3 507 1178 1179 0 0 0 255 
3 507 1179 508 0 0 0 255 
3 508 1179 1180 0 0 0 255 
3 508 1180 441 0 0 0 255 
3 441 1180 1181 0 0 0 255 
3 441 1181 442 0 0 0 255 
3 442 1181 1182 0 0 0 255 
3 442 1182 443 0 0 0 255 
3 443 1182 1183 0 0 0 255 
3 443 1183 509 0 0 0 255 
3 509 1183 1184 0 0 0 255 
3 509 1184 510 0 0 0 255 
3 510 1184 1185 0 0 0 255 
3 510 1185 511 0 0 0 255 
3 511 1185 1186 0 0 0 255 
3 511 1186 512 0 0 0 255 
3 512 1186 1187 0 0 0 255 
3 512 1187 513 0 0 0 255 
3 513 1187 1188 0 0 0 255 
3 513 1188 514 0 0 0 255 
3 514 1188 1189 0 0 0 255 
3 514 1189 485 0 0 0 255 
3 485 1189 1149 0 0 0 255 
3 696 1190 697 0 0 0 255 
3 697 1190 1191 0 0 0 255 
3 697 1191 698 0 0 0 255 
3 698 1191 1192 0 0 0 255 
3 698 1192 699 0 0 0 255 
3 699 1192 1193 0 0 0 255 
3 699 1193 700 0 0 0 255 
3 700 1193 1194 0 0 0 255 
3 700 1194 701 0 0 0 255 
3 701 1194 1195 0 0 0 255 
3 701 1195 702 0 0 0 255 
3 702 1195 1196 0 0 0 255 
3 702 1196 703 0 0 0 255 
3 703 1196 1197 0 0 0 255 
3 703 1197 704 0 0 0 255 
3 704 1197 1198 0 0 0 255 
3 704 1198 705 0 0 0 255 
3 705 1198 1199 0 0 0 255 
3 705 1199 706 0 0 0 255 
3 706 1199 1200 0 0 0 255 
3 706 1200 707 0 0 0 255 
3 707 1200 1201 0 0 0 255 
3 707 1201 708 0 0 0 255 
3 708 1201 1202 0 0 0 255 
3 708 1202 709 0 0 0 255 
3 709 1202 1203 0 0 0 255 
3 709 1203 710 0 0 0 255 
3 710 1203 1204 0 0 0 255 
3 710 1204 711 0 0 0 255 
3 711 1204 1205 0 0 0 255 
3 711 1205 712 0 0 0 255 
3 712 1205 1206 0 0 0 255 
3 712 1206 713 0 0 0 255 
3 713 1206 1207 0 0 0 255 
3 713 1207 714 0 0 0 255 
3 714 1207 1208 0 0 0 255 
3 714 1208 715 0 0 0 255 
3 715 1208 1209 0 0 0 255 
3 715 1209 716 0 0 0 255 
3 716 1209 1210 0 0 0 255 
3 716 1210 717 0 0 0 255 
3 717 1210 1211 0 0 0 255 
3 717 1211 718 0 0 0 255 
3 718 1211 1212 0 0 0 255 
3 718 1212 720 0 0 0 255 
3 720 1212 1213 0 0 0 255 
3 720 1213 721 0 0 0 255 
3 721 1213 1214 0 0 0 255 
3 721 1214 722 0 0 0 255 
3 722 1214 1215 0 0 0 255 
3 722 1215 723 0 0 0 255 
3 723 1215 1216 0 0 0 255 
3 723 1216 724 0 0 0 255 
3 724 1216 1217 0 0 0 255 
3 724 1217 725 0 0 0 255 
3 725 1217 1218 0 0 0 255 
3 725 1218 726 0 0 0 255 
3 726 1218 1219 0 0 0 255 
3 726 1219 727 0 0 0 255 
3 727 1219 1220 0 0 0 255 
3 727 1220 728 0 0 0 255 
3 728 1220 1221 0 0 0 255 
3 728 1221 729 0 0 0 255 
3 729 1221 1222 0 0 0 255 
3 729 1222 666 0 0 0 255 
3 666 1222 1223 0 0 0 255 
3 666 1223 667 0 0 0 255 
3 667 1223 1224 0 0 0 255 
3 667 1224 668 0 0 0 255 
3 668 1224 1225 0 0 0 255 
3 668 1225 730 0 0 0 255 
3 730 1225 1226 0 0 0 255 
3 730 1226 731 0 0 0 255 
3 731 1226 1227 0 0 0 255 
3 731 1227 732 0 0 0 255 
3 732 1227 1228 0 0 0 255 
3 732 1228 733 0 0 0 255 
3 733 1228 1229 0 0 0 255 
3 733 1229 734 0 0 0 255 
3 734 1229 1230 0 0 0 255 
3 734 1230 696 0 0 0 255 
3 696 1230 1190 0 0 0 255 
3 1150 1231 1151 0 0 0 255 
3 1151 1231 1232 0 0 0 255 
3 1151 1232 1152 0 0 0 255 
3 1152 1232 1233 0 0 0 255 
3 1152 1233 1153 0 0 0 255 
3 1153 1233 1234 0 0 0 255 
3 1153 1234 1154 0 0 0 255 
3 1154 1234 1235 0 0 0 255 
3 1154 1235 1155 0 0 0 255 
3 1155 1235 1236 0 0 0 255 
3 1155 1236 1156 0 0 0 255 
3 1156 1236 1237 0 0 0 255 
3 1156 1237 1157 0 0 0 255 
3 1157 1237 1238 0 0 0 255 
3 1157 1238 1158 0 0 0 255 
3 1158 1238 1239 0 0 0 255 
3 1158 1239 1159 0 0 0 255 
3 1159 1239 1240 0 0 0 255 
3 1159 1240 1160 0 0 0 255 
3 1160 1240 1241 0 0 0 255 
3 1160 1241 1161 0 0 0 255 
3 1161 1241 1242 0 0 0 255 
3 1161 1242 1162 0 0 0 255 
3 1162 1242 1243 0 0 0 255 
3 1162 1243 1163 0 0 0 255 
3 1163 1243 1244 0 0 0 255 
3 1163 1244 1164 0 0 0 255 
3 1164 1244 1245 0 0 0 255 
3 1164 1245 1165 0 0 0 255 
3 1165 1245 1246 0 0 0 255 
3 1165 1246 1166 0 0 0 255 
3 1166 1246 1247 0 0 0 255 
3 1166 1247 1167 0 0 0 255 
3 1167 1247 1248 0 0 0 255 
3 1167 1248 1168 0 0 0 255 
3 1168 1248 1249 0 0 0 255 
3 1168 1249 1169 0 0 0 255 
3 1169 1249 1250 0 0 0 255 
3 1169 1250 1170 0 0 0 255 
3 1170 1250 1251 0 0 0 255 
3 1170 1251 1171 0 0 0 255 
3 1171 1251 1252 0 0 0 255 
3 1171 1252 1172 0 0 0 255 
3 1172 1252 1253 0 0 0 255 
3 1172 1253 1173 0 0 0 255 
3 1173 1253 1254 0 0 0 255 
3 1173 1254 1174 0 0 0 255 
3 1174 1254 1255 0 0 0 255 
3 1174 1255 1175 0 0 0 255 
3 1175 1255 1256 0 0 0 255 
3 1175 1256 1176 0 0 0 255 
3 1176 1256 1257 0 0 0 255 
3 1176 1257 1177 0 0 0 255 
3 1177 1257 1258 0 0 0 255 
3 1177 1258 1178 0 0 0 255 
3 1178 1258 1259 0 0 0 255 
3 1178 1259 1179 0 0 0 255 
3 1179 1259 1260 0 0 0 255 
3 1179 1260 1180 0 0 0 255 
3 1180 1260 1261 0 0 0 255 
3 1180 1261 1181 0 0 0 255 
3 1181 1261 1262 0 0 0 255 
3 1181 1262 1182 0 0 0 255 
3 1182 1262 1263 0 0 0 255 
3 1182 1263 1183 0 0 0 255 
3 1183 1263 1264 0 0 0 255 
3 1183 1264 1184 0 0 0 255 
3 1184 1264 1265 0 0 0 255 
3 1184 1265 1185 0 0 0 255 
3 1185 1265 1266 0 0 0 255 
3 1185 1266 1186 0 0 0 255 
3 1186 1266 1267 0 0 0 255 
3 1186 1267 1187 0 0 0 255 
3 1187 1267 1268 0 0 0 255 
3 1187 1268 1188 0 0 0 255 
3 1188 1268 1269 0 0 0 255 
3 1188 1269 1189 0 0 0 255 
3 1189 1269 1270 0 0 0 255 
3 1189 1270 1149 0 0 0 255 
3 1149 1270 1271 0 0 0 255 
3 1149 1271 1150 0 0 0 255 
3 1150 1271 1231 0 0 0 255 
3 1231 1272 1232 0 0 0 255 
3 1232 1272 1273 0 0 0 255 
3 1232 1273 1233 0 0 0 255 
3 1233 1273 1274 0 0 0 255 
3 1233 1274 1234 0 0 0 255 
3 1234 1274 1275 0 0 0 255 
3 1234 1275 1235 0 0 0 255 
3 1235 1275 1276 0 0 0 255 
3 1235 1276 1236 0 0 0 255 
3 1236 1276 1277 0 0 0 255 
3 1236 1277 1237 0 0 0 255 
3 1237 1277 1278 0 0 0 255 
3 1237 1278 1238 0 0 0 255 
3 1238 1278 1279 0 0 0 255 
3 1238 1279 1239 0 0 0 255 
3 1239 1279 1280 0 0 0 255 
3 1239 1280 1240 0 0 0 255 
3 1240 1280 1281 0 0 0 255 
3 1240 1281 1241 0 0 0 255 
3 1241 1281 1282 0 0 0 255 
3 1241 1282 1242 0 0 0 255 
3 1242 1282 1283 0 0 0 255 
3 1242 1283 1243 0 0 0 255 
3 1243 1283 1284 0 0 0 255 
3 1243 1284 1244 0 0 0 255 
3 1244 1284 1285 0 0 0 255 
3 1244 1285 1245 0 0 0 255 
3 1245 1285 1286 0 0 0 255 
3 1245 1286 1246 0 0 0 255 
3 1246 1286 1287 0 0 0 255 
3 1246 1287 1247 0 0 0 255 
3 1247 1287 1288 0 0 0 255 
3 1247 1288 1248 0 0 0 255 
3 1248 1288 1289 0 0 0 255 
3 1248 1289 1249 0 0 0 255 
3 1249 1289 1290 0 0 0 255 
3 1249 1290 1250 0 0 0 255 
3 1250 1290 1291 0 0 0 255 
3 1250 1291 1251 0 0 0 255 
3 1251 1291 1292 0 0 0 255 
3 1251 1292 1252 0 0 0 255 
3 1252 1292 1293 0 0 0 255 
3 1252 1293 1253 0 0 0 255 
3 1253 1293 1294 0 0 0 255 
3 1253 1294 1254 0 0 0 255 
3 1254 1294 1295 0 0 0 255 
3 1254 1295 1255 0 0 0 255 
3 1255 1295 1296 0 0 0 255 
3 1255 1296 1256 0 0 0 255 
3 1256 1296 1297 0 0 0 255 
3 1256 1297 1257 0 0 0 255 
3 1257 1297 1298 0 0 0 255 
3 1257 1298 1258 0 0 0 255 
3 1258 1298 1299 0 0 0 255 
3 1258 1299 1259 0 0 0 255 
3 1259 1299 1300 0 0 0 255 
3 1259 1300 1260 0 0 0 255 
3 1260 1300 1301 0 0 0 255 
3 1260 1301 1261 0 0 0 255 
3 1261 1301 1302 0 0 0 255 
3 1261 1302 1262 0 0 0 255 
3 1262 1302 1303 0 0 0 255 
3 1262 1303 1263 0 0 0 255 
3 1263 1303 1304 0 0 0 255 
3 1263 1304 1264 0 0 0 255 
3 1264 1304 1305 0 0 0 255 
3 1264 1305 1265 0 0 0 255 
3 1265 1305 1306 0 0 0 255 
3 1265 1306 1266 0 0 0 255 
3 1266 1306 1307 0 0 0 255 
3 1266 1307 1267 0 0 0 255 
3 1267 1307 1308 0 0 0 255 
3 1267 1308 1268 0 0 0 255 
3 1268 1308 1309 0 0 0 255 
3 1268 1309 1269 0 0 0 255 
3 1269 1309 1310 0 0 0 255 
3 1269 1310 1270 0 0 0 255 
3 1270 1310 1311 0 0 0 255 
3 1270 1311 1271 0 0 0 255 
3 1271 1311 1312 0 0 0 255 
3 1271 1312 1231 0 0 0 255 
3 1231 1312 1272 0 0 0 255 
3 1272 1191 1273 0 0 0 255 
3 1273 1191 1190 0 0 0 255 
3 1273 1190 1274 0 0 0 255 
3 1274 1190 1230 0 0 0 255 
3 1274 1230 1275 0 0 0 255 
3 1275 1230 1229 0 0 0 255 
3 1275 1229 1276 0 0 0 255 
3 1276 1229 1228 0 0 0 255 
3 1276 1228 1277 0 0 0 255 
3 1277 1228 1227 0 0 0 255 
3 1277 1227 1278 0 0 0 255 
3 1278 1227 1226 0 0 0 255 
3 1278 1226 1279 0 0 0 255 
3 1279 1226 1225 0 0 0 255 
3 1279 1225 1280 0 0 0 255 
3 1280 1225 1224 0 0 0 255 
3 1280 1224 1281 0 0 0 255 
3 1281 1224 1223 0 0 0 255 
3 1281 1223 1282 0 0 0 255 
3 1282 1223 1222 0 0 0 255 
3 1282 1222 1283 0 0 0 255 
3 1283 1222 1221 0 0 0 255 
3 1283 1221 1284 0 0 0 255 
3 1284 1221 1220 0 0 0 255 
3 1284 1220 1285 0 0 0 255 
3 1285 1220 1219 0 0 0 255 
3 1285 1219 1286 0 0 0 255 
3 1286 1219 1218 0 0 0 255 
3 1286 1218 1287 0 0 0 255 
3 1287 1218 1217 0 0 0 255 
3 1287 1217 1288 0 0 0 255 
3 1288 1217 1216 0 0 0 255 
3 1288 1216 1289 0 0 0 255 
3 1289 1216 1215 0 0 0 255 
3 1289 1215 1290 0 0 0 255 
3 1290 1215 1214 0 0 0 255 
3 1290 1214 1291 0 0 0 255 
3 1291 1214 1213 0 0 0 255 
3 1291 1213 1292 0 0 0 255 
3 1292 1213 1212 0 0 0 255 
3 1292 1212 1293 0 0 0 255 
3 1293 1212 1211 0 0 0 255 
3 1293 1211 1294 0 0 0 255 
3 1294 1211 1210 0 0 0 255 
3 1294 1210 1295 0 0 0 255 
3 1295 1210 1209 0 0 0 255 
3 1295 1209 1296 0 0 0 255 
3 1296 1209 1208 0 0 0 255 
3 1296 1208 1297 0 0 0 255 
3 1297 1208 1207 0 0 0 255 
3 1297 1207 1298 0 0 0 255 
3 1298 1207 1206 0 0 0 255 
3 1298 1206 1299 0 0 0 255 
3 1299 1206 1205 0 0 0 255 
3 1299 1205 1300 0 0 0 255 
3 1300 1205 1204 0 0 0 255 
3 1300 1204 1301 0 0 0 255 
3 1301 1204 1203 0 0 0 255 
3 1301 1203 1302 0 0 0 255 
3 1302 1203 1202 0 0 0 255 
3 1302 1202 1303 0 0 0 255 
3 1303 1202 1201 0 0 0 255 
3 1303 1201 1304 0 0 0 255 
3 1304 1201 1200 0 0 0 255 
3 1304 1200 1305 0 0 0 255 
3 1305 1200 1199 0 0 0 255 
3 1305 1199 1306 0 0 0 255 
3 1306 1199 1198 0 0 0 255 
3 1306 1198 1307 0 0 0 255 
3 1307 1198 1197 0 0 0 255 
3 1307 1197 1308 0 0 0 255 
3 1308 1197 1196 0 0 0 255 
3 1308 1196 1309 0 0 0 255 
3 1309 1196 1195 0 0 0 255 
3 1309 1195 1310 0 0 0 255 
3 1310 1195 1194 0 0 0 255 
3 1310 1194 1311 0 0 0 255 
3 1311 1194 1193 0 0 0 255 
3 1311 1193 1312 0 0 0 255 
3 1312 1193 1192 0 0 0 255 
3 1312 1192 1272 0 0 0 255 
3 1272 1192 1191 0 0 0 255 
3 338 1313 339 0 0 0 255 
3 339 1313 1314 0 0 0 255 
3 339 1314 352 0 0 0 255 
3 352 1314 1315 0 0 0 255 
3 352 1315 353 0 0 0 255 
3 353 1315 1316 0 0 0 255 
3 353 1316 334 0 0 0 255 
3 334 1316 1317 0 0 0 255 
3 334 1317 335 0 0 0 255 
3 335 1317 1318 0 0 0 255 
3 335 1318 336 0 0 0 255 
3 336 1318 1319 0 0 0 255 
3 336 1319 354 0 0 0 255 
3 354 1319 1320 0 0 0 255 
3 354 1320 355 0 0 0 255 
3 355 1320 1321 0 0 0 255 
3 355 1321 356 0 0 0 255 
3 356 1321 1322 0 0 0 255 
3 356 1322 357 0 0 0 255 
3 357 1322 1323 0 0 0 255 
3 357 1323 358 0 0 0 255 
3 358 1323 1324 0 0 0 255 
3 358 1324 359 0 0 0 255 
3 359 1324 1325 0 0 0 255 
3 359 1325 360 0 0 0 255 
3 360 1325 1326 0 0 0 255 
3 360 1326 361 0 0 0 255 
3 361 1326 1327 0 0 0 255 
3 361 1327 362 0 0 0 255 
3 362 1327 1328 0 0 0 255 
3 362 1328 363 0 0 0 255 
3 363 1328 1329 0 0 0 255 
3 363 1329 364 0 0 0 255 
3 364 1329 1330 0 0 0 255 
3 364 1330 365 0 0 0 255 
3 365 1330 1331 0 0 0 255 
3 365 1331 366 0 0 0 255 
3 366 1331 1332 0 0 0 255 
3 366 1332 349 0 0 0 255 
3 349 1332 1333 0 0 0 255 
3 349 1333 350 0 0 0 255 
3 350 1333 1334 0 0 0 255 
3 350 1334 351 0 0 0 255 
3 351 1334 1335 0 0 0 255 
3 351 1335 367 0 0 0 255 
3 367 1335 1336 0 0 0 255 
3 367 1336 368 0 0 0 255 
3 368 1336 1337 0 0 0 255 
3 368 1337 369 0 0 0 255 
3 369 1337 1338 0 0 0 255 
3 369 1338 370 0 0 0 255 
3 370 1338 1339 0 0 0 255 
3 370 1339 371 0 0 0 255 
3 371 1339 1340 0 0 0 255 
3 371 1340 372 0 0 0 255 
3 372 1340 1341 0 0 0 255 
3 372 1341 373 0 0 0 255 
3 373 1341 1342 0 0 0 255 
3 373 1342 374 0 0 0 255 
3 374 1342 1343 0 0 0 255 
3 374 1343 375 0 0 0 255 
3 375 1343 1344 0 0 0 255 
3 375 1344 376 0 0 0 255 
3 376 1344 1345 0 0 0 255 
3 376 1345 346 0 0 0 255 
3 346 1345 1346 0 0 0 255 
3 346 1346 345 0 0 0 255 
3 345 1346 1347 0 0 0 255 
3 345 1347 344 0 0 0 255 
3 344 1347 1348 0 0 0 255 
3 344 1348 343 0 0 0 255 
3 343 1348 1349 0 0 0 255 
3 343 1349 342 0 0 0 255 
3 342 1349 1350 0 0 0 255 
3 342 1350 341 0 0 0 255 
3 341 1350 1351 0 0 0 255 
3 341 1351 340 0 0 0 255 
3 340 1351 1352 0 0 0 255 
3 340 1352 337 0 0 0 255 
3 337 1352 1353 0 0 0 255 
3 337 1353 338 0 0 0 255 
3 338 1353 1313 0 0 0 255 
3 967 1354 927 0 0 0 255 
3 927 1354 1355 0 0 0 255 
3 927 1355 928 0 0 0 255 
3 928 1355 1356 0 0 0 255 
3 928 1356 929 0 0 0 255 
3 929 1356 1357 0 0 0 255 
3 929 1357 945 0 0 0 255 
3 945 1357 1358 0 0 0 255 
3 945 1358 946 0 0 0 255 
3 946 1358 1359 0 0 0 255 
3 946 1359 947 0 0 0 255 
3 947 1359 1360 0 0 0 255 
3 947 1360 948 0 0 0 255 
3 948 1360 1361 0 0 0 255 
3 948 1361 949 0 0 0 255 
3 949 1361 1362 0 0 0 255 
3 949 1362 950 0 0 0 255 
3 950 1362 1363 0 0 0 255 
3 950 1363 951 0 0 0 255 
3 951 1363 1364 0 0 0 255 
3 951 1364 952 0 0 0 255 
3 952 1364 1365 0 0 0 255 
3 952 1365 953 0 0 0 255 
3 953 1365 1366 0 0 0 255 
3 953 1366 954 0 0 0 255 
3 954 1366 1367 0 0 0 255 
3 954 1367 956 0 0 0 255 
3 956 1367 1368 0 0 0 255 
3 956 1368 958 0 0 0 255 
3 958 1368 1369 0 0 0 255 
3 958 1369 900 0 0 0 255 
3 900 1369 1370 0 0 0 255 
3 900 1370 901 0 0 0 255 
3 901 1370 1371 0 0 0 255 
3 901 1371 944 0 0 0 255 
3 944 1371 1372 0 0 0 255 
3 944 1372 943 0 0 0 255 
3 943 1372 1373 0 0 0 255 
3 943 1373 942 0 0 0 255 
3 942 1373 1374 0 0 0 255 
3 942 1374 941 0 0 0 255 
3 941 1374 1375 0 0 0 255 
3 941 1375 940 0 0 0 255 
3 940 1375 1376 0 0 0 255 
3 940 1376 939 0 0 0 255 
3 939 1376 1377 0 0 0 255 
3 939 1377 938 0 0 0 255 
3 938 1377 1378 0 0 0 255 
3 938 1378 937 0 0 0 255 
3 937 1378 1379 0 0 0 255 
3 937 1379 936 0 0 0 255 
3 936 1379 1380 0 0 0 255 
3 936 1380 935 0 0 0 255 
3 935 1380 1381 0 0 0 255 
3 935 1381 934 0 0 0 255 
3 934 1381 1382 0 0 0 255 
3 934 1382 933 0 0 0 255 
3 933 1382 1383 0 0 0 255 
3 933 1383 932 0 0 0 255 
3 932 1383 1384 0 0 0 255 
3 932 1384 931 0 0 0 255 
3 931 1384 1385 0 0 0 255 
3 931 1385 930 0 0 0 255 
3 930 1385 1386 0 0 0 255 
3 930 1386 959 0 0 0 255 
3 959 1386 1387 0 0 0 255 
3 959 1387 960 0 0 0 255 
3 960 1387 1388 0 0 0 255 
3 960 1388 961 0 0 0 255 
3 961 1388 1389 0 0 0 255 
3 961 1389 962 0 0 0 255 
3 962 1389 1390 0 0 0 255 
3 962 1390 963 0 0 0 255 
3 963 1390 1391 0 0 0 255 
3 963 1391 964 0 0 0 255 
3 964 1391 1392 0 0 0 255 
3 964 1392 965 0 0 0 255 
3 965 1392 1393 0 0 0 255 
3 965 1393 966 0 0 0 255 
3 966 1393 1394 0 0 0 255 
3 966 1394 967 0 0 0 255 
3 967 1394 1354 0 0 0 255 
3 1344 1395 1345 0 0 0 255 
3 1345 1395 1396 0 0 0 255 
3 1345 1396 1346 0 0 0 255 
3 1346 1396 1397 0 0 0 255 
3 1346 1397 1347 0 0 0 255 
3 1347 1397 1398 0 0 0 255 
3 1347 1398 1348 0 0 0 255 
3 1348 1398 1399 0 0 0 255 
3 1348 1399 1349 0 0 0 255 
3 1349 1399 1400 0 0 0 255 
3 1349 1400 1350 0 0 0 255 
3 1350 1400 1401 0 0 0 255 
3 1350 1401 1351 0 0 0 255 
3 1351 1401 1402 0 0 0 255 
3 1351 1402 1352 0 0 0 255 
3 1352 1402 1403 0 0 0 255 
3 1352 1403 1353 0 0 0 255 
3 1353 1403 1404 0 0 0 255 
3 1353 1404 1313 0 0 0 255 
3 1313 1404 1405 0 0 0 255 
3 1313 1405 1314 0 0 0 255 
3 1314 1405 1406 0 0 0 255 
3 1314 1406 1315 0 0 0 255 
3 1315 1406 1407 0 0 0 255 
3 1315 1407 1316 0 0 0 255 
3 1316 1407 1408 0 0 0 255 
3 1316 1408 1317 0 0 0 255 
3 1317 1408 1409 0 0 0 255 
3 1317 1409 1318 0 0 0 255 
3 1318 1409 1410 0 0 0 255 
3 1318 1410 1319 0 0 0 255 
3 1319 1410 1411 0 0 0 255 
3 1319 1411 1320 0 0 0 255 
3 1320 1411 1412 0 0 0 255 
3 1320 1412 1321 0 0 0 255 
3 1321 1412 1413 0 0 0 255 
3 1321 1413 1322 0 0 0 255 
3 1322 1413 1414 0 0 0 255 
3 1322 1414 1323 0 0 0 255 
3 1323 1414 1415 0 0 0 255 
3 1323 1415 1324 0 0 0 255 
3 1324 1415 1416 0 0 0 255 
3 1324 1416 1325 0 0 0 255 
3 1325 1416 1417 0 0 0 255 
3 1325 1417 1326 0 0 0 255 
3 1326 1417 1418 0 0 0 255 
3 1326 1418 1327 0 0 0 255 
3 1327 1418 1419 0 0 0 255 
3 1327 1419 1328 0 0 0 255 
3 1328 1419 1420 0 0 0 255 
3 1328 1420 1329 0 0 0 255 
3 1329 1420 1421 0 0 0 255 
3 1329 1421 1330 0 0 0 255 
3 1330 1421 1422 0 0 0 255 
3 1330 1422 1331 0 0 0 255 
3 1331 1422 1423 0 0 0 255 
3 1331 1423 1332 0 0 0 255 
3 1332 1423 1424 0 0 0 255 
3 1332 1424 1333 0 0 0 255 
3 1333 1424 1425 0 0 0 255 
3 1333 1425 1334 0 0 0 255 
3 1334 1425 1426 0 0 0 255 
3 1334 1426 1335 0 0 0 255 
3 1335 1426 1427 0 0 0 255 
3 1335 1427 1336 0 0 0 255 
3 1336 1427 1428 0 0 0 255 
3 1336 1428 1337 0 0 0 255 
3 1337 1428 1429 0 0 0 255 
3 1337 1429 1338 0 0 0 255 
3 1338 1429 1430 0 0 0 255 
3 1338 1430 1339 0 0 0 255 
3 1339 1430 1431 0 0 0 255 
3 1339 1431 1340 0 0 0 255 
3 1340 1431 1432 0 0 0 255 
3 1340 1432 1341 0 0 0 255 
3 1341 1432 1433 0 0 0 255 
3 1341 1433 1342 0 0 0 255 
3 1342 1433 1434 0 0 0 255 
3 1342 1434 1343 0 0 0 255 
3 1343 1434 1435 0 0 0 255 
3 1343 1435 1344 0 0 0 255 
3 1344 1435 1395 0 0 0 255 
3 1395 1436 1396 0 0 0 255 
3 1396 1436 1437 0 0 0 255 
3 1396 1437 1397 0 0 0 255 
3 1397 1437 1438 0 0 0 255 
3 1397 1438 1398 0 0 0 255 
3 1398 1438 1439 0 0 0 255 
3 1398 1439 1399 0 0 0 255 
3 1399 1439 1440 0 0 0 255 
3 1399 1440 1400 0 0 0 255 
3 1400 1440 1441 0 0 0 255 
3 1400 1441 1401 0 0 0 255 
3 1401 1441 1442 0 0 0 255 
3 1401 1442 1402 0 0 0 255 
3 1402 1442 1443 0 0 0 255 
3 1402 1443 1403 0 0 0 255 
3 1403 1443 1444 0 0 0 255 
3 1403 1444 1404 0 0 0 255 
3 1404 1444 1445 0 0 0 255 
3 1404 1445 1405 0 0 0 255 
3 1405 1445 1446 0 0 0 255 
3 1405 1446 1406 0 0 0 255 
3 1406 1446 1447 0 0 0 255 
3 1406 1447 1407 0 0 0 255 
3 1407 1447 1448 0 0 0 255 
3 1407 1448 1408 0 0 0 255 
3 1408 1448 1449 0 0 0 255 
3 1408 1449 1409 0 0 0 255 
3 1409 1449 1450 0 0 0 255 
3 1409 1450 1410 0 0 0 255 
3 1410 1450 1451 0 0 0 255 
3 1410 1451 1411 0 0 0 255 
3 1411 1451 1452 0 0 0 255 
3 1411 1452 1412 0 0 0 255 
3 1412 1452 1453 0 0 0 255 
3 1412 1453 1413 0 0 0 255 
3 1413 1453 1454 0 0 0 255 
3 1413 1454 1414 0 0 0 255 
3 1414 1454 1455 0 0 0 255 
3 1414 1455 1415 0 0 0 255 
3 1415 1455 1456 0 0 0 255 
3 1415 1456 1416 0 0 0 255 
3 1416 1456 1457 0 0 0 255 
3 1416 1457 1417 0 0 0 255 
3 1417 1457 1458 0 0 0 255 
3 1417 1458 1418 0 0 0 255 
3 1418 1458 1459 0 0 0 255 
3 1418 1459 1419 0 0 0 255 
3 1419 1459 1460 0 0 0 255 
3 1419 1460 1420 0 0 0 255 
3 1420 1460 1461 0 0 0 255 
3 1420 1461 1421 0 0 0 255 
3 1421 1461 1462 0 0 0 255 
3 1421 1462 1422 0 0 0 255 
3 1422 1462 1463 0 0 0 255 
3 1422 1463 1423 0 0 0 255 
3 1423 1463 1464 0 0 0 255 
3 1423 1464 1424 0 0 0 255 
3 1424 1464 1465 0 0 0 255 
3 1424 1465 1425 0 0 0 255 
3 1425 1465 1466 0 0 0 255 
3 1425 1466 1426 0 0 0 255 
3 1426 1466 1467 0 0 0 255 
3 1426 1467 1427 0 0 0 255 
3 1427 1467 1468 0 0 0 255 
3 1427 1468 1428 0 0 0 255 
3 1428 1468 1469 0 0 0 255 
3 1428 1469 1429 0 0 0 255 
3 1429 1469 1470 0 0 0 255 
3 1429 1470 1430 0 0 0 255 
3 1430 1470 1471 0 0 0 255 
3 1430 1471 1431 0 0 0 255 
3 1431 1471 1472 0 0 0 255 
3 1431 1472 1432 0 0 0 255 
3 1432 1472 1473 0 0 0 255 
3 1432 1473 1433 0 0 0 255 
3 1433 1473 1474 0 0 0 255 
3 1433 1474 1434 0 0 0 255 
3 1434 1474 1475 0 0 0 255 
3 1434 1475 1435 0 0 0 255 
3 1435 1475 1476 0 0 0 255 
3 1435 1476 1395 0 0 0 255 
3 1395 1476 1436 0 0 0 255 
3 1436 1355 1437 0 0 0 255 
3 1437 1355 1354 0 0 0 255 
3 1437 1354 1438 0 0 0 255 
3 1438 1354 1394 0 0 0 255 
3 1438 1394 1439 0 0 0 255 
3 1439 1394 1393 0 0 0 255 
3 1439 1393 1440 0 0 0 255 
3 1440 1393 1392 0 0 0 255 
3 1440 1392 1441 0 0 0 255 
3 1441 1392 1391 0 0 0 255 
3 1441 1391 1442 0 0 0 255 
3 1442 1391 1390 0 0 0 255 
3 1442 1390 1443 0 0 0 255 
3 1443 1390 1389 0 0 0 255 
3 1443 1389 1444 0 0 0 255 
3 1444 1389 1388 0 0 0 255 
3 1444 1388 1445 0 0 0 255 
3 1445 1388 1387 0 0 0 255 
3 1445 1387 1446 0 0 0 255 
3 1446 1387 1386 0 0 0 255 
3 1446 1386 1447 0 0 0 255 
3 1447 1386 1385 0 0 0 255 
3 1447 1385 1448 0 0 0 255 
3 1448 1385 1384 0 0 0 255 
3 1448 1384 1449 0 0 0 255 
3 1449 1384 1383 0 0 0 255 
3 1449 1383 1450 0 0 0 255 
3 1450 1383 1382 0 0 0 255 
3 1450 1382 1451 0 0 0 255 
3 1451 1382 1381 0 0 0 255 
3 1451 1381 1452 0 0 0 255 
3 1452 1381 1380 0 0 0 255 
3 1452 1380 1453 0 0 0 255 
3 1453 1380 1379 0 0 0 255 
3 1453 1379 1454 0 0 0 255 
3 1454 1379 1378 0 0 0 255 
3 1454 1378 1455 0 0 0 255 
3 1455 1378 1377 0 0 0 255 
3 1455 1377 1456 0 0 0 255 
3 1456 1377 1376 0 0 0 255 
3 1456 1376 1457 0 0 0 255 
3 1457 1376 1375 0 0 0 255 
3 1457 1375 1458 0 0 0 255 
3 1458 1375 1374 0 0 0 255 
3 1458 1374 1459 0 0 0 255 
3 1459 1374 1373 0 0 0 255 
3 1459 1373 1460 0 0 0 255 
3 1460 1373 1372 0 0 0 255 
3 1460 1372 1461 0 0 0 255 
3 1461 1372 1371 0 0 0 255 
3 1461 1371 1462 0 0 0 255 
3 1462 1371 1370 0 0 0 255 
3 1462 1370 1463 0 0 0 255 
3 1463 1370 1369 0 0 0 255 
3 1463 1369 1464 0 0 0 255 
3 1464 1369 1368 0 0 0 255 
3 1464 1368 1465 0 0 0 255 
3 1465 1368 1367 0 0 0 255 
3 1465 1367 1466 0 0 0 255 
3 1466 1367 1366 0 0 0 255 
3 1466 1366 1467 0 0 0 255 
3 1467 1366 1365 0 0 0 255 
3 1467 1365 1468 0 0 0 255 
3 1468 1365 1364 0 0 0 255 
3 1468 1364 1469 0 0 0 255 
3 1469 1364 1363 0 0 0 255 
3 1469 1363 1470 0 0 0 255 
3 1470 1363 1362 0 0 0 255 
3 1470 1362 1471 0 0 0 255 
3 1471 1362 1361 0 0 0 255 
3 1471 1361 1472 0 0 0 255 
3 1472 1361 1360 0 0 0 255 
3 1472 1360 1473 0 0 0 255 
3 1473 1360 1359 0 0 0 255 
3 1473 1359 1474 0 0 0 255 
3 1474 1359 1358 0 0 0 255 
3 1474 1358 1475 0 0 0 255 
3 1475 1358 1357 0 0 0 255 
3 1475 1357 1476 0 0 0 255 
3 1476 1357 1356 0 0 0 255 
3 1476 1356 1436 0 0 0 255 
3 1436 1356 1355 0 0 0 255 
3 549 1477 547 0 0 0 255 
3 547 1477 1478 0 0 0 255 
3 547 1478 546 0 0 0 255 
3 546 1478 1479 0 0 0 255 
3 546 1479 545 0 0 0 255 
3 545 1479 1480 0 0 0 255 
3 545 1480 544 0 0 0 255 
3 544 1480 1481 0 0 0 255 
3 544 1481 543 0 0 0 255 
3 543 1481 1482 0 0 0 255 
3 543 1482 542 0 0 0 255 
3 542 1482 1483 0 0 0 255 
3 542 1483 541 0 0 0 255 
3 541 1483 1484 0 0 0 255 
3 541 1484 540 0 0 0 255 
3 540 1484 1485 0 0 0 255 
3 540 1485 539 0 0 0 255 
3 539 1485 1486 0 0 0 255 
3 539 1486 538 0 0 0 255 
3 538 1486 1487 0 0 0 255 
3 538 1487 537 0 0 0 255 
3 537 1487 1488 0 0 0 255 
3 537 1488 535 0 0 0 255 
3 535 1488 1489 0 0 0 255 
3 535 1489 534 0 0 0 255 
3 534 1489 1490 0 0 0 255 
3 534 1490 533 0 0 0 255 
3 533 1490 1491 0 0 0 255 
3 533 1491 532 0 0 0 255 
3 532 1491 1492 0 0 0 255 
3 532 1492 531 0 0 0 255 
3 531 1492 1493 0 0 0 255 
3 531 1493 530 0 0 0 255 
3 530 1493 1494 0 0 0 255 
3 530 1494 529 0 0 0 255 
3 529 1494 1495 0 0 0 255 
3 529 1495 528 0 0 0 255 
3 528 1495 1496 0 0 0 255 
3 528 1496 527 0 0 0 255 
3 527 1496 1497 0 0 0 255 
3 527 1497 569 0 0 0 255 
3 569 1497 1498 0 0 0 255 
3 569 1498 568 0 0 0 255 
3 568 1498 1499 0 0 0 255 
3 568 1499 567 0 0 0 255 
3 567 1499 1500 0 0 0 255 
3 567 1500 566 0 0 0 255 
3 566 1500 1501 0 0 0 255 
3 566 1501 565 0 0 0 255 
3 565 1501 1502 0 0 0 255 
3 565 1502 564 0 0 0 255 
3 564 1502 1503 0 0 0 255 
3 564 1503 563 0 0 0 255 
3 563 1503 1504 0 0 0 255 
3 563 1504 562 0 0 0 255 
3 562 1504 1505 0 0 0 255 
3 562 1505 561 0 0 0 255 
3 561 1505 1506 0 0 0 255 
3 561 1506 560 0 0 0 255 
3 560 1506 1507 0 0 0 255 
3 560 1507 559 0 0 0 255 
3 559 1507 1508 0 0 0 255 
3 559 1508 558 0 0 0 255 
3 558 1508 1509 0 0 0 255 
3 558 1509 557 0 0 0 255 
3 557 1509 1510 0 0 0 255 
3 557 1510 556 0 0 0 255 
3 556 1510 1511 0 0 0 255 
3 556 1511 555 0 0 0 255 
3 555 1511 1512 0 0 0 255 
3 555 1512 554 0 0 0 255 
3 554 1512 1513 0 0 0 255 
3 554 1513 553 0 0 0 255 
3 553 1513 1514 0 0 0 255 
3 553 1514 552 0 0 0 255 
3 552 1514 1515 0 0 0 255 
3 552 1515 551 0 0 0 255 
3 551 1515 1516 0 0 0 255 
3 551 1516 550 0 0 0 255 
3 550 1516 1517 0 0 0 255 
3 550 1517 549 0 0 0 255 
3 549 1517 1477 0 0 0 255 
3 654 1518 652 0 0 0 255 
3 652 1518 1519 0 0 0 255 
3 652 1519 650 0 0 0 255 
3 650 1519 1520 0 0 0 255 
3 650 1520 669 0 0 0 255 
3 669 1520 1521 0 0 0 255 
3 669 1521 670 0 0 0 255 
3 670 1521 1522 0 0 0 255 
3 670 1522 671 0 0 0 255 
3 671 1522 1523 0 0 0 255 
3 671 1523 672 0 0 0 255 
3 672 1523 1524 0 0 0 255 
3 672 1524 673 0 0 0 255 
3 673 1524 1525 0 0 0 255 
3 673 1525 674 0 0 0 255 
3 674 1525 1526 0 0 0 255 
3 674 1526 675 0 0 0 255 
3 675 1526 1527 0 0 0 255 
3 675 1527 676 0 0 0 255 
3 676 1527 1528 0 0 0 255 
3 676 1528 677 0 0 0 255 
3 677 1528 1529 0 0 0 255 
3 677 1529 678 0 0 0 255 
3 678 1529 1530 0 0 0 255 
3 678 1530 679 0 0 0 255 
3 679 1530 1531 0 0 0 255 
3 679 1531 680 0 0 0 255 
3 680 1531 1532 0 0 0 255 
3 680 1532 681 0 0 0 255 
3 681 1532 1533 0 0 0 255 
3 681 1533 682 0 0 0 255 
3 682 1533 1534 0 0 0 255 
3 682 1534 683 0 0 0 255 
3 683 1534 1535 0 0 0 255 
3 683 1535 684 0 0 0 255 
3 684 1535 1536 0 0 0 255 
3 684 1536 685 0 0 0 255 
3 685 1536 1537 0 0 0 255 
3 685 1537 686 0 0 0 255 
3 686 1537 1538 0 0 0 255 
3 686 1538 687 0 0 0 255 
3 687 1538 1539 0 0 0 255 
3 687 1539 688 0 0 0 255 
3 688 1539 1540 0 0 0 255 
3 688 1540 689 0 0 0 255 
3 689 1540 1541 0 0 0 255 
3 689 1541 690 0 0 0 255 
3 690 1541 1542 0 0 0 255 
3 690 1542 691 0 0 0 255 
3 691 1542 1543 0 0 0 255 
3 691 1543 692 0 0 0 255 
3 692 1543 1544 0 0 0 255 
3 692 1544 693 0 0 0 255 
3 693 1544 1545 0 0 0 255 
3 693 1545 694 0 0 0 255 
3 694 1545 1546 0 0 0 255 
3 694 1546 695 0 0 0 255 
3 695 1546 1547 0 0 0 255 
3 695 1547 665 0 0 0 255 
3 665 1547 1548 0 0 0 255 
3 665 1548 664 0 0 0 255 
3 664 1548 1549 0 0 0 255 
3 664 1549 663 0 0 0 255 
3 663 1549 1550 0 0 0 255 
3 663 1550 662 0 0 0 255 
3 662 1550 1551 0 0 0 255 
3 662 1551 661 0 0 0 255 
3 661 1551 1552 0 0 0 255 
3 661 1552 660 0 0 0 255 
3 660 1552 1553 0 0 0 255 
3 660 1553 659 0 0 0 255 
3 659 1553 1554 0 0 0 255 
3 659 1554 658 0 0 0 255 
3 658 1554 1555 0 0 0 255 
3 658 1555 657 0 0 0 255 
3 657 1555 1556 0 0 0 255 
3 657 1556 656 0 0 0 255 
3 656 1556 1557 0 0 0 255 
3 656 1557 655 0 0 0 255 
3 655 1557 1558 0 0 0 255 
3 655 1558 654 0 0 0 255 
3 654 1558 1518 0 0 0 255 
3 1478 1559 1479 0 0 0 255 
3 1479 1559 1560 0 0 0 255 
3 1479 1560 1480 0 0 0 255 
3 1480 1560 1561 0 0 0 255 
3 1480 1561 1481 0 0 0 255 
3 1481 1561 1562 0 0 0 255 
3 1481 1562 1482 0 0 0 255 
3 1482 1562 1563 0 0 0 255 
3 1482 1563 1483 0 0 0 255 
3 1483 1563 1564 0 0 0 255 
3 1483 1564 1484 0 0 0 255 
3 1484 1564 1565 0 0 0 255 
3 1484 1565 1485 0 0 0 255 
3 1485 1565 1566 0 0 0 255 
3 1485 1566 1486 0 0 0 255 
3 1486 1566 1567 0 0 0 255 
3 1486 1567 1487 0 0 0 255 
3 1487 1567 1568 0 0 0 255 
3 1487 1568 1488 0 0 0 255 
3 1488 1568 1569 0 0 0 255 
3 1488 1569 1489 0 0 0 255 
3 1489 1569 1570 0 0 0 255 
3 1489 1570 1490 0 0 0 255 
3 1490 1570 1571 0 0 0 255 
3 1490 1571 1491 0 0 0 255 
3 1491 1571 1572 0 0 0 255 
3 1491 1572 1492 0 0 0 255 
3 1492 1572 1573 0 0 0 255 
3 1492 1573 1493 0 0 0 255 
3 1493 1573 1574 0 0 0 255 
3 1493 1574 1494 0 0 0 255 
3 1494 1574 1575 0 0 0 255 
3 1494 1575 1495 0 0 0 255 
3 1495 1575 1576 0 0 0 255 
3 1495 1576 1496 0 0 0 255 
3 1496 1576 1577 0 0 0 255 
3 1496 1577 1497 0 0 0 255 
3 1497 1577 1578 0 0 0 255 
3 1497 1578 1498 0 0 0 255 
3 1498 1578 1579 0 0 0 255 
3 1498 1579 1499 0 0 0 255 
3 1499 1579 1580 0 0 0 255 
3 1499 1580 1500 0 0 0 255 
3 1500 1580 1581 0 0 0 255 
3 1500 1581 1501 0 0 0 255 
3 1501 1581 1582 0 0 0 255 
3 1501 1582 1502 0 0 0 255 
3 1502 1582 1583 0 0 0 255 
3 1502 1583 1503 0 0 0 255 
3 1503 1583 1584 0 0 0 255 
3 1503 1584 1504 0 0 0 255 
3 1504 1584 1585 0 0 0 255 
3 1504 1585 1505 0 0 0 255 
3 1505 1585 1586 0 0 0 255 
3 1505 1586 1506 0 0 0 255 
3 1506 1586 1587 0 0 0 255 
3 1506 1587 1507 0 0 0 255 
3 1507 1587 1588 0 0 0 255 
3 1507 1588 1508 0 0 0 255 
3 1508 1588 1589 0 0 0 255 
3 1508 1589 1509 0 0 0 255 
3 1509 1589 1590 0 0 0 255 
3 1509 1590 1510 0 0 0 255 
3 1510 1590 1591 0 0 0 255 
3 1510 1591 1511 0 0 0 255 
3 1511 1591 1592 0 0 0 255 
3 1511 1592 1512 0 0 0 255 
3 1512 1592 1593 0 0 0 255 
3 1512 1593 1513 0 0 0 255 
3 1513 1593 1594 0 0 0 255 
3 1513 1594 1514 0 0 0 255 
3 1514 1594 1595 0 0 0 255 
3 1514 1595 1515 0 0 0 255 
3 1515 1595 1596 0 0 0 255 
3 1515 1596 1516 0 0 0 255 
3 1516 1596 1597 0 0 0 255 
3 1516 1597 1517 0 0 0 255 
3 1517 1597 1598 0 0 0 255 
3 1517 1598 1477 0 0 0 255 
3 1477 1598 1599 0 0 0 255 
3 1477 1599 1478 0 0 0 255 
3 1478 1599 1559 0 0 0 255 
3 1559 1600 1560 0 0 0 255 
3 1560 1600 1601 0 0 0 255 
3 1560 1601 1561 0 0 0 255 
3 1561 1601 1602 0 0 0 255 
3 1561 1602 1562 0 0 0 255 
3 1562 1602 1603 0 0 0 255 
3 1562 1603 1563 0 0 0 255 
3 1563 1603 1604 0 0 0 255 
3 1563 1604 1564 0 0 0 255 
3 1564 1604 1605 0 0 0 255 
3 1564 1605 1565 0 0 0 255 
3 1565 1605 1606 0 0 0 255 
3 1565 1606 1566 0 0 0 255 
3 1566 1606 1607 0 0 0 255 
3 1566 1607 1567 0 0 0 255 
3 1567 1607 1608 0 0 0 255 
3 1567 1608 1568 0 0 0 255 
3 1568 1608 1609 0 0 0 255 
3 1568 1609 1569 0 0 0 255 
3 1569 1609 1610 0 0 0 255 
3 1569 1610 1570 0 0 0 255 
3 1570 1610 1611 0 0 0 255 
3 1570 1611 1571 0 0 0 255 
3 1571 1611 1612 0 0 0 255 
3 1571 1612 1572 0 0 0 255 
3 1572 1612 1613 0 0 0 255 
3 1572 1613 1573 0 0 0 255 
3 1573 1613 1614 0 0 0 255 
3 1573 1614 1574 0 0 0 255 
3 1574 1614 1615 0 0 0 255 
3 1574 1615 1575 0 0 0 255 
3 1575 1615 1616 0 0 0 255 
3 1575 1616 1576 0 0 0 255 
3 1576 1616 1617 0 0 0 255 
3 1576 1617 1577 0 0 0 255 
3 1577 1617 1618 0 0 0 255 
3 1577 1618 1578 0 0 0 255 
3 1578 1618 1619 0 0 0 255 
3 1578 1619 1579 0 0 0 255 
3 1579 1619 1620 0 0 0 255 
3 1579 1620 1580 0 0 0 255 
3 1580 1620 1621 0 0 0 255 
3 1580 1621 1581 0 0 0 255 
3 1581 1621 1622 0 0 0 255 
3 1581 1622 1582 0 0 0 255 
3 1582 1622 1623 0 0 0 255 
3 1582 1623 1583 0 0 0 255 
3 1583 1623 1624 0 0 0 255 
3 1583 1624 1584 0 0 0 255 
3 1584 1624 1625 0 0 0 255 
3 1584 1625 1585 0 0 0 255 
3 1585 1625 1626 0 0 0 255 
3 1585 1626 1586 0 0 0 255 
3 1586 1626 1627 0 0 0 255 
3 1586 1627 1587 0 0 0 255 
3 1587 1627 1628 0 0 0 255 
3 1587 1628 1588 0 0 0 255 
3 1588 1628 1629 0 0 0 255 
3 1588 1629 1589 0 0 0 255 
3 1589 1629 1630 0 0 0 255 
3 1589 1630 1590 0 0 0 255 
3 1590 1630 1631 0 0 0 255 
3 1590 1631 1591 0 0 0 255 
3 1591 1631 1632 0 0 0 255 
3 1591 1632 1592 0 0 0 255 
3 1592 1632 1633 0 0 0 255 
3 1592 1633 1593 0 0 0 255 
3 1593 1633 1634 0 0 0 255 
3 1593 1634 1594 0 0 0 255 
3 1594 1634 1635 0 0 0 255 
3 1594 1635 1595 0 0 0 255 
3 1595 1635 1636 0 0 0 255 
3 1595 1636 1596 0 0 0 255 
3 1596 1636 1637 0 0 0 255 
3 1596 1637 1597 0 0 0 255 
3 1597 1637 1638 0 0 0 255 
3 1597 1638 1598 0 0 0 255 
3 1598 1638 1639 0 0 0 255 
3 1598 1639 1599 0 0 0 255 
3 1599 1639 1640 0 0 0 255 
3 1599 1640 1559 0 0 0 255 
3 1559 1640 1600 0 0 0 255 
3 1600 1519 1601 0 0 0 255 
3 1601 1519 1518 0 0 0 255 
3 1601 1518 1602 0 0 0 255 
3 1602 1518 1558 0 0 0 255 
3 1602 1558 1603 0 0 0 255 
3 1603 1558 1557 0 0 0 255 
3 1603 1557 1604 0 0 0 255 
3 1604 1557 1556 0 0 0 255 
3 1604 1556 1605 0 0 0 255 
3 1605 1556 1555 0 0 0 255 
3 1605 1555 1606 0 0 0 255 
3 1606 1555 1554 0 0 0 255 
3 1606 1554 1607 0 0 0 255 
3 1607 1554 1553 0 0 0 255 
3 1607 1553 1608 0 0 0 255 
3 1608 1553 1552 0 0 0 255 
3 1608 1552 1609 0 0 0 255 
3 1609 1552 1551 0 0 0 255 
3 1609 1551 1610 0 0 0 255 
3 1610 1551 1550 0 0 0 255 
3 1610 1550 1611 0 0 0 255 
3 1611 1550 1549 0 0 0 255 
3 1611 1549 1612 0 0 0 255 
3 1612 1549 1548 0 0 0 255 
3 1612 1548 1613 0 0 0 255 
3 1613 1548 1547 0 0 0 255 
3 1613 1547 1614 0 0 0 255 
3 1614 1547 1546 0 0 0 255 
3 1614 1546 1615 0 0 0 255 
3 1615 1546 1545 0 0 0 255 
3 1615 1545 1616 0 0 0 255 
3 1616 1545 1544 0 0 0 255 
3 1616 1544 1617 0 0 0 255 
3 1617 1544 1543 0 0 0 255 
3 1617 1543 1618 0 0 0 255 
3 1618 1543 1542 0 0 0 255 
3 1618 1542 1619 0 0 0 255 
3 1619 1542 1541 0 0 0 255 
3 1619 1541 1620 0 0 0 255 
3 1620 1541 1540 0 0 0 255 
3 1620 1540 1621 0 0 0 255 
3 1621 1540 1539 0 0 0 255 
3 1621 1539 1622 0 0 0 255 
3 1622 1539 1538 0 0 0 255 
3 1622 1538 1623 0 0 0 255 
3 1623 1538 1537 0 0 0 255 
3 1623 1537 1624 0 0 0 255 
3 1624 1537 1536 0 0 0 255 
3 1624 1536 1625 0 0 0 255 
3 1625 1536 1535 0 0 0 255 
3 1625 1535 1626 0 0 0 255 
3 1626 1535 1534 0 0 0 255 
3 1626 1534 1627 0 0 0 255 
3 1627 1534 1533 0 0 0 255 
3 1627 1533 1628 0 0 0 255 
3 1628 1533 1532 0 0 0 255 
3 1628 1532 1629 0 0 0 255 
3 1629 1532 1531 0 0 0 255 
3 1629 1531 1630 0 0 0 255 
3 1630 1531 1530 0 0 0 255 
3 1630 1530 1631 0 0 0 255 
3 1631 1530 1529 0 0 0 255 
3 1631 1529 1632 0 0 0 255 
3 1632 1529 1528 0 0 0 255 
3 1632 1528 1633 0 0 0 255 
3 1633 1528 1527 0 0 0 255 
3 1633 1527 1634 0 0 0 255 
3 1634 1527 1526 0 0 0 255 
3 1634 1526 1635 0 0 0 255 
3 1635 1526 1525 0 0 0 255 
3 1635 1525 1636 0 0 0 255 
3 1636 1525 1524 0 0 0 255 
3 1636 1524 1637 0 0 0 255 
3 1637 1524 1523 0 0 0 255 
3 1637 1523 1638 0 0 0 255 
3 1638 1523 1522 0 0 0 255 
3 1638 1522 1639 0 0 0 255 
3 1639 1522 1521 0 0 0 255 
3 1639 1521 1640 0 0 0 255 
3 1640 1521 1520 0 0 0 255 
3 1640 1520 1600 0 0 0 255 
3 1600 1520 1519 0 0 0 255 
3 401 399 454 0 0 0 255 
3 454 399 1641 0 0 0 255 
3 454 1641 1642 0 0 0 255 
3 1642 1643 454 0 0 0 255 
3 454 1643 1644 0 0 0 255 
3 454 1644 1645 0 0 0 255 
3 1645 1646 454 0 0 0 255 
3 454 1646 1647 0 0 0 255 
3 454 1647 1648 0 0 0 255 
3 1648 1649 454 0 0 0 255 
3 454 1649 918 0 0 0 255 
3 918 1649 1650 0 0 0 255 
3 918 1650 1651 0 0 0 255 
3 1651 1652 918 0 0 0 255 
3 918 1652 1653 0 0 0 255 
3 918 1653 1654 0 0 0 255 
3 1654 1655 918 0 0 0 255 
3 918 1655 1656 0 0 0 255 
3 918 1656 1657 0 0 0 255 
3 1657 1658 918 0 0 0 255 
3 918 1658 1659 0 0 0 255 
3 918 1659 1660 0 0 0 255 
3 1660 1661 918 0 0 0 255 
3 918 1661 1662 0 0 0 255 
3 918 1662 1663 0 0 0 255 
3 1663 1664 918 0 0 0 255 
3 918 1664 1665 0 0 0 255 
3 918 1665 1666 0 0 0 255 
3 1666 1667 918 0 0 0 255 
3 918 1667 922 0 0 0 255 
3 922 1667 1668 0 0 0 255 
3 922 1668 1669 0 0 0 255 
3 1669 1670 922 0 0 0 255 
3 922 1670 1671 0 0 0 255 
3 922 1671 1672 0 0 0 255 
3 1672 1673 922 0 0 0 255 
3 922 1673 1674 0 0 0 255 
3 922 1674 1675 0 0 0 255 
3 1675 1676 922 0 0 0 255 
3 922 1676 1677 0 0 0 255 
3 922 1677 1678 0 0 0 255 
3 1678 1679 922 0 0 0 255 
3 922 1679 1680 0 0 0 255 
3 922 1680 1681 0 0 0 255 
3 1681 1682 922 0 0 0 255 
3 922 1682 1683 0 0 0 255 
3 922 1683 1684 0 0 0 255 
3 1684 1685 922 0 0 0 255 
3 922 1685 347 0 0 0 255 
3 347 1685 1686 0 0 0 255 
3 347 1686 1687 0 0 0 255 
3 1687 1688 347 0 0 0 255 
3 347 1688 1689 0 0 0 255 
3 347 1689 1690 0 0 0 255 
3 1690 1691 347 0 0 0 255 
3 347 1691 1692 0 0 0 255 
3 347 1692 525 0 0 0 255 
3 525 348 347 0 0 0 255 
3 0 2 212 0 0 0 255 
3 212 2 4 0 0 0 255 
3 212 4 6 0 0 0 255 
3 6 8 212 0 0 0 255 
3 212 8 10 0 0 0 255 
3 212 10 12 0 0 0 255 
3 12 14 212 0 0 0 255 
3 212 14 16 0 0 0 255 
3 212 16 18 0 0 0 255 
3 18 20 212 0 0 0 255 
3 212 20 379 0 0 0 255 
3 212 379 347 0 0 0 255 
3 347 379 922 0 0 0 255 
3 922 379 926 0 0 0 255 
3 379 20 284 0 0 0 255 
3 284 20 22 0 0 0 255 
3 284 22 24 0 0 0 255 
3 24 26 284 0 0 0 255 
3 284 26 28 0 0 0 255 
3 284 28 30 0 0 0 255 
3 30 32 284 0 0 0 255 
3 284 32 34 0 0 0 255 
3 284 34 36 0 0 0 255 
3 36 38 284 0 0 0 255 
3 284 38 40 0 0 0 255 
3 284 40 42 0 0 0 255 
3 42 44 284 0 0 0 255 
3 284 44 46 0 0 0 255 
3 284 46 282 0 0 0 255 
3 282 46 48 0 0 0 255 
3 282 48 50 0 0 0 255 
3 50 52 282 0 0 0 255 
3 282 52 54 0 0 0 255 
3 282 54 56 0 0 0 255 
3 56 58 282 0 0 0 255 
3 282 58 60 0 0 0 255 
3 282 60 214 0 0 0 255 
3 214 60 62 0 0 0 255 
3 214 62 64 0 0 0 255 
3 64 66 214 0 0 0 255 
3 214 66 68 0 0 0 255 
3 214 68 70 0 0 0 255 
3 70 72 214 0 0 0 255 
3 214 72 74 0 0 0 255 
3 214 74 212 0 0 0 255 
3 212 74 76 0 0 0 255 
3 212 76 0 0 0 0 255 
3 467 454 916 0 0 0 255 
3 916 454 918 0 0 0 255 
3 380 861 379 0 0 0 255 
3 379 861 926 0 0 0 255 
3 524 522 536 0 0 0 255 
3 536 522 1693 0 0 0 255 
3 536 1693 1694 0 0 0 255 
3 1694 1695 536 0 0 0 255 
3 536 1695 1696 0 0 0 255 
3 536 1696 1697 0 0 0 255 
3 1697 1698 536 0 0 0 255 
3 536 1698 1699 0 0 0 255 
3 536 1699 653 0 0 0 255 
3 653 1699 1700 0 0 0 255 
3 653 1700 1701 0 0 0 255 
3 1701 1702 653 0 0 0 255 
3 653 1702 1703 0 0 0 255 
3 653 1703 1704 0 0 0 255 
3 1704 1705 653 0 0 0 255 
3 653 1705 1706 0 0 0 255 
3 653 1706 1707 0 0 0 255 
3 1707 1708 653 0 0 0 255 
3 653 1708 1709 0 0 0 255 
3 653 1709 1710 0 0 0 255 
3 1710 1711 653 0 0 0 255 
3 653 1711 1712 0 0 0 255 
3 653 1712 1713 0 0 0 255 
3 1713 1714 653 0 0 0 255 
3 653 1714 1715 0 0 0 255 
3 653 1715 1716 0 0 0 255 
3 1716 1717 653 0 0 0 255 
3 653 1717 1718 0 0 0 255 
3 653 1718 1719 0 0 0 255 
3 1719 1720 653 0 0 0 255 
3 653 1720 1721 0 0 0 255 
3 653 1721 1722 0 0 0 255 
3 1722 1723 653 0 0 0 255 
3 653 1723 1724 0 0 0 255 
3 653 1724 1725 0 0 0 255 
3 1725 1726 653 0 0 0 255 
3 653 1726 719 0 0 0 255 
3 719 1726 1727 0 0 0 255 
3 719 1727 1728 0 0 0 255 
3 1728 1729 719 0 0 0 255 
3 719 1729 1730 0 0 0 255 
3 719 1730 1731 0 0 0 255 
3 1731 1732 719 0 0 0 255 
3 719 1732 1733 0 0 0 255 
3 719 1733 1734 0 0 0 255 
3 1734 1735 719 0 0 0 255 
3 719 1735 1736 0 0 0 255 
3 719 1736 1737 0 0 0 255 
3 1737 1738 719 0 0 0 255 
3 719 1738 1739 0 0 0 255 
3 719 1739 1740 0 0 0 255 
3 1740 1741 719 0 0 0 255 
3 719 1741 1742 0 0 0 255 
3 719 1742 1743 0 0 0 255 
3 1743 1744 719 0 0 0 255 
3 719 1744 1745 0 0 0 255 
3 719 1745 1746 0 0 0 255 
3 1746 1747 719 0 0 0 255 
3 719 1747 1748 0 0 0 255 
3 719 1748 1749 0 0 0 255 
3 1749 1750 719 0 0 0 255 
3 719 1750 1751 0 0 0 255 
3 719 1751 1752 0 0 0 255 
3 719 1752 444 0 0 0 255 
3 444 1752 1753 0 0 0 255 
3 444 1753 1754 0 0 0 255 
3 1754 1755 444 0 0 0 255 
3 444 1755 1756 0 0 0 255 
3 444 1756 1757 0 0 0 255 
3 1757 1758 444 0 0 0 255 
3 444 1758 402 0 0 0 255 
3 444 402 404 0 0 0 255 
3 572 407 609 0 0 0 255 
3 609 407 406 0 0 0 255 
3 609 406 1759 0 0 0 255 
3 1759 406 1760 0 0 0 255 
3 1759 1760 1761 0 0 0 255 
3 1761 1760 1762 0 0 0 255 
3 1761 1762 1763 0 0 0 255 
3 1763 1762 1764 0 0 0 255 
3 1763 1764 1765 0 0 0 255 
3 1765 1764 1766 0 0 0 255 
3 1765 1766 1767 0 0 0 255 
3 1767 1766 1768 0 0 0 255 
3 1767 1768 1769 0 0 0 255 
3 1769 1768 1770 0 0 0 255 
3 1769 1770 1771 0 0 0 255 
3 1771 1770 1772 0 0 0 255 
3 1771 1772 1773 0 0 0 255 
3 1773 1772 1774 0 0 0 255 
3 1773 1774 1775 0 0 0 255 
3 1775 1774 1776 0 0 0 255 
3 1775 1776 1777 0 0 0 255 
3 1777 1776 1778 0 0 0 255 
3 1777 1778 1779 0 0 0 255 
3 1779 1778 1780 0 0 0 255 
3 1779 1780 1781 0 0 0 255 
3 1781 1780 1782 0 0 0 255 
3 1781 1782 1783 0 0 0 255 
3 1783 1782 1784 0 0 0 255 
3 1783 1784 1785 0 0 0 255 
3 1785 1784 1786 0 0 0 255 
3 1785 1786 1787 0 0 0 255 
3 1787 1786 1788 0 0 0 255 
3 1787 1788 1789 0 0 0 255 
3 1789 1788 1790 0 0 0 255 
3 1789 1790 1791 0 0 0 255 
3 1791 1790 1792 0 0 0 255 
3 1791 1792 1793 0 0 0 255 
3 1793 1792 1794 0 0 0 255 
3 1793 1794 1795 0 0 0 255 
3 1795 1794 1796 0 0 0 255 
3 1795 1796 1797 0 0 0 255 
3 1797 1796 1798 0 0 0 255 
3 1797 1798 1799 0 0 0 255 
3 1799 1798 1800 0 0 0 255 
3 1799 1800 1801 0 0 0 255 
3 1801 1800 1802 0 0 0 255 
3 1801 1802 1803 0 0 0 255 
3 1803 1802 1804 0 0 0 255 
3 1803 1804 1805 0 0 0 255 
3 1805 1804 1806 0 0 0 255 
3 1805 1806 1807 0 0 0 255 
3 1807 1806 1808 0 0 0 255 
3 1807 1808 1809 0 0 0 255 
3 1809 1808 1810 0 0 0 255 
3 1809 1810 1811 0 0 0 255 
3 1811 1810 1812 0 0 0 255 
3 1811 1812 1813 0 0 0 255 
3 1813 1812 1814 0 0 0 255 
3 1813 1814 1815 0 0 0 255 
3 1815 1814 1816 0 0 0 255 
3 1815 1816 1817 0 0 0 255 
3 1817 1816 1818 0 0 0 255 
3 1817 1818 1819 0 0 0 255 
3 1819 1818 1820 0 0 0 255 
3 1819 1820 1821 0 0 0 255 
3 1821 1820 1822 0 0 0 255 
3 1821 1822 1823 0 0 0 255 
3 1823 1822 1824 0 0 0 255 
3 1823 1824 1825 0 0 0 255 
3 1825 1824 1826 0 0 0 255 
3 1825 1826 1827 0 0 0 255 
3 1827 1826 1828 0 0 0 255 
3 1827 1828 1829 0 0 0 255 
3 1829 1828 1830 0 0 0 255 
3 1829 1830 1831 0 0 0 255 
3 1831 1830 1832 0 0 0 255 
3 1831 1832 1833 0 0 0 255 
3 1833 1832 1834 0 0 0 255 
3 1833 1834 1835 0 0 0 255 
3 1835 1834 1836 0 0 0 255 
3 1835 1836 1837 0 0 0 255 
3 1837 1836 1838 0 0 0 255 
3 1837 1838 1839 0 0 0 255 
3 1839 1838 1840 0 0 0 255 
3 1839 1840 1841 0 0 0 255 
3 1841 1840 1842 0 0 0 255 
3 1841 1842 1843 0 0 0 255 
3 1843 1842 1844 0 0 0 255 
3 1843 1844 1845 0 0 0 255 
3 1845 1844 1846 0 0 0 255 
3 1845 1846 1847 0 0 0 255 
3 1847 1846 1848 0 0 0 255 
3 1847 1848 1849 0 0 0 255 
3 1849 1848 1850 0 0 0 255 
3 1849 1850 1851 0 0 0 255 
3 1851 1850 1852 0 0 0 255 
3 1851 1852 1853 0 0 0 255 
3 1853 1852 1854 0 0 0 255 
3 1853 1854 1855 0 0 0 255 
3 1855 1854 1856 0 0 0 255 
3 1855 1856 1857 0 0 0 255 
3 1857 1856 1858 0 0 0 255 
3 1857 1858 1859 0 0 0 255 
3 1859 1858 1860 0 0 0 255 
3 1859 1860 1861 0 0 0 255 
3 1861 1860 1862 0 0 0 255 
3 1861 1862 1863 0 0 0 255 
3 1863 1862 1864 0 0 0 255 
3 1863 1864 1865 0 0 0 255 
3 1865 1864 1866 0 0 0 255 
3 1865 1866 1867 0 0 0 255 
3 1867 1866 1868 0 0 0 255 
3 1867 1868 1869 0 0 0 255 
3 1869 1868 1870 0 0 0 255 
3 1869 1870 1871 0 0 0 255 
3 1871 1870 1872 0 0 0 255 
3 1871 1872 1873 0 0 0 255 
3 1873 1872 1874 0 0 0 255 
3 1873 1874 1875 0 0 0 255 
3 1875 1874 1876 0 0 0 255 
3 1875 1876 1877 0 0 0 255 
3 1877 1876 1878 0 0 0 255 
3 1877 1878 1879 0 0 0 255 
3 1879 1878 1880 0 0 0 255 
3 1879 1880 1881 0 0 0 255 
3 1881 1880 1882 0 0 0 255 
3 1881 1882 1883 0 0 0 255 
3 1883 1882 1884 0 0 0 255 
3 1883 1884 1885 0 0 0 255 
3 1885 1884 1886 0 0 0 255 
3 1885 1886 1887 0 0 0 255 
3 1887 1886 1888 0 0 0 255 
3 1887 1888 1889 0 0 0 255 
3 1889 1888 1890 0 0 0 255 
3 1889 1890 1891 0 0 0 255 
3 1891 1890 1892 0 0 0 255 
3 1891 1892 1893 0 0 0 255 
3 1893 1892 1894 0 0 0 255 
3 1893 1894 1895 0 0 0 255 
3 1895 1894 1896 0 0 0 255 
3 1895 1896 1897 0 0 0 255 
3 1897 1896 1898 0 0 0 255 
3 1897 1898 1899 0 0 0 255 
3 1899 1898 1900 0 0 0 255 
3 1899 1900 1901 0 0 0 255 
3 1901 1900 1902 0 0 0 255 
3 1901 1902 520 0 0 0 255 
3 520 518 1901 0 0 0 255 
3 1901 518 648 0 0 0 255 
3 1901 648 647 0 0 0 255 
3 518 611 648 0 0 0 255 
3 1901 647 1899 0 0 0 255 
3 1899 647 646 0 0 0 255 
3 1899 646 1897 0 0 0 255 
3 1897 646 645 0 0 0 255 
3 1897 645 1895 0 0 0 255 
3 1895 645 644 0 0 0 255 
3 1895 644 1893 0 0 0 255 
3 1893 644 643 0 0 0 255 
3 1893 643 1891 0 0 0 255 
3 1891 643 642 0 0 0 255 
3 1891 642 1889 0 0 0 255 
3 1889 642 641 0 0 0 255 
3 1889 641 1887 0 0 0 255 
3 1887 641 640 0 0 0 255 
3 1887 640 1885 0 0 0 255 
3 1885 640 639 0 0 0 255 
3 1885 639 1883 0 0 0 255 
3 1883 639 638 0 0 0 255 
3 1883 638 1881 0 0 0 255 
3 1881 638 637 0 0 0 255 
3 1881 637 1879 0 0 0 255 
3 1879 637 636 0 0 0 255 
3 1879 636 1877 0 0 0 255 
3 1877 636 635 0 0 0 255 
3 1877 635 1875 0 0 0 255 
3 1875 635 634 0 0 0 255 
3 1875 634 1873 0 0 0 255 
3 1873 634 633 0 0 0 255 
3 1873 633 1871 0 0 0 255 
3 1871 633 632 0 0 0 255 
3 1871 632 1869 0 0 0 255 
3 1869 632 631 0 0 0 255 
3 1869 631 1867 0 0 0 255 
3 1867 631 630 0 0 0 255 
3 1867 630 1865 0 0 0 255 
3 1865 630 629 0 0 0 255 
3 1865 629 1863 0 0 0 255 
3 1863 629 628 0 0 0 255 
3 1863 628 1861 0 0 0 255 
3 1861 628 627 0 0 0 255 
3 1861 627 1859 0 0 0 255 
3 1859 627 626 0 0 0 255 
3 1859 626 1857 0 0 0 255 
3 1857 626 625 0 0 0 255 
3 1857 625 1855 0 0 0 255 
3 1855 625 624 0 0 0 255 
3 1855 624 1853 0 0 0 255 
3 1853 624 623 0 0 0 255 
3 1853 623 1851 0 0 0 255 
3 1851 623 622 0 0 0 255 
3 1851 622 1849 0 0 0 255 
3 1849 622 621 0 0 0 255 
3 1849 621 1847 0 0 0 255 
3 1847 621 620 0 0 0 255 
3 1847 620 1845 0 0 0 255 
3 1845 620 619 0 0 0 255 
3 1845 619 1843 0 0 0 255 
3 1843 619 618 0 0 0 255 
3 1843 618 1841 0 0 0 255 
3 1841 618 617 0 0 0 255 
3 1841 617 1839 0 0 0 255 
3 1839 617 616 0 0 0 255 
3 1839 616 1837 0 0 0 255 
3 1837 616 615 0 0 0 255 
3 1837 615 1835 0 0 0 255 
3 1835 615 614 0 0 0 255 
3 1835 614 1833 0 0 0 255 
3 1833 614 613 0 0 0 255 
3 1833 613 1831 0 0 0 255 
3 1831 613 573 0 0 0 255 
3 1831 573 1829 0 0 0 255 
3 1829 573 574 0 0 0 255 
3 1829 574 1827 0 0 0 255 
3 1827 574 575 0 0 0 255 
3 1827 575 1825 0 0 0 255 
3 1825 575 576 0 0 0 255 
3 1825 576 1823 0 0 0 255 
3 1823 576 577 0 0 0 255 
3 1823 577 1821 0 0 0 255 
3 1821 577 578 0 0 0 255 
3 1821 578 1819 0 0 0 255 
3 1819 578 579 0 0 0 255 
3 1819 579 1817 0 0 0 255 
3 1817 579 580 0 0 0 255 
3 1817 580 1815 0 0 0 255 
3 1815 580 581 0 0 0 255 
3 1815 581 1813 0 0 0 255 
3 1813 581 582 0 0 0 255 
3 1813 582 1811 0 0 0 255 
3 1811 582 583 0 0 0 255 
3 1811 583 1809 0 0 0 255 
3 1809 583 584 0 0 0 255 
3 1809 584 1807 0 0 0 255 
3 1807 584 585 0 0 0 255 
3 1807 585 1805 0 0 0 255 
3 1805 585 586 0 0 0 255 
3 1805 586 1803 0 0 0 255 
3 1803 586 587 0 0 0 255 
3 1803 587 1801 0 0 0 255 
3 1801 587 588 0 0 0 255 
3 1801 588 1799 0 0 0 255 
3 1799 588 589 0 0 0 255 
3 1799 589 1797 0 0 0 255 
3 1797 589 590 0 0 0 255 
3 1797 590 1795 0 0 0 255 
3 1795 590 591 0 0 0 255 
3 1795 591 1793 0 0 0 255 
3 1793 591 592 0 0 0 255 
3 1793 592 1791 0 0 0 255 
3 1791 592 593 0 0 0 255 
3 1791 593 1789 0 0 0 255 
3 1789 593 594 0 0 0 255 
3 1789 594 1787 0 0 0 255 
3 1787 594 595 0 0 0 255 
3 1787 595 1785 0 0 0 255 
3 1785 595 596 0 0 0 255 
3 1785 596 1783 0 0 0 255 
3 1783 596 597 0 0 0 255 
3 1783 597 1781 0 0 0 255 
3 1781 597 598 0 0 0 255 
3 1781 598 1779 0 0 0 255 
3 1779 598 599 0 0 0 255 
3 1779 599 1777 0 0 0 255 
3 1777 599 600 0 0 0 255 
3 1777 600 1775 0 0 0 255 
3 1775 600 601 0 0 0 255 
3 1775 601 1773 0 0 0 255 
3 1773 601 602 0 0 0 255 
3 1773 602 1771 0 0 0 255 
3 1771 602 603 0 0 0 255 
3 1771 603 1769 0 0 0 255 
3 1769 603 604 0 0 0 255 
3 1769 604 1767 0 0 0 255 
3 1767 604 605 0 0 0 255 
3 1767 605 1765 0 0 0 255 
3 1765 605 606 0 0 0 255 
3 1765 606 1763 0 0 0 255 
3 1763 606 607 0 0 0 255 
3 1763 607 1761 0 0 0 255 
3 1761 607 608 0 0 0 255 
3 1761 608 1759 0 0 0 255 
3 1759 608 609 0 0 0 255 
3 653 651 536 0 0 0 255 
3 536 651 548 0 0 0 255 
3 649 719 440 0 0 0 255 
3 440 719 444 0 0 0 255 
3 1903 1904 515 0 0 0 255 
3 515 1904 1905 0 0 0 255 
3 515 1905 516 0 0 0 255 
3 516 1905 799 0 0 0 255 
3 799 1905 800 0 0 0 255 
3 800 1905 1906 0 0 0 255 
3 800 1906 801 0 0 0 255 
3 801 1906 1907 0 0 0 255 
3 801 1907 802 0 0 0 255 
3 802 1907 1908 0 0 0 255 
3 802 1908 803 0 0 0 255 
3 803 1908 1909 0 0 0 255 
3 803 1909 804 0 0 0 255 
3 804 1909 1910 0 0 0 255 
3 804 1910 796 0 0 0 255 
3 796 1910 1911 0 0 0 255 
3 796 1911 797 0 0 0 255 
3 797 1911 1912 0 0 0 255 
3 797 1912 798 0 0 0 255 
3 798 1912 1913 0 0 0 255 
3 798 1913 805 0 0 0 255 
3 805 1913 1914 0 0 0 255 
3 805 1914 806 0 0 0 255 
3 806 1914 1915 0 0 0 255 
3 806 1915 807 0 0 0 255 
3 807 1915 1916 0 0 0 255 
3 807 1916 808 0 0 0 255 
3 808 1916 1917 0 0 0 255 
3 808 1917 809 0 0 0 255 
3 809 1917 1918 0 0 0 255 
3 809 1918 810 0 0 0 255 
3 810 1918 1919 0 0 0 255 
3 810 1919 811 0 0 0 255 
3 811 1919 1920 0 0 0 255 
3 811 1920 812 0 0 0 255 
3 812 1920 1921 0 0 0 255 
3 812 1921 813 0 0 0 255 
3 813 1921 1922 0 0 0 255 
3 813 1922 814 0 0 0 255 
3 814 1922 1923 0 0 0 255 
3 814 1923 815 0 0 0 255 
3 815 1923 1924 0 0 0 255 
3 815 1924 816 0 0 0 255 
3 816 1924 1925 0 0 0 255 
3 816 1925 817 0 0 0 255 
3 817 1925 1926 0 0 0 255 
3 817 1926 818 0 0 0 255 
3 818 1926 1927 0 0 0 255 
3 818 1927 819 0 0 0 255 
3 819 1927 1928 0 0 0 255 
3 819 1928 820 0 0 0 255 
3 820 1928 1929 0 0 0 255 
3 820 1929 821 0 0 0 255 
3 821 1929 1930 0 0 0 255 
3 821 1930 822 0 0 0 255 
3 822 1930 1931 0 0 0 255 
3 822 1931 823 0 0 0 255 
3 823 1931 1932 0 0 0 255 
3 823 1932 793 0 0 0 255 
3 793 1932 1933 0 0 0 255 
3 793 1933 794 0 0 0 255 
3 794 1933 1934 0 0 0 255 
3 794 1934 795 0 0 0 255 
3 795 1934 1935 0 0 0 255 
3 795 1935 824 0 0 0 255 
3 824 1935 1936 0 0 0 255 
3 824 1936 825 0 0 0 255 
3 825 1936 1937 0 0 0 255 
3 825 1937 826 0 0 0 255 
3 826 1937 1938 0 0 0 255 
3 826 1938 827 0 0 0 255 
3 827 1938 1939 0 0 0 255 
3 827 1939 828 0 0 0 255 
3 828 1939 1940 0 0 0 255 
3 828 1940 829 0 0 0 255 
3 829 1940 1941 0 0 0 255 
3 829 1941 830 0 0 0 255 
3 830 1941 1942 0 0 0 255 
3 830 1942 831 0 0 0 255 
3 831 1942 1943 0 0 0 255 
3 831 1943 832 0 0 0 255 
3 832 1943 1944 0 0 0 255 
3 832 1944 833 0 0 0 255 
3 833 1944 1945 0 0 0 255 
3 833 1945 834 0 0 0 255 
3 834 1945 1946 0 0 0 255 
3 834 1946 835 0 0 0 255 
3 835 1946 1947 0 0 0 255 
3 835 1947 836 0 0 0 255 
3 836 1947 1948 0 0 0 255 
3 836 1948 837 0 0 0 255 
3 837 1948 1949 0 0 0 255 
3 837 1949 838 0 0 0 255 
3 838 1949 1950 0 0 0 255 
3 838 1950 839 0 0 0 255 
3 839 1950 1951 0 0 0 255 
3 839 1951 840 0 0 0 255 
3 840 1951 1952 0 0 0 255 
3 840 1952 841 0 0 0 255 
3 841 1952 1953 0 0 0 255 
3 841 1953 789 0 0 0 255 
3 789 1953 1954 0 0 0 255 
3 789 1954 790 0 0 0 255 
3 790 1954 1955 0 0 0 255 
3 790 1955 791 0 0 0 255 
3 791 1955 1956 0 0 0 255 
3 791 1956 842 0 0 0 255 
3 842 1956 1957 0 0 0 255 
3 842 1957 843 0 0 0 255 
3 843 1957 1958 0 0 0 255 
3 843 1958 844 0 0 0 255 
3 844 1958 1959 0 0 0 255 
3 844 1959 845 0 0 0 255 
3 845 1959 1960 0 0 0 255 
3 845 1960 410 0 0 0 255 
3 410 1960 1961 0 0 0 255 
3 410 1961 411 0 0 0 255 
3 411 1961 1962 0 0 0 255 
3 1962 1961 1963 0 0 0 255 
3 1963 1961 1964 0 0 0 255 
3 1963 1964 1965 0 0 0 255 
3 1965 1964 1966 0 0 0 255 
3 1965 1966 1967 0 0 0 255 
3 1967 1966 1968 0 0 0 255 
3 1967 1968 1969 0 0 0 255 
3 1969 1968 1970 0 0 0 255 
3 1969 1970 1971 0 0 0 255 
3 1971 1970 1972 0 0 0 255 
3 1971 1972 1973 0 0 0 255 
3 1973 1972 1974 0 0 0 255 
3 1973 1974 1975 0 0 0 255 
3 1975 1974 1976 0 0 0 255 
3 1975 1976 1977 0 0 0 255 
3 1977 1976 1978 0 0 0 255 
3 1977 1978 1979 0 0 0 255 
3 1979 1978 1980 0 0 0 255 
3 1979 1980 1981 0 0 0 255 
3 1981 1980 1982 0 0 0 255 
3 1981 1982 1983 0 0 0 255 
3 1983 1982 1984 0 0 0 255 
3 1983 1984 1985 0 0 0 255 
3 1985 1984 1986 0 0 0 255 
3 1985 1986 1987 0 0 0 255 
3 1987 1986 1988 0 0 0 255 
3 1987 1988 1989 0 0 0 255 
3 1989 1988 1990 0 0 0 255 
3 1989 1990 1991 0 0 0 255 
3 1991 1990 1992 0 0 0 255 
3 1991 1992 1993 0 0 0 255 
3 1993 1992 1994 0 0 0 255 
3 1993 1994 1995 0 0 0 255 
3 1995 1994 1996 0 0 0 255 
3 1995 1996 1997 0 0 0 255 
3 1997 1996 1998 0 0 0 255 
3 1997 1998 1999 0 0 0 255 
3 1999 1998 2000 0 0 0 255 
3 1999 2000 2001 0 0 0 255 
3 2001 2000 2002 0 0 0 255 
3 2001 2002 2003 0 0 0 255 
3 2003 2002 2004 0 0 0 255 
3 2003 2004 2005 0 0 0 255 
3 2005 2004 2006 0 0 0 255 
3 2005 2006 2007 0 0 0 255 
3 2007 2006 2008 0 0 0 255 
3 2007 2008 2009 0 0 0 255 
3 2009 2008 2010 0 0 0 255 
3 2009 2010 2011 0 0 0 255 
3 2011 2010 2012 0 0 0 255 
3 2011 2012 2013 0 0 0 255 
3 2013 2012 2014 0 0 0 255 
3 2013 2014 2015 0 0 0 255 
3 2015 2014 2016 0 0 0 255 
3 2015 2016 2017 0 0 0 255 
3 2017 2016 2018 0 0 0 255 
3 2017 2018 2019 0 0 0 255 
3 2019 2018 2020 0 0 0 255 
3 2019 2020 2021 0 0 0 255 
3 2021 2020 2022 0 0 0 255 
3 2021 2022 2023 0 0 0 255 
3 2023 2022 2024 0 0 0 255 
3 2023 2024 2025 0 0 0 255 
3 2025 2024 2026 0 0 0 255 
3 2025 2026 2027 0 0 0 255 
3 2027 2026 2028 0 0 0 255 
3 2027 2028 2029 0 0 0 255 
3 2029 2028 2030 0 0 0 255 
3 2029 2030 2031 0 0 0 255 
3 2031 2030 2032 0 0 0 255 
3 2031 2032 2033 0 0 0 255 
3 2033 2032 2034 0 0 0 255 
3 2033 2034 2035 0 0 0 255 
3 2035 2034 2036 0 0 0 255 
3 2035 2036 2037 0 0 0 255 
3 2037 2036 2038 0 0 0 255 
3 2037 2038 2039 0 0 0 255 
3 2039 2038 2040 0 0 0 255 
3 2039 2040 2041 0 0 0 255 
3 2041 2040 2042 0 0 0 255 
3 2041 2042 2043 0 0 0 255 
3 2043 2042 2044 0 0 0 255 
3 2043 2044 2045 0 0 0 255 
3 2045 2044 2046 0 0 0 255 
3 2045 2046 2047 0 0 0 255 
3 2047 2046 2048 0 0 0 255 
3 2047 2048 2049 0 0 0 255 
3 2049 2048 2050 0 0 0 255 
3 2049 2050 2051 0 0 0 255 
3 2051 2050 2052 0 0 0 255 
3 2051 2052 2053 0 0 0 255 
3 2053 2052 2054 0 0 0 255 
3 2053 2054 2055 0 0 0 255 
3 2055 2054 2056 0 0 0 255 
3 2055 2056 2057 0 0 0 255 
3 2057 2056 2058 0 0 0 255 
3 2057 2058 2059 0 0 0 255 
3 2059 2058 2060 0 0 0 255 
3 2059 2060 2061 0 0 0 255 
3 2061 2060 2062 0 0 0 255 
3 2061 2062 2063 0 0 0 255 
3 2063 2062 2064 0 0 0 255 
3 2063 2064 2065 0 0 0 255 
3 2065 2064 2066 0 0 0 255 
3 2065 2066 2067 0 0 0 255 
3 2067 2066 2068 0 0 0 255 
3 2067 2068 2069 0 0 0 255 
3 2069 2068 2070 0 0 0 255 
3 2069 2070 1903 0 0 0 255 
3 1903 2070 1904 0 0 0 255 
3 1906 1905 1904 0 0 0 255 
3 1906 1904 2070 0 0 0 255 
3 1907 1906 2070 0 0 0 255 
3 1907 2070 2068 0 0 0 255 
3 1908 1907 2068 0 0 0 255 
3 1908 2068 2066 0 0 0 255 
3 1909 1908 2066 0 0 0 255 
3 1909 2066 2064 0 0 0 255 
3 1910 1909 2064 0 0 0 255 
3 1910 2064 2062 0 0 0 255 
3 1911 1910 2062 0 0 0 255 
3 1911 2062 2060 0 0 0 255 
3 1912 1911 2060 0 0 0 255 
3 1912 2060 2058 0 0 0 255 
3 1913 1912 2058 0 0 0 255 
3 1913 2058 2056 0 0 0 255 
3 1914 1913 2056 0 0 0 255 
3 1914 2056 2054 0 0 0 255 
3 1915 1914 2054 0 0 0 255 
3 1915 2054 2052 0 0 0 255 
3 1916 1915 2052 0 0 0 255 
3 1916 2052 2050 0 0 0 255 
3 1917 1916 2050 0 0 0 255 
3 1917 2050 2048 0 0 0 255 
3 1918 1917 2048 0 0 0 255 
3 1918 2048 2046 0 0 0 255 
3 1919 1918 2046 0 0 0 255 
3 1919 2046 2044 0 0 0 255 
3 1920 1919 2044 0 0 0 255 
3 1920 2044 2042 0 0 0 255 
3 1921 1920 2042 0 0 0 255 
3 1921 2042 2040 0 0 0 255 
3 1922 1921 2040 0 0 0 255 
3 1922 2040 2038 0 0 0 255 
3 1923 1922 2038 0 0 0 255 
3 1923 2038 2036 0 0 0 255 
3 1924 1923 2036 0 0 0 255 
3 1924 2036 2034 0 0 0 255 
3 1925 1924 2034 0 0 0 255 
3 1925 2034 2032 0 0 0 255 
3 1926 1925 2032 0 0 0 255 
3 1926 2032 2030 0 0 0 255 
3 1927 1926 2030 0 0 0 255 
3 1927 2030 2028 0 0 0 255 
3 1928 1927 2028 0 0 0 255 
3 1928 2028 2026 0 0 0 255 
3 1929 1928 2026 0 0 0 255 
3 1929 2026 2024 0 0 0 255 
3 1930 1929 2024 0 0 0 255 
3 1930 2024 2022 0 0 0 255 
3 1931 1930 2022 0 0 0 255 
3 1931 2022 2020 0 0 0 255 
3 1932 1931 2020 0 0 0 255 
3 1932 2020 2018 0 0 0 255 
3 1933 1932 2018 0 0 0 255 
3 1933 2018 2016 0 0 0 255 
3 1934 1933 2016 0 0 0 255 
3 1934 2016 2014 0 0 0 255 
3 1935 1934 2014 0 0 0 255 
3 1935 2014 2012 0 0 0 255 
3 1936 1935 2012 0 0 0 255 
3 1936 2012 2010 0 0 0 255 
3 1937 1936 2010 0 0 0 255 
3 1937 2010 2008 0 0 0 255 
3 1938 1937 2008 0 0 0 255 
3 1938 2008 2006 0 0 0 255 
3 1939 1938 2006 0 0 0 255 
3 1939 2006 2004 0 0 0 255 
3 1940 1939 2004 0 0 0 255 
3 1940 2004 2002 0 0 0 255 
3 1941 1940 2002 0 0 0 255 
3 1941 2002 2000 0 0 0 255 
3 1942 1941 2000 0 0 0 255 
3 1942 2000 1998 0 0 0 255 
3 1943 1942 1998 0 0 0 255 
3 1943 1998 1996 0 0 0 255 
3 1944 1943 1996 0 0 0 255 
3 1944 1996 1994 0 0 0 255 
3 1945 1944 1994 0 0 0 255 
3 1945 1994 1992 0 0 0 255 
3 1946 1945 1992 0 0 0 255 
3 1946 1992 1990 0 0 0 255 
3 1947 1946 1990 0 0 0 255 
3 1947 1990 1988 0 0 0 255 
3 1948 1947 1988 0 0 0 255 
3 1948 1988 1986 0 0 0 255 
3 1949 1948 1986 0 0 0 255 
3 1949 1986 1984 0 0 0 255 
3 1950 1949 1984 0 0 0 255 
3 1950 1984 1982 0 0 0 255 
3 1951 1950 1982 0 0 0 255 
3 1951 1982 1980 0 0 0 255 
3 1952 1951 1980 0 0 0 255 
3 1952 1980 1978 0 0 0 255 
3 1953 1952 1978 0 0 0 255 
3 1953 1978 1976 0 0 0 255 
3 1954 1953 1976 0 0 0 255 
3 1954 1976 1974 0 0 0 255 
3 1955 1954 1974 0 0 0 255 
3 1955 1974 1972 0 0 0 255 
3 1956 1955 1972 0 0 0 255 
3 1956 1972 1970 0 0 0 255 
3 1957 1956 1970 0 0 0 255 
3 1957 1970 1968 0 0 0 255 
3 1958 1957 1968 0 0 0 255 
3 1958 1968 1966 0 0 0 255 
3 1959 1958 1966 0 0 0 255 
3 1959 1966 1964 0 0 0 255 
3 1960 1959 1964 0 0 0 255 
3 1960 1964 1961 0 0 0 255 
3 1962 1800 411 0 0 0 255 
3 411 1800 1798 0 0 0 255 
3 411 1798 1796 0 0 0 255 
3 1962 1963 1800 0 0 0 255 
3 1800 1963 1965 0 0 0 255 
3 1800 1965 1967 0 0 0 255 
3 1967 1969 1800 0 0 0 255 
3 1800 1969 1971 0 0 0 255 
3 1800 1971 1973 0 0 0 255 
3 1973 1975 1800 0 0 0 255 
3 1800 1975 1977 0 0 0 255 
3 1800 1977 1979 0 0 0 255 
3 1979 1981 1800 0 0 0 255 
3 1800 1981 1983 0 0 0 255 
3 1800 1983 1985 0 0 0 255 
3 1985 1987 1800 0 0 0 255 
3 1800 1987 1989 0 0 0 255 
3 1800 1989 1991 0 0 0 255 
3 1991 1993 1800 0 0 0 255 
3 1800 1993 1995 0 0 0 255 
3 1800 1995 1997 0 0 0 255 
3 1997 1999 1800 0 0 0 255 
3 1800 1999 2001 0 0 0 255 
3 1800 2001 2003 0 0 0 255 
3 2005 1804 2003 0 0 0 255 
3 2003 1804 1802 0 0 0 255 
3 2003 1802 1800 0 0 0 255 
3 1804 2005 1806 0 0 0 255 
3 1806 2005 2007 0 0 0 255 
3 1806 2007 1808 0 0 0 255 
3 1808 2007 1810 0 0 0 255 
3 1810 2007 2009 0 0 0 255 
3 1810 2009 1812 0 0 0 255 
3 1812 2009 1814 0 0 0 255 
3 1814 2009 2011 0 0 0 255 
3 1814 2011 1816 0 0 0 255 
3 1816 2011 1818 0 0 0 255 
3 1818 2011 2013 0 0 0 255 
3 1818 2013 1820 0 0 0 255 
3 1820 2013 1822 0 0 0 255 
3 1822 2013 1824 0 0 0 255 
3 1824 2013 2015 0 0 0 255 
3 1824 2015 1826 0 0 0 255 
3 1826 2015 1828 0 0 0 255 
3 1828 2015 1830 0 0 0 255 
3 1830 2015 1832 0 0 0 255 
3 1832 2015 2017 0 0 0 255 
3 1832 2017 1834 0 0 0 255 
3 1834 2017 1836 0 0 0 255 
3 1836 2017 1838 0 0 0 255 
3 1838 2017 2019 0 0 0 255 
3 1838 2019 1840 0 0 0 255 
3 1840 2019 1842 0 0 0 255 
3 1842 2019 1844 0 0 0 255 
3 1844 2019 2021 0 0 0 255 
3 1844 2021 1846 0 0 0 255 
3 1846 2021 1848 0 0 0 255 
3 1848 2021 2023 0 0 0 255 
3 1848 2023 1850 0 0 0 255 
3 1850 2023 1852 0 0 0 255 
3 1852 2023 2025 0 0 0 255 
3 1852 2025 1854 0 0 0 255 
3 1854 2025 1856 0 0 0 255 
3 1856 2025 2027 0 0 0 255 
3 1856 2027 1858 0 0 0 255 
3 1858 2027 2029 0 0 0 255 
3 1858 2029 1860 0 0 0 255 
3 1860 2029 1862 0 0 0 255 
3 1862 2029 2031 0 0 0 255 
3 1862 2031 1864 0 0 0 255 
3 1864 2031 2033 0 0 0 255 
3 1864 2033 1866 0 0 0 255 
3 1866 2033 2035 0 0 0 255 
3 1866 2035 1868 0 0 0 255 
3 1868 2035 2037 0 0 0 255 
3 1868 2037 1870 0 0 0 255 
3 1870 2037 2039 0 0 0 255 
3 1870 2039 1872 0 0 0 255 
3 1872 2039 2041 0 0 0 255 
3 1872 2041 1874 0 0 0 255 
3 1874 2041 2043 0 0 0 255 
3 1874 2043 1876 0 0 0 255 
3 1876 2043 2045 0 0 0 255 
3 1876 2045 1878 0 0 0 255 
3 1878 2045 2047 0 0 0 255 
3 1878 2047 1880 0 0 0 255 
3 1880 2047 2049 0 0 0 255 
3 1880 2049 1882 0 0 0 255 
3 1882 2049 2051 0 0 0 255 
3 1882 2051 1884 0 0 0 255 
3 1884 2051 2053 0 0 0 255 
3 1884 2053 1886 0 0 0 255 
3 1886 2053 2055 0 0 0 255 
3 1886 2055 1888 0 0 0 255 
3 1888 2055 2057 0 0 0 255 
3 1888 2057 1890 0 0 0 255 
3 1890 2057 2059 0 0 0 255 
3 1890 2059 1892 0 0 0 255 
3 1892 2059 2061 0 0 0 255 
3 1892 2061 1894 0 0 0 255 
3 1894 2061 2063 0 0 0 255 
3 1894 2063 2065 0 0 0 255 
3 2065 2067 1894 0 0 0 255 
3 1894 2067 2069 0 0 0 255 
3 1894 2069 1903 0 0 0 255 
3 1894 1903 1896 0 0 0 255 
3 1896 1903 515 0 0 0 255 
3 1896 515 385 0 0 0 255 
3 385 515 384 0 0 0 255 
3 520 1902 385 0 0 0 255 
3 385 1902 1900 0 0 0 255 
3 385 1900 1898 0 0 0 255 
3 1898 1896 385 0 0 0 255 
3 1796 1794 411 0 0 0 255 
3 411 1794 1792 0 0 0 255 
3 411 1792 1790 0 0 0 255 
3 1790 1788 411 0 0 0 255 
3 411 1788 1786 0 0 0 255 
3 411 1786 1784 0 0 0 255 
3 1784 1782 411 0 0 0 255 
3 411 1782 1780 0 0 0 255 
3 411 1780 1778 0 0 0 255 
3 1778 1776 411 0 0 0 255 
3 411 1776 1774 0 0 0 255 
3 411 1774 1772 0 0 0 255 
3 1772 1770 411 0 0 0 255 
3 411 1770 1768 0 0 0 255 
3 411 1768 1766 0 0 0 255 
3 1766 1764 411 0 0 0 255 
3 411 1764 1762 0 0 0 255 
3 411 1762 1760 0 0 0 255 
3 1760 406 411 0 0 0 255 
3 411 406 413 0 0 0 255 
3 413 406 408 0 0 0 255 
3 2071 2072 398 0 0 0 255 
3 398 2072 2073 0 0 0 255 
3 398 2073 399 0 0 0 255 
3 399 2073 2074 0 0 0 255 
3 399 2074 1641 0 0 0 255 
3 1641 2074 1642 0 0 0 255 
3 1642 2074 2075 0 0 0 255 
3 1642 2075 1643 0 0 0 255 
3 1643 2075 2076 0 0 0 255 
3 1643 2076 1644 0 0 0 255 
3 1644 2076 2077 0 0 0 255 
3 1644 2077 1645 0 0 0 255 
3 1645 2077 2078 0 0 0 255 
3 1645 2078 1646 0 0 0 255 
3 1646 2078 2079 0 0 0 255 
3 1646 2079 1647 0 0 0 255 
3 1647 2079 2080 0 0 0 255 
3 1647 2080 1648 0 0 0 255 
3 1648 2080 2081 0 0 0 255 
3 1648 2081 1649 0 0 0 255 
3 1649 2081 2082 0 0 0 255 
3 1649 2082 1650 0 0 0 255 
3 1650 2082 2083 0 0 0 255 
3 1650 2083 1651 0 0 0 255 
3 1651 2083 2084 0 0 0 255 
3 1651 2084 1652 0 0 0 255 
3 1652 2084 2085 0 0 0 255 
3 1652 2085 1653 0 0 0 255 
3 1653 2085 2086 0 0 0 255 
3 1653 2086 1654 0 0 0 255 
3 1654 2086 2087 0 0 0 255 
3 1654 2087 1655 0 0 0 255 
3 1655 2087 2088 0 0 0 255 
3 1655 2088 1656 0 0 0 255 
3 1656 2088 2089 0 0 0 255 
3 1656 2089 1657 0 0 0 255 
3 1657 2089 2090 0 0 0 255 
3 1657 2090 1658 0 0 0 255 
3 1658 2090 2091 0 0 0 255 
3 1658 2091 1659 0 0 0 255 
3 1659 2091 2092 0 0 0 255 
3 1659 2092 1660 0 0 0 255 
3 1660 2092 2093 0 0 0 255 
3 1660 2093 1661 0 0 0 255 
3 1661 2093 2094 0 0 0 255 
3 1661 2094 1662 0 0 0 255 
3 1662 2094 2095 0 0 0 255 
3 1662 2095 1663 0 0 0 255 
3 1663 2095 2096 0 0 0 255 
3 1663 2096 1664 0 0 0 255 
3 1664 2096 2097 0 0 0 255 
3 1664 2097 1665 0 0 0 255 
3 1665 2097 2098 0 0 0 255 
3 1665 2098 1666 0 0 0 255 
3 1666 2098 2099 0 0 0 255 
3 1666 2099 1667 0 0 0 255 
3 1667 2099 2100 0 0 0 255 
3 1667 2100 1668 0 0 0 255 
3 1668 2100 2101 0 0 0 255 
3 1668 2101 1669 0 0 0 255 
3 1669 2101 2102 0 0 0 255 
3 1669 2102 1670 0 0 0 255 
3 1670 2102 2103 0 0 0 255 
3 1670 2103 1671 0 0 0 255 
3 1671 2103 2104 0 0 0 255 
3 1671 2104 1672 0 0 0 255 
3 1672 2104 2105 0 0 0 255 
3 1672 2105 1673 0 0 0 255 
3 1673 2105 2106 0 0 0 255 
3 1673 2106 1674 0 0 0 255 
3 1674 2106 2107 0 0 0 255 
3 1674 2107 1675 0 0 0 255 
3 1675 2107 2108 0 0 0 255 
3 1675 2108 1676 0 0 0 255 
3 1676 2108 2109 0 0 0 255 
3 1676 2109 1677 0 0 0 255 
3 1677 2109 2110 0 0 0 255 
3 1677 2110 1678 0 0 0 255 
3 1678 2110 2111 0 0 0 255 
3 1678 2111 1679 0 0 0 255 
3 1679 2111 2112 0 0 0 255 
3 1679 2112 1680 0 0 0 255 
3 1680 2112 2113 0 0 0 255 
3 1680 2113 1681 0 0 0 255 
3 1681 2113 2114 0 0 0 255 
3 1681 2114 1682 0 0 0 255 
3 1682 2114 2115 0 0 0 255 
3 1682 2115 1683 0 0 0 255 
3 1683 2115 2116 0 0 0 255 
3 1683 2116 1684 0 0 0 255 
3 1684 2116 2117 0 0 0 255 
3 1684 2117 1685 0 0 0 255 
3 1685 2117 2118 0 0 0 255 
3 1685 2118 1686 0 0 0 255 
3 1686 2118 2119 0 0 0 255 
3 1686 2119 1687 0 0 0 255 
3 1687 2119 2120 0 0 0 255 
3 1687 2120 1688 0 0 0 255 
3 1688 2120 2121 0 0 0 255 
3 1688 2121 1689 0 0 0 255 
3 1689 2121 2122 0 0 0 255 
3 1689 2122 1690 0 0 0 255 
3 1690 2122 2123 0 0 0 255 
3 1690 2123 1691 0 0 0 255 
3 1691 2123 2124 0 0 0 255 
3 1691 2124 1692 0 0 0 255 
3 1692 2124 2125 0 0 0 255 
3 1692 2125 525 0 0 0 255 
3 525 2125 2126 0 0 0 255 
3 525 2126 526 0 0 0 255 
3 526 2126 2127 0 0 0 255 
3 526 2127 2128 0 0 0 255 
3 2128 2127 2129 0 0 0 255 
3 2129 2127 2130 0 0 0 255 
3 2129 2130 2131 0 0 0 255 
3 2131 2130 2132 0 0 0 255 
3 2131 2132 2133 0 0 0 255 
3 2133 2132 2134 0 0 0 255 
3 2133 2134 2135 0 0 0 255 
3 2135 2134 2136 0 0 0 255 
3 2135 2136 2137 0 0 0 255 
3 2137 2136 2138 0 0 0 255 
3 2137 2138 2139 0 0 0 255 
3 2139 2138 2140 0 0 0 255 
3 2139 2140 2141 0 0 0 255 
3 2141 2140 2142 0 0 0 255 
3 2141 2142 2143 0 0 0 255 
3 2143 2142 2144 0 0 0 255 
3 2143 2144 2145 0 0 0 255 
3 2145 2144 2146 0 0 0 255 
3 2145 2146 2147 0 0 0 255 
3 2147 2146 2148 0 0 0 255 
3 2147 2148 2149 0 0 0 255 
3 2149 2148 2150 0 0 0 255 
3 2149 2150 2151 0 0 0 255 
3 2151 2150 2152 0 0 0 255 
3 2151 2152 2153 0 0 0 255 
3 2153 2152 2154 0 0 0 255 
3 2153 2154 2155 0 0 0 255 
3 2155 2154 2156 0 0 0 255 
3 2155 2156 2157 0 0 0 255 
3 2157 2156 2158 0 0 0 255 
3 2157 2158 2159 0 0 0 255 
3 2159 2158 2160 0 0 0 255 
3 2159 2160 2161 0 0 0 255 
3 2161 2160 2162 0 0 0 255 
3 2161 2162 2163 0 0 0 255 
3 2163 2162 2164 0 0 0 255 
3 2163 2164 2165 0 0 0 255 
3 2165 2164 2166 0 0 0 255 
3 2165 2166 2167 0 0 0 255 
3 2167 2166 2168 0 0 0 255 
3 2167 2168 2169 0 0 0 255 
3 2169 2168 2170 0 0 0 255 
3 2169 2170 2171 0 0 0 255 
3 2171 2170 2172 0 0 0 255 
3 2171 2172 2173 0 0 0 255 
3 2173 2172 2174 0 0 0 255 
3 2173 2174 2175 0 0 0 255 
3 2175 2174 2176 0 0 0 255 
3 2175 2176 2177 0 0 0 255 
3 2177 2176 2178 0 0 0 255 
3 2177 2178 2179 0 0 0 255 
3 2179 2178 2180 0 0 0 255 
3 2179 2180 2181 0 0 0 255 
3 2181 2180 2182 0 0 0 255 
3 2181 2182 2183 0 0 0 255 
3 2183 2182 2184 0 0 0 255 
3 2183 2184 2185 0 0 0 255 
3 2185 2184 2186 0 0 0 255 
3 2185 2186 2187 0 0 0 255 
3 2187 2186 2188 0 0 0 255 
3 2187 2188 2189 0 0 0 255 
3 2189 2188 2190 0 0 0 255 
3 2189 2190 2191 0 0 0 255 
3 2191 2190 2192 0 0 0 255 
3 2191 2192 2193 0 0 0 255 
3 2193 2192 2194 0 0 0 255 
3 2193 2194 2195 0 0 0 255 
3 2195 2194 2196 0 0 0 255 
3 2195 2196 2197 0 0 0 255 
3 2197 2196 2198 0 0 0 255 
3 2197 2198 2199 0 0 0 255 
3 2199 2198 2200 0 0 0 255 
3 2199 2200 2201 0 0 0 255 
3 2201 2200 2202 0 0 0 255 
3 2201 2202 2203 0 0 0 255 
3 2203 2202 2204 0 0 0 255 
3 2203 2204 2205 0 0 0 255 
3 2205 2204 2206 0 0 0 255 
3 2205 2206 2207 0 0 0 255 
3 2207 2206 2208 0 0 0 255 
3 2207 2208 2209 0 0 0 255 
3 2209 2208 2210 0 0 0 255 
3 2209 2210 2211 0 0 0 255 
3 2211 2210 2212 0 0 0 255 
3 2211 2212 2213 0 0 0 255 
3 2213 2212 2214 0 0 0 255 
3 2213 2214 2215 0 0 0 255 
3 2215 2214 2216 0 0 0 255 
3 2215 2216 2217 0 0 0 255 
3 2217 2216 2218 0 0 0 255 
3 2217 2218 2219 0 0 0 255 
3 2219 2218 2220 0 0 0 255 
3 2219 2220 2221 0 0 0 255 
3 2221 2220 2222 0 0 0 255 
3 2221 2222 2223 0 0 0 255 
3 2223 2222 2224 0 0 0 255 
3 2223 2224 2225 0 0 0 255 
3 2225 2224 2226 0 0 0 255 
3 2225 2226 2227 0 0 0 255 
3 2227 2226 2228 0 0 0 255 
3 2227 2228 2071 0 0 0 255 
3 2071 2228 2072 0 0 0 255 
3 2075 2074 2073 0 0 0 255 
3 2073 2072 2229 0 0 0 255 
3 2229 2072 2228 0 0 0 255 
3 2229 2228 2230 0 0 0 255 
3 2230 2228 2226 0 0 0 255 
3 2230 2226 2231 0 0 0 255 
3 2231 2226 2224 0 0 0 255 
3 2231 2224 2232 0 0 0 255 
3 2232 2224 2222 0 0 0 255 
3 2232 2222 2233 0 0 0 255 
3 2233 2222 2220 0 0 0 255 
3 2233 2220 2234 0 0 0 255 
3 2234 2220 2218 0 0 0 255 
3 2234 2218 2235 0 0 0 255 
3 2235 2218 2216 0 0 0 255 
3 2235 2216 2236 0 0 0 255 
3 2236 2216 2214 0 0 0 255 
3 2236 2214 2237 0 0 0 255 
3 2237 2214 2212 0 0 0 255 
3 2237 2212 2238 0 0 0 255 
3 2238 2212 2210 0 0 0 255 
3 2238 2210 2239 0 0 0 255 
3 2239 2210 2208 0 0 0 255 
3 2239 2208 2240 0 0 0 255 
3 2240 2208 2206 0 0 0 255 
3 2240 2206 2241 0 0 0 255 
3 2241 2206 2204 0 0 0 255 
3 2241 2204 2242 0 0 0 255 
3 2242 2204 2202 0 0 0 255 
3 2242 2202 2243 0 0 0 255 
3 2243 2202 2200 0 0 0 255 
3 2243 2200 2244 0 0 0 255 
3 2244 2200 2198 0 0 0 255 
3 2244 2198 2245 0 0 0 255 
3 2245 2198 2196 0 0 0 255 
3 2245 2196 2246 0 0 0 255 
3 2246 2196 2194 0 0 0 255 
3 2246 2194 2247 0 0 0 255 
3 2247 2194 2192 0 0 0 255 
3 2247 2192 2248 0 0 0 255 
3 2248 2192 2190 0 0 0 255 
3 2248 2190 2249 0 0 0 255 
3 2249 2190 2188 0 0 0 255 
3 2249 2188 2250 0 0 0 255 
3 2250 2188 2186 0 0 0 255 
3 2250 2186 2251 0 0 0 255 
3 2251 2186 2184 0 0 0 255 
3 2251 2184 2252 0 0 0 255 
3 2252 2184 2182 0 0 0 255 
3 2252 2182 2253 0 0 0 255 
3 2253 2182 2180 0 0 0 255 
3 2253 2180 2254 0 0 0 255 
3 2254 2180 2178 0 0 0 255 
3 2254 2178 2255 0 0 0 255 
3 2255 2178 2176 0 0 0 255 
3 2255 2176 2256 0 0 0 255 
3 2256 2176 2174 0 0 0 255 
3 2256 2174 2257 0 0 0 255 
3 2257 2174 2172 0 0 0 255 
3 2257 2172 2258 0 0 0 255 
3 2258 2172 2170 0 0 0 255 
3 2258 2170 2259 0 0 0 255 
3 2259 2170 2168 0 0 0 255 
3 2259 2168 2260 0 0 0 255 
3 2260 2168 2166 0 0 0 255 
3 2260 2166 2261 0 0 0 255 
3 2261 2166 2164 0 0 0 255 
3 2261 2164 2262 0 0 0 255 
3 2262 2164 2162 0 0 0 255 
3 2262 2162 2263 0 0 0 255 
3 2263 2162 2160 0 0 0 255 
3 2263 2160 2264 0 0 0 255 
3 2264 2160 2158 0 0 0 255 
3 2264 2158 2265 0 0 0 255 
3 2265 2158 2156 0 0 0 255 
3 2265 2156 2266 0 0 0 255 
3 2266 2156 2154 0 0 0 255 
3 2266 2154 2267 0 0 0 255 
3 2267 2154 2152 0 0 0 255 
3 2267 2152 2268 0 0 0 255 
3 2268 2152 2150 0 0 0 255 
3 2268 2150 2269 0 0 0 255 
3 2269 2150 2148 0 0 0 255 
3 2269 2148 2270 0 0 0 255 
3 2270 2148 2146 0 0 0 255 
3 2270 2146 2271 0 0 0 255 
3 2271 2146 2144 0 0 0 255 
3 2271 2144 2272 0 0 0 255 
3 2272 2144 2142 0 0 0 255 
3 2272 2142 2273 0 0 0 255 
3 2273 2142 2140 0 0 0 255 
3 2273 2140 2274 0 0 0 255 
3 2274 2140 2138 0 0 0 255 
3 2274 2138 2275 0 0 0 255 
3 2275 2138 2136 0 0 0 255 
3 2275 2136 2276 0 0 0 255 
3 2276 2136 2134 0 0 0 255 
3 2276 2134 2277 0 0 0 255 
3 2277 2134 2132 0 0 0 255 
3 2277 2132 2278 0 0 0 255 
3 2278 2132 2130 0 0 0 255 
3 2278 2130 2126 0 0 0 255 
3 2126 2130 2127 0 0 0 255 
3 2076 2075 2229 0 0 0 255 
3 2229 2075 2073 0 0 0 255 
3 2076 2229 2230 0 0 0 255 
3 2077 2076 2230 0 0 0 255 
3 2077 2230 2231 0 0 0 255 
3 2078 2077 2231 0 0 0 255 
3 2078 2231 2232 0 0 0 255 
3 2079 2078 2232 0 0 0 255 
3 2079 2232 2233 0 0 0 255 
3 2080 2079 2233 0 0 0 255 
3 2080 2233 2234 0 0 0 255 
3 2081 2080 2234 0 0 0 255 
3 2081 2234 2235 0 0 0 255 
3 2082 2081 2235 0 0 0 255 
3 2082 2235 2236 0 0 0 255 
3 2083 2082 2236 0 0 0 255 
3 2083 2236 2237 0 0 0 255 
3 2084 2083 2237 0 0 0 255 
3 2084 2237 2238 0 0 0 255 
3 2085 2084 2238 0 0 0 255 
3 2085 2238 2239 0 0 0 255 
3 2086 2085 2239 0 0 0 255 
3 2086 2239 2240 0 0 0 255 
3 2087 2086 2240 0 0 0 255 
3 2087 2240 2241 0 0 0 255 
3 2088 2087 2241 0 0 0 255 
3 2088 2241 2242 0 0 0 255 
3 2089 2088 2242 0 0 0 255 
3 2089 2242 2243 0 0 0 255 
3 2090 2089 2243 0 0 0 255 
3 2090 2243 2244 0 0 0 255 
3 2091 2090 2244 0 0 0 255 
3 2091 2244 2245 0 0 0 255 
3 2092 2091 2245 0 0 0 255 
3 2092 2245 2246 0 0 0 255 
3 2093 2092 2246 0 0 0 255 
3 2093 2246 2247 0 0 0 255 
3 2094 2093 2247 0 0 0 255 
3 2094 2247 2248 0 0 0 255 
3 2095 2094 2248 0 0 0 255 
3 2095 2248 2249 0 0 0 255 
3 2096 2095 2249 0 0 0 255 
3 2096 2249 2250 0 0 0 255 
3 2097 2096 2250 0 0 0 255 
3 2097 2250 2251 0 0 0 255 
3 2098 2097 2251 0 0 0 255 
3 2098 2251 2252 0 0 0 255 
3 2099 2098 2252 0 0 0 255 
3 2099 2252 2253 0 0 0 255 
3 2100 2099 2253 0 0 0 255 
3 2100 2253 2254 0 0 0 255 
3 2101 2100 2254 0 0 0 255 
3 2101 2254 2255 0 0 0 255 
3 2102 2101 2255 0 0 0 255 
3 2102 2255 2256 0 0 0 255 
3 2103 2102 2256 0 0 0 255 
3 2103 2256 2257 0 0 0 255 
3 2104 2103 2257 0 0 0 255 
3 2104 2257 2258 0 0 0 255 
3 2105 2104 2258 0 0 0 255 
3 2105 2258 2259 0 0 0 255 
3 2106 2105 2259 0 0 0 255 
3 2106 2259 2260 0 0 0 255 
3 2107 2106 2260 0 0 0 255 
3 2107 2260 2261 0 0 0 255 
3 2108 2107 2261 0 0 0 255 
3 2108 2261 2262 0 0 0 255 
3 2109 2108 2262 0 0 0 255 
3 2109 2262 2263 0 0 0 255 
3 2110 2109 2263 0 0 0 255 
3 2110 2263 2264 0 0 0 255 
3 2111 2110 2264 0 0 0 255 
3 2111 2264 2265 0 0 0 255 
3 2112 2111 2265 0 0 0 255 
3 2112 2265 2266 0 0 0 255 
3 2113 2112 2266 0 0 0 255 
3 2113 2266 2267 0 0 0 255 
3 2114 2113 2267 0 0 0 255 
3 2114 2267 2268 0 0 0 255 
3 2115 2114 2268 0 0 0 255 
3 2115 2268 2269 0 0 0 255 
3 2116 2115 2269 0 0 0 255 
3 2116 2269 2270 0 0 0 255 
3 2117 2116 2270 0 0 0 255 
3 2117 2270 2271 0 0 0 255 
3 2118 2117 2271 0 0 0 255 
3 2118 2271 2272 0 0 0 255 
3 2119 2118 2272 0 0 0 255 
3 2119 2272 2273 0 0 0 255 
3 2120 2119 2273 0 0 0 255 
3 2120 2273 2274 0 0 0 255 
3 2121 2120 2274 0 0 0 255 
3 2121 2274 2275 0 0 0 255 
3 2122 2121 2275 0 0 0 255 
3 2122 2275 2276 0 0 0 255 
3 2123 2122 2276 0 0 0 255 
3 2123 2276 2277 0 0 0 255 
3 2124 2123 2277 0 0 0 255 
3 2124 2277 2278 0 0 0 255 
3 2125 2124 2278 0 0 0 255 
3 2125 2278 2126 0 0 0 255 
3 2279 2071 403 0 0 0 255 
3 403 2071 398 0 0 0 255 
3 403 398 400 0 0 0 255 
3 2071 2279 2227 0 0 0 255 
3 2227 2279 2280 0 0 0 255 
3 2227 2280 2225 0 0 0 255 
3 2225 2280 2281 0 0 0 255 
3 2225 2281 2223 0 0 0 255 
3 2223 2281 2282 0 0 0 255 
3 2223 2282 2221 0 0 0 255 
3 2221 2282 2283 0 0 0 255 
3 2221 2283 2219 0 0 0 255 
3 2219 2283 2284 0 0 0 255 
3 2219 2284 2217 0 0 0 255 
3 2217 2284 2285 0 0 0 255 
3 2217 2285 2215 0 0 0 255 
3 2215 2285 2286 0 0 0 255 
3 2215 2286 2213 0 0 0 255 
3 2213 2286 2287 0 0 0 255 
3 2213 2287 2211 0 0 0 255 
3 2211 2287 2288 0 0 0 255 
3 2211 2288 2209 0 0 0 255 
3 2209 2288 2289 0 0 0 255 
3 2209 2289 2207 0 0 0 255 
3 2207 2289 2290 0 0 0 255 
3 2207 2290 2205 0 0 0 255 
3 2205 2290 2203 0 0 0 255 
3 2203 2290 2291 0 0 0 255 
3 2203 2291 2201 0 0 0 255 
3 2201 2291 2292 0 0 0 255 
3 2201 2292 2199 0 0 0 255 
3 2199 2292 2293 0 0 0 255 
3 2199 2293 2197 0 0 0 255 
3 2197 2293 2294 0 0 0 255 
3 2197 2294 2295 0 0 0 255 
3 2197 2295 2195 0 0 0 255 
3 2195 2295 2296 0 0 0 255 
3 2195 2296 2193 0 0 0 255 
3 2193 2296 2297 0 0 0 255 
3 2193 2297 2191 0 0 0 255 
3 2191 2297 2298 0 0 0 255 
3 2191 2298 2189 0 0 0 255 
3 2189 2298 2299 0 0 0 255 
3 2189 2299 2300 0 0 0 255 
3 2189 2300 2187 0 0 0 255 
3 2187 2300 2301 0 0 0 255 
3 2187 2301 2185 0 0 0 255 
3 2185 2301 2302 0 0 0 255 
3 2185 2302 2303 0 0 0 255 
3 2185 2303 2183 0 0 0 255 
3 2183 2303 2304 0 0 0 255 
3 2183 2304 2305 0 0 0 255 
3 2183 2305 2181 0 0 0 255 
3 2181 2305 2306 0 0 0 255 
3 2181 2306 2307 0 0 0 255 
3 2307 2308 2181 0 0 0 255 
3 2181 2308 2179 0 0 0 255 
3 2179 2308 2309 0 0 0 255 
3 2179 2309 2310 0 0 0 255 
3 2310 2311 2179 0 0 0 255 
3 2179 2311 2312 0 0 0 255 
3 2179 2312 2177 0 0 0 255 
3 2177 2312 2313 0 0 0 255 
3 2177 2313 2314 0 0 0 255 
3 2314 2315 2177 0 0 0 255 
3 2177 2315 2175 0 0 0 255 
3 2175 2315 2316 0 0 0 255 
3 2175 2316 2317 0 0 0 255 
3 2317 2318 2175 0 0 0 255 
3 2175 2318 2173 0 0 0 255 
3 2173 2318 2319 0 0 0 255 
3 2173 2319 2320 0 0 0 255 
3 2173 2320 2171 0 0 0 255 
3 2171 2320 2321 0 0 0 255 
3 2171 2321 2322 0 0 0 255 
3 2171 2322 2169 0 0 0 255 
3 2169 2322 2323 0 0 0 255 
3 2169 2323 2167 0 0 0 255 
3 2167 2323 2324 0 0 0 255 
3 2167 2324 2325 0 0 0 255 
3 2326 2133 2325 0 0 0 255 
3 2325 2133 2135 0 0 0 255 
3 2325 2135 2137 0 0 0 255 
3 2327 526 2326 0 0 0 255 
3 2326 526 2128 0 0 0 255 
3 2326 2128 2129 0 0 0 255 
3 2327 2328 526 0 0 0 255 
3 526 2328 2329 0 0 0 255 
3 526 2329 2330 0 0 0 255 
3 2330 2331 526 0 0 0 255 
3 526 2331 2332 0 0 0 255 
3 526 2332 2333 0 0 0 255 
3 2333 2334 526 0 0 0 255 
3 526 2334 2335 0 0 0 255 
3 526 2335 2336 0 0 0 255 
3 2336 2337 526 0 0 0 255 
3 526 2337 2338 0 0 0 255 
3 526 2338 2339 0 0 0 255 
3 2339 2340 526 0 0 0 255 
3 526 2340 2341 0 0 0 255 
3 526 2341 2342 0 0 0 255 
3 2342 2343 526 0 0 0 255 
3 526 2343 2344 0 0 0 255 
3 526 2344 523 0 0 0 255 
3 523 2344 521 0 0 0 255 
3 519 377 523 0 0 0 255 
3 523 377 378 0 0 0 255 
3 523 378 526 0 0 0 255 
3 2129 2131 2326 0 0 0 255 
3 2326 2131 2133 0 0 0 255 
3 2137 2139 2325 0 0 0 255 
3 2325 2139 2141 0 0 0 255 
3 2325 2141 2143 0 0 0 255 
3 2143 2145 2325 0 0 0 255 
3 2325 2145 2147 0 0 0 255 
3 2325 2147 2149 0 0 0 255 
3 2149 2151 2325 0 0 0 255 
3 2325 2151 2153 0 0 0 255 
3 2325 2153 2155 0 0 0 255 
3 2155 2157 2325 0 0 0 255 
3 2325 2157 2159 0 0 0 255 
3 2325 2159 2161 0 0 0 255 
3 2161 2163 2325 0 0 0 255 
3 2325 2163 2165 0 0 0 255 
3 2325 2165 2167 0 0 0 255 
3 400 405 403 0 0 0 255 
3 1693 522 2345 0 0 0 255 
3 2345 522 521 0 0 0 255 
3 2345 521 2344 0 0 0 255 
3 2345 2344 2346 0 0 0 255 
3 2346 2344 2343 0 0 0 255 
3 2346 2343 2347 0 0 0 255 
3 2347 2343 2342 0 0 0 255 
3 2347 2342 2348 0 0 0 255 
3 2348 2342 2341 0 0 0 255 
3 2348 2341 2349 0 0 0 255 
3 2349 2341 2340 0 0 0 255 
3 2349 2340 2350 0 0 0 255 
3 2350 2340 2339 0 0 0 255 
3 2350 2339 2351 0 0 0 255 
3 2351 2339 2338 0 0 0 255 
3 2351 2338 2352 0 0 0 255 
3 2352 2338 2337 0 0 0 255 
3 2352 2337 2353 0 0 0 255 
3 2353 2337 2336 0 0 0 255 
3 2353 2336 2354 0 0 0 255 
3 2354 2336 2335 0 0 0 255 
3 2354 2335 2355 0 0 0 255 
3 2355 2335 2334 0 0 0 255 
3 2355 2334 2356 0 0 0 255 
3 2356 2334 2333 0 0 0 255 
3 2356 2333 2357 0 0 0 255 
3 2357 2333 2332 0 0 0 255 
3 2357 2332 2358 0 0 0 255 
3 2358 2332 2331 0 0 0 255 
3 2358 2331 2359 0 0 0 255 
3 2359 2331 2330 0 0 0 255 
3 2359 2330 2360 0 0 0 255 
3 2360 2330 2329 0 0 0 255 
3 2360 2329 2361 0 0 0 255 
3 2361 2329 2328 0 0 0 255 
3 2361 2328 2362 0 0 0 255 
3 2362 2328 2327 0 0 0 255 
3 2362 2327 2363 0 0 0 255 
3 2363 2327 2326 0 0 0 255 
3 2363 2326 2364 0 0 0 255 
3 2364 2326 2325 0 0 0 255 
3 2364 2325 2365 0 0 0 255 
3 2365 2325 2324 0 0 0 255 
3 2365 2324 2366 0 0 0 255 
3 2366 2324 2323 0 0 0 255 
3 2366 2323 2367 0 0 0 255 
3 2367 2323 2322 0 0 0 255 
3 2367 2322 2368 0 0 0 255 
3 2368 2322 2321 0 0 0 255 
3 2368 2321 2369 0 0 0 255 
3 2369 2321 2320 0 0 0 255 
3 2369 2320 2370 0 0 0 255 
3 2370 2320 2319 0 0 0 255 
3 2370 2319 2371 0 0 0 255 
3 2371 2319 2318 0 0 0 255 
3 2371 2318 2372 0 0 0 255 
3 2372 2318 2317 0 0 0 255 
3 2372 2317 2373 0 0 0 255 
3 2373 2317 2316 0 0 0 255 
3 2373 2316 2374 0 0 0 255 
3 2374 2316 2315 0 0 0 255 
3 2374 2315 2375 0 0 0 255 
3 2375 2315 2314 0 0 0 255 
3 2375 2314 2376 0 0 0 255 
3 2376 2314 2313 0 0 0 255 
3 2376 2313 2377 0 0 0 255 
3 2377 2313 2312 0 0 0 255 
3 2377 2312 2378 0 0 0 255 
3 2378 2312 2311 0 0 0 255 
3 2378 2311 2379 0 0 0 255 
3 2379 2311 2310 0 0 0 255 
3 2379 2310 2380 0 0 0 255 
3 2380 2310 2309 0 0 0 255 
3 2380 2309 2381 0 0 0 255 
3 2381 2309 2308 0 0 0 255 
3 2381 2308 2382 0 0 0 255 
3 2382 2308 2307 0 0 0 255 
3 2382 2307 2383 0 0 0 255 
3 2383 2307 2306 0 0 0 255 
3 2383 2306 2384 0 0 0 255 
3 2384 2306 2305 0 0 0 255 
3 2384 2305 2385 0 0 0 255 
3 2385 2305 2304 0 0 0 255 
3 2385 2304 2386 0 0 0 255 
3 2386 2304 2303 0 0 0 255 
3 2386 2303 2387 0 0 0 255 
3 2387 2303 2302 0 0 0 255 
3 2387 2302 2388 0 0 0 255 
3 2388 2302 2301 0 0 0 255 
3 2388 2301 2389 0 0 0 255 
3 2389 2301 2300 0 0 0 255 
3 2389 2300 2390 0 0 0 255 
3 2390 2300 2299 0 0 0 255 
3 2390 2299 2391 0 0 0 255 
3 2391 2299 2298 0 0 0 255 
3 2391 2298 2392 0 0 0 255 
3 2392 2298 2297 0 0 0 255 
3 2392 2297 2393 0 0 0 255 
3 2393 2297 2296 0 0 0 255 
3 2393 2296 2394 0 0 0 255 
3 2394 2296 2295 0 0 0 255 
3 2394 2295 2395 0 0 0 255 
3 2395 2295 2294 0 0 0 255 
3 2395 2294 2396 0 0 0 255 
3 2396 2294 2293 0 0 0 255 
3 2396 2293 2397 0 0 0 255 
3 2397 2293 2292 0 0 0 255 
3 2397 2292 2398 0 0 0 255 
3 2398 2292 2291 0 0 0 255 
3 2398 2291 2399 0 0 0 255 
3 2399 2291 2290 0 0 0 255 
3 2399 2290 2400 0 0 0 255 
3 2400 2290 2289 0 0 0 255 
3 2400 2289 2401 0 0 0 255 
3 2401 2289 2288 0 0 0 255 
3 2401 2288 2402 0 0 0 255 
3 2402 2288 2287 0 0 0 255 
3 2402 2287 2403 0 0 0 255 
3 2403 2287 2286 0 0 0 255 
3 2403 2286 2404 0 0 0 255 
3 2404 2286 2285 0 0 0 255 
3 2404 2285 2405 0 0 0 255 
3 2405 2285 2284 0 0 0 255 
3 2405 2284 2406 0 0 0 255 
3 2406 2284 2283 0 0 0 255 
3 2406 2283 2407 0 0 0 255 
3 2407 2283 2282 0 0 0 255 
3 2407 2282 2408 0 0 0 255 
3 2408 2282 2281 0 0 0 255 
3 2408 2281 2409 0 0 0 255 
3 2409 2281 2280 0 0 0 255 
3 2409 2280 2410 0 0 0 255 
3 2410 2280 2279 0 0 0 255 
3 2410 2279 403 0 0 0 255 
3 403 402 2410 0 0 0 255 
3 2410 402 1758 0 0 0 255 
3 2410 1758 2409 0 0 0 255 
3 2409 1758 1757 0 0 0 255 
3 2409 1757 2408 0 0 0 255 
3 2408 1757 1756 0 0 0 255 
3 2408 1756 2407 0 0 0 255 
3 2407 1756 1755 0 0 0 255 
3 2407 1755 2406 0 0 0 255 
3 2406 1755 1754 0 0 0 255 
3 2406 1754 2405 0 0 0 255 
3 2405 1754 1753 0 0 0 255 
3 2405 1753 2404 0 0 0 255 
3 2404 1753 1752 0 0 0 255 
3 2404 1752 2403 0 0 0 255 
3 2403 1752 1751 0 0 0 255 
3 2403 1751 2402 0 0 0 255 
3 2402 1751 1750 0 0 0 255 
3 2402 1750 2401 0 0 0 255 
3 2401 1750 1749 0 0 0 255 
3 2401 1749 2400 0 0 0 255 
3 2400 1749 1748 0 0 0 255 
3 2400 1748 2399 0 0 0 255 
3 2399 1748 1747 0 0 0 255 
3 2399 1747 2398 0 0 0 255 
3 2398 1747 1746 0 0 0 255 
3 2398 1746 2397 0 0 0 255 
3 2397 1746 1745 0 0 0 255 
3 2397 1745 2396 0 0 0 255 
3 2396 1745 1744 0 0 0 255 
3 2396 1744 2395 0 0 0 255 
3 2395 1744 1743 0 0 0 255 
3 2395 1743 2394 0 0 0 255 
3 2394 1743 1742 0 0 0 255 
3 2394 1742 2393 0 0 0 255 
3 2393 1742 1741 0 0 0 255 
3 2393 1741 2392 0 0 0 255 
3 2392 1741 1740 0 0 0 255 
3 2392 1740 2391 0 0 0 255 
3 2391 1740 1739 0 0 0 255 
3 2391 1739 2390 0 0 0 255 
3 2390 1739 1738 0 0 0 255 
3 2390 1738 2389 0 0 0 255 
3 2389 1738 1737 0 0 0 255 
3 2389 1737 2388 0 0 0 255 
3 2388 1737 1736 0 0 0 255 
3 2388 1736 2387 0 0 0 255 
3 2387 1736 1735 0 0 0 255 
3 2387 1735 2386 0 0 0 255 
3 2386 1735 1734 0 0 0 255 
3 2386 1734 2385 0 0 0 255 
3 2385 1734 1733 0 0 0 255 
3 2385 1733 2384 0 0 0 255 
3 2384 1733 1732 0 0 0 255 
3 2384 1732 2383 0 0 0 255 
3 2383 1732 1731 0 0 0 255 
3 2383 1731 2382 0 0 0 255 
3 2382 1731 1730 0 0 0 255 
3 2382 1730 2381 0 0 0 255 
3 2381 1730 1729 0 0 0 255 
3 2381 1729 2380 0 0 0 255 
3 2380 1729 1728 0 0 0 255 
3 2380 1728 2379 0 0 0 255 
3 2379 1728 1727 0 0 0 255 
3 2379 1727 2378 0 0 0 255 
3 2378 1727 1726 0 0 0 255 
3 2378 1726 2377 0 0 0 255 
3 2377 1726 1725 0 0 0 255 
3 2377 1725 2376 0 0 0 255 
3 2376 1725 1724 0 0 0 255 
3 2376 1724 2375 0 0 0 255 
3 2375 1724 1723 0 0 0 255 
3 2375 1723 2374 0 0 0 255 
3 2374 1723 1722 0 0 0 255 
3 2374 1722 2373 0 0 0 255 
3 2373 1722 1721 0 0 0 255 
3 2373 1721 2372 0 0 0 255 
3 2372 1721 1720 0 0 0 255 
3 2372 1720 2371 0 0 0 255 
3 2371 1720 1719 0 0 0 255 
3 2371 1719 2370 0 0 0 255 
3 2370 1719 1718 0 0 0 255 
3 2370 1718 2369 0 0 0 255 
3 2369 1718 1717 0 0 0 255 
3 2369 1717 2368 0 0 0 255 
3 2368 1717 1716 0 0 0 255 
3 2368 1716 2367 0 0 0 255 
3 2367 1716 1715 0 0 0 255 
3 2367 1715 2366 0 0 0 255 
3 2366 1715 1714 0 0 0 255 
3 2366 1714 2365 0 0 0 255 
3 2365 1714 1713 0 0 0 255 
3 2365 1713 2364 0 0 0 255 
3 2364 1713 1712 0 0 0 255 
3 2364 1712 2363 0 0 0 255 
3 2363 1712 1711 0 0 0 255 
3 2363 1711 2362 0 0 0 255 
3 2362 1711 1710 0 0 0 255 
3 2362 1710 2361 0 0 0 255 
3 2361 1710 1709 0 0 0 255 
3 2361 1709 2360 0 0 0 255 
3 2360 1709 1708 0 0 0 255 
3 2360 1708 2359 0 0 0 255 
3 2359 1708 1707 0 0 0 255 
3 2359 1707 2358 0 0 0 255 
3 2358 1707 1706 0 0 0 255 
3 2358 1706 2357 0 0 0 255 
3 2357 1706 1705 0 0 0 255 
3 2357 1705 2356 0 0 0 255 
3 2356 1705 1704 0 0 0 255 
3 2356 1704 2355 0 0 0 255 
3 2355 1704 1703 0 0 0 255 
3 2355 1703 2354 0 0 0 255 
3 2354 1703 1702 0 0 0 255 
3 2354 1702 2353 0 0 0 255 
3 2353 1702 1701 0 0 0 255 
3 2353 1701 2352 0 0 0 255 
3 2352 1701 1700 0 0 0 255 
3 2352 1700 2351 0 0 0 255 
3 2351 1700 1699 0 0 0 255 
3 2351 1699 2350 0 0 0 255 
3 2350 1699 1698 0 0 0 255 
3 2350 1698 2349 0 0 0 255 
3 2349 1698 1697 0 0 0 255 
3 2349 1697 2348 0 0 0 255 
3 2348 1697 1696 0 0 0 255 
3 2348 1696 2347 0 0 0 255 
3 2347 1696 1695 0 0 0 255 
3 2347 1695 2346 0 0 0 255 
3 2346 1695 1694 0 0 0 255 
3 2346 1694 2345 0 0 0 255 
3 2345 1694 1693 0 0 0 255 
